GENE_ID	key	EFFECT	description	confidence	IMPACT	AA_POS	HGVS_P	ALT_FREQ_gen0	ALT_FREQ_gen1_Control	ALT_FREQ_gen2_Control	ALT_FREQ_gen3_Control	ALT_FREQ_gen1_ND	ALT_FREQ_gen2_ND	ALT_FREQ_gen3_ND	Delta_gen1_gen3_Control	Delta_gen1_gen3_ND	Delta_diff_Control_vs_ND_gen1_gen3	p_treatment_diff_empirical	p_treatment_diff_BH	SIG_treatment_diff
S.CEREALE.LO7.r2.1RG00003860	chr1R_24885907_T_C	intron_variant	unknown protein	high	MODIFIER			0.125	0.103448275862069	0	0	0.110271903323263	0	0	-0.103448275862069	-0.110271903323263	0.00682362746119387	0.237157628423716	0.367228662515137	FALSE
S.CEREALE.LO7.r2.1RG00003860	chr1R_24885972_G_C	intron_variant	unknown protein	high	MODIFIER			0.0940438871473354	0.0479651162790698	0	0	0.0379939209726444	0	0	-0.0479651162790698	-0.0379939209726444	-0.00997119530642539	0.69030309696903	0.781454230546261	FALSE
S.CEREALE.LO7.r2.1RG00007560	chr1R_35524319_C_A	upstream_gene_variant	uniref100 receptor serine threonine protein kinase n=2 tax=arabidopsis thaliana taxid=3702 arath	high	MODIFIER			0.0451807228915663	0.0400593471810089	0	0	0.0419161676646707	0	0	-0.0400593471810089	-0.0419161676646707	0.00185682048366175	0.340176598234018	0.466222745179956	FALSE
S.CEREALE.LO7.r2.1RG00007570	chr1R_35524319_C_A	downstream_gene_variant	uniref100 receptor serine threonine protein kinase n=2 tax=arabidopsis thaliana taxid=3702 arath	high	MODIFIER			0.0451807228915663	0.0400593471810089	0	0	0.0419161676646707	0	0	-0.0400593471810089	-0.0419161676646707	0.00185682048366175	0.340176598234018	0.466222745179956	FALSE
S.CEREALE.LO7.r2.1RG00012110	chr1R_57575683_T_C	upstream_gene_variant	unknown protein	high	MODIFIER			0.0638297872340426	0.0664739884393064	0	0	0.0645645645645646	0.00200803212851406	0	-0.0664739884393064	-0.0645645645645646	-0.00190942387474179	9.99990000099999e-6	4.88189562548819e-5	TRUE
S.CEREALE.LO7.r2.1RG00014270	chr1R_67006648_A_C	downstream_gene_variant	unknown protein	low	MODIFIER			0.493957703927493	0.507142857142857	0.347593582887701	0.391625615763547	0.501440922190202	0.333333333333333	0.370283018867925	-0.11551724137931	-0.131157903322277	0.0156406619429669	0.718512814871851	0.806892186669188	FALSE
S.CEREALE.LO7.r2.1RG00014270	chr1R_67006673_C_T	downstream_gene_variant	unknown protein	low	MODIFIER			0.294561933534743	0.232857142857143	0.00802139037433155	0.0147783251231527	0.270893371757925	0.00460829493087558	0.00704225352112676	-0.21807881773399	-0.263851118236798	0.0457723005028082	9.99990000099999e-6	4.88189562548819e-5	TRUE
S.CEREALE.LO7.r2.1RG00014280	chr1R_67006648_A_C	missense_variant	uniref100 wall associated receptor kinase n=1 tax=arabidopsis thaliana taxid=3702 arath	high	MODERATE	262/485	p.Glu262Ala	0.493957703927493	0.507142857142857	0.347593582887701	0.391625615763547	0.501440922190202	0.333333333333333	0.370283018867925	-0.11551724137931	-0.131157903322277	0.0156406619429669	0.718512814871851	0.806892186669188	FALSE
S.CEREALE.LO7.r2.1RG00014280	chr1R_67006673_C_T	synonymous_variant	uniref100 wall associated receptor kinase n=1 tax=arabidopsis thaliana taxid=3702 arath	high	LOW	270/485	p.Tyr270Tyr	0.294561933534743	0.232857142857143	0.00802139037433155	0.0147783251231527	0.270893371757925	0.00460829493087558	0.00704225352112676	-0.21807881773399	-0.263851118236798	0.0457723005028082	9.99990000099999e-6	4.88189562548819e-5	TRUE
S.CEREALE.LO7.r2.1RG00014910	chr1R_71267082_C_T	synonymous_variant	uniref100 interactor of constitutive active rops 2 n=1 tax=arabidopsis thaliana taxid=3702 arath	high	LOW	463/615|462/614	p.Leu463Leu|p.Leu462Leu	0.119822485207101	0.109065155807365	0	0	0.164723032069971	0.00638297872340426	0	-0.109065155807365	-0.164723032069971	0.0556578762626054	9.99990000099999e-6	4.88189562548819e-5	TRUE
S.CEREALE.LO7.r2.1RG00014920	chr1R_71267082_C_T	downstream_gene_variant	uniref100 spx domain containing membrane protein n=1 tax=arabidopsis thaliana taxid=3702 arath	high	MODIFIER			0.119822485207101	0.109065155807365	0	0	0.164723032069971	0.00638297872340426	0	-0.109065155807365	-0.164723032069971	0.0556578762626054	9.99990000099999e-6	4.88189562548819e-5	TRUE
S.CEREALE.LO7.r2.1RG00018600	chr1R_102334934_C_G	3_prime_UTR_variant	uniref100 b3 domain containing protein n=1 tax=oryza sativa subsp japonica taxid=39947 orysj	high	MODIFIER			0.0630914826498423	0.0438066465256798	0	0	0.04	0.00219298245614035	0	-0.0438066465256798	-0.04	-0.00380664652567976	9.99990000099999e-6	4.88189562548819e-5	TRUE
S.CEREALE.LO7.r2.1RG00025050	chr1R_166530784_C_T	synonymous_variant	uniref100 dna directed rna polymerase subunit beta n=1 taxid=15368 repid=rpoc1	high	LOW	115/1398	p.Ile115Ile	0.0195783132530121	0.0241691842900302	0	0	0.021865889212828	0	0	-0.0241691842900302	-0.021865889212828	-0.00230329507720222	0.943880561194388	0.961663818144427	FALSE
S.CEREALE.LO7.r2.1RG00036470	chr1R_401284958_C_G	missense_variant		low	MODERATE	98/109	p.Pro98Arg	0.0133136094674556	0.0181058495821727	0	0	0.0172413793103448	0	0	-0.0181058495821727	-0.0172413793103448	-8.6447027182787e-4	0.766412335876641	0.841051153351395	FALSE
S.CEREALE.LO7.r2.1RG00039110	chr1R_434125669_G_A	downstream_gene_variant	uniref100 aldo keto reductase family member n=2 tax=arabidopsis thaliana taxid=3702 arath	high	MODIFIER			0.157738095238095	0.183760683760684	0	0.0023696682464455	0.193181818181818	0	0.00252525252525253	-0.181391015514238	-0.190656565656566	0.00926555014232738	0.0787592124078759	0.160022330412534	FALSE
S.CEREALE.LO7.r2.1RG00039120	chr1R_434125669_G_A	synonymous_variant	uniref100 cystathionine gamma 1 chloroplastic n=2 tax=arabidopsis thaliana taxid=3702 arath	high	LOW	316/460	p.Ala316Ala	0.157738095238095	0.183760683760684	0	0.0023696682464455	0.193181818181818	0	0.00252525252525253	-0.181391015514238	-0.190656565656566	0.00926555014232738	0.0787592124078759	0.160022330412534	FALSE
S.CEREALE.LO7.r2.1RG00040020	chr1R_445152582_G_A	intron_variant	expressed protein	high	MODIFIER			0.0906344410876133	0.0911764705882353	0	0	0.103801169590643	0	0	-0.0911764705882353	-0.103801169590643	0.012624699002408	0.134488655113449	0.241804410600395	FALSE
S.CEREALE.LO7.r2.1RG00048290	chr1R_536035299_T_G	downstream_gene_variant	unknown protein	high	MODIFIER			0.187878787878788	0.15015015015015	0	0.00460829493087558	0.184593023255814	0.0148305084745763	0.0125628140703518	-0.145541855219275	-0.172030209185462	0.0264883539661876	9.99990000099999e-6	4.88189562548819e-5	TRUE
S.CEREALE.LO7.r2.1RG00048290	chr1R_536035300_G_A	downstream_gene_variant	unknown protein	high	MODIFIER			0.0731707317073171	0.0784615384615385	0.00540540540540541	0.0025	0.0865102639296188	0	0	-0.0759615384615385	-0.0865102639296188	0.0105487254680803	9.99990000099999e-6	4.88189562548819e-5	TRUE
S.CEREALE.LO7.r2.1RG00048300	chr1R_536035299_T_G	5_prime_UTR_premature_start_codon_gain_variant|5_prime_UTR_variant	uniref100 protein c2 domain aba n=1 tax=arabidopsis thaliana taxid=3702 arath	high	LOW|MODIFIER			0.187878787878788	0.15015015015015	0	0.00460829493087558	0.184593023255814	0.0148305084745763	0.0125628140703518	-0.145541855219275	-0.172030209185462	0.0264883539661876	9.99990000099999e-6	4.88189562548819e-5	TRUE
S.CEREALE.LO7.r2.1RG00048300	chr1R_536035300_G_A	5_prime_UTR_variant	uniref100 protein c2 domain aba n=1 tax=arabidopsis thaliana taxid=3702 arath	high	MODIFIER			0.0731707317073171	0.0784615384615385	0.00540540540540541	0.0025	0.0865102639296188	0	0	-0.0759615384615385	-0.0865102639296188	0.0105487254680803	9.99990000099999e-6	4.88189562548819e-5	TRUE
S.CEREALE.LO7.r2.1RG00048850	chr1R_540441115_C_T	3_prime_UTR_variant	uniref100 eh domain containing protein n=1 tax=arabidopsis thaliana taxid=3702 arath	high	MODIFIER			0.25366568914956	0.271708683473389	0	0.00248756218905473	0.245014245014245	0.00216450216450216	0	-0.269221121284335	-0.245014245014245	-0.0242068762700896	9.99990000099999e-6	4.88189562548819e-5	TRUE
S.CEREALE.LO7.r2.1RG00048860	chr1R_540441115_C_T	downstream_gene_variant	uniref100 f box fbd lrr repeat protein n=1 tax=arabidopsis thaliana taxid=3702 arath	high	MODIFIER			0.25366568914956	0.271708683473389	0	0.00248756218905473	0.245014245014245	0.00216450216450216	0	-0.269221121284335	-0.245014245014245	-0.0242068762700896	9.99990000099999e-6	4.88189562548819e-5	TRUE
S.CEREALE.LO7.r2.1RG00050140	chr1R_556839243_A_T	upstream_gene_variant	q9sd53 upf protein n=1 taxid=3702	high	MODIFIER			0.0764119601328904	0.0982142857142857	0	0	0.0918674698795181	0	0	-0.0982142857142857	-0.0918674698795181	-0.00634681583476764	0.638323616763832	0.74790250430829	FALSE
S.CEREALE.LO7.r2.1RG00052390	chr1R_584690779_G_A	synonymous_variant	uniref100 q9zt66 endo 1 4 beta d glucanase n= tax=zea mays taxid=4577 repid=e134 maize	high	LOW	105/316|100/311	p.Leu105Leu|p.Leu100Leu	0.136764705882353	0.126721763085399	0	0	0.149295774647887	0	0	-0.126721763085399	-0.149295774647887	0.0225740115624879	0.054839451605483903	0.118258081222869	FALSE
S.CEREALE.LO7.r2.1RG00052580	chr1R_586169495_A_G	intron_variant	embryogenesis associated protein emb	high	MODIFIER			0.385074626865672	0.359420289855072	0.139705882352941	0.182741116751269	0.34971098265896	0.170258620689655	0.147887323943662	-0.176679173103803	-0.201823658715298	0.0251444856114942	0.528764712352877	0.650883001659494	FALSE
S.CEREALE.LO7.r2.1RG00053960	chr1R_599428398_A_G	intron_variant	vacuolar proton atpase c subunit	high	MODIFIER			0.0370919881305638	0.0311614730878187	0.00239234449760766	0	0.0428571428571429	0	0	-0.0311614730878187	-0.0428571428571429	0.0116956697693242	9.99990000099999e-6	4.88189562548819e-5	TRUE
S.CEREALE.LO7.r2.1RG00054700	chr1R_608570490_C_T	upstream_gene_variant	50s ribosomal protein l17 chloroplastic n=2 taxid=3702 repid=rk17	high	MODIFIER			0.0307692307692308	0.0349544072948328	0	0	0.0374251497005988	0	0	-0.0349544072948328	-0.0374251497005988	0.00247074240576597	0.32749672503275	0.455000390707555	FALSE
S.CEREALE.LO7.r2.1RG00054710	chr1R_608570490_C_T	intron_variant	q5zej0 very long chain 3r 3 hydroxyacyl coa dehydratase n=5 taxid=4530	high	MODIFIER			0.0307692307692308	0.0349544072948328	0	0	0.0374251497005988	0	0	-0.0349544072948328	-0.0374251497005988	0.00247074240576597	0.32749672503275	0.455000390707555	FALSE
S.CEREALE.LO7.r2.1RG00058520	chr1R_641111342_C_G	synonymous_variant	uniref100 cyclin b1 1 n=2 tax=arabidopsis thaliana taxid=3702 arath	high	LOW	318/441	p.Val318Val	0.084070796460177	0.0977961432506887	0	0	0.0805084745762712	0.00200803212851406	0	-0.0977961432506887	-0.0805084745762712	-0.0172876686744175	9.99990000099999e-6	4.88189562548819e-5	TRUE
S.CEREALE.LO7.r2.1RG00059450	chr1R_648113960_C_G	downstream_gene_variant	uniref100 cyclin dependent kinase a 1 n= tax=oryza sativa subsp japonica taxid=39947 orysj	high	MODIFIER			0.271513353115727	0.179775280898876	0.0124378109452736	0.0386363636363636	0.186609686609687	0.0210084033613445	0.0091324200913242	-0.141138917262513	-0.177477266518362	0.0363383492558496	9.99990000099999e-6	4.88189562548819e-5	TRUE
S.CEREALE.LO7.r2.1RG00059460	chr1R_648113960_C_G	synonymous_variant	uniref100 molecular mass early light inducible protein hv chloroplastic n=1 tax=hordeum vulgare taxid=4513 horvu	high	LOW	167/191	p.Gly167Gly	0.271513353115727	0.179775280898876	0.0124378109452736	0.0386363636363636	0.186609686609687	0.0210084033613445	0.0091324200913242	-0.141138917262513	-0.177477266518362	0.0363383492558496	9.99990000099999e-6	4.88189562548819e-5	TRUE
S.CEREALE.LO7.r2.1RG00059470	chr1R_648113960_C_G	downstream_gene_variant		low	MODIFIER			0.271513353115727	0.179775280898876	0.0124378109452736	0.0386363636363636	0.186609686609687	0.0210084033613445	0.0091324200913242	-0.141138917262513	-0.177477266518362	0.0363383492558496	9.99990000099999e-6	4.88189562548819e-5	TRUE
S.CEREALE.LO7.r2.1RG00060130	chr1R_651781680_C_T	5_prime_UTR_variant	uniref100 peroxidase n=1 tax=arabidopsis thaliana taxid=3702 arath	high	MODIFIER			0.0419161676646707	0.0502873563218391	0	0	0.0411764705882353	0.00230414746543779	0	-0.0502873563218391	-0.0411764705882353	-0.00911088573360379	9.99990000099999e-6	4.88189562548819e-5	TRUE
S.CEREALE.LO7.r2.1RG00060140	chr1R_651781680_C_T	downstream_gene_variant	unknown protein	high	MODIFIER			0.0419161676646707	0.0502873563218391	0	0	0.0411764705882353	0.00230414746543779	0	-0.0502873563218391	-0.0411764705882353	-0.00911088573360379	9.99990000099999e-6	4.88189562548819e-5	TRUE
S.CEREALE.LO7.r2.1RG00061120	chr1R_656962197_C_A	synonymous_variant	uniref100 udp glycosyltransferase 91c1 n=3 tax=arabidopsis thaliana taxid=3702 arath	high	LOW	410/453	p.Leu410Leu	0.414705882352941	0.425414364640884	0.0593220338983051	0.085	0.441428571428571	0.0975609756097561	0.114754098360656	-0.340414364640884	-0.326674473067916	-0.0137398915729683	0.0701092989070109	0.144961285681261	FALSE
S.CEREALE.LO7.r2.1RG00061120	chr1R_656962260_C_G	missense_variant	uniref100 udp glycosyltransferase 91c1 n=3 tax=arabidopsis thaliana taxid=3702 arath	high	MODERATE	389/453	p.Lys389Asn	0.705882352941177	0.69475138121547	0.511173184357542	0.47029702970297	0.659604519774011	0.483412322274882	0.423280423280423	-0.224454351512499	-0.236324096493588	0.0118697449810886	0.86990130098699	0.910030676478949	FALSE
S.CEREALE.LO7.r2.1RG00066000	chr1R_687410348_G_A	downstream_gene_variant	unknown protein	high	MODIFIER			0.275602409638554	0.251461988304094	0.0131578947368421	0.0168539325842697	0.256756756756757	0.018018018018018	0.0076530612244898	-0.234608055719824	-0.249103695532267	0.014495639812443	0.003269967300327	0.0105934885351607	TRUE
S.CEREALE.LO7.r2.1RG00066580	chr1R_691534035_G_A	synonymous_variant	uniref100 g type lectin s receptor serine threonine protein kinase n=1 tax=arabidopsis thaliana taxid=3702 arath	high	LOW	713/806	p.Leu713Leu	0.00934579439252336	0.0234604105571848	0	0	0.0187319884726225	0	0	-0.0234604105571848	-0.0187319884726225	-0.00472842208456227	0.907990920090799	0.935949584785677	FALSE
S.CEREALE.LO7.r2.1RG00066580	chr1R_691534048_C_T	synonymous_variant	uniref100 g type lectin s receptor serine threonine protein kinase n=1 tax=arabidopsis thaliana taxid=3702 arath	high	LOW	708/806	p.Val708Val	0.06	0.0425219941348974	0	0.00452488687782806	0.0489913544668588	0	0	-0.0379971072570693	-0.0489913544668588	0.0109942472097895	9.99990000099999e-6	4.88189562548819e-5	TRUE
S.CEREALE.LO7.r2.1RG00067680	chr1R_697482721_G_T	missense_variant	uniref100 f box fbd lrr repeat protein n=1 tax=arabidopsis thaliana taxid=3702 arath	high	MODERATE	300/512	p.Ala300Ser	0.0516224188790561	0.0323943661971831	0	0	0.0440340909090909	0	0	-0.0323943661971831	-0.0440340909090909	0.0116397247119078	0.101178988210118	0.192761053419276	FALSE
S.CEREALE.LO7.r2.1RG00068630	chr1R_703117269_G_A	downstream_gene_variant	uniref100 mitogen activated protein kinase n=1 tax=arabidopsis thaliana taxid=3702 arath	high	MODIFIER			0.18955223880597	0.186416184971098	0.095959595959596	0.0637254901960784	0.194690265486726	0.0754310344827586	0.0697115384615385	-0.12269069477502	-0.124978727025187	0.00228803225016735	0.713012869871301	0.80199687603124	FALSE
S.CEREALE.LO7.r2.1RG00068630	chr1R_703117340_A_G	downstream_gene_variant	uniref100 mitogen activated protein kinase n=1 tax=arabidopsis thaliana taxid=3702 arath	high	MODIFIER			0.276119402985075	0.299132947976879	0.185929648241206	0.191176470588235	0.278425655976676	0.196581196581197	0.186602870813397	-0.107956477388643	-0.0918227851632793	-0.0161336922253641	0.651523484765152	0.7550630918732	FALSE
S.CEREALE.LO7.r2.1RG00070700	chr1R_714633578_C_G	upstream_gene_variant	uniref100 heat stress transcription factor a 2 n=1 tax=arabidopsis thaliana taxid=3702 arath	high	MODIFIER			0.237313432835821	0.263380281690141	0.021505376344086	0.029126213592233	0.299703264094956	0.0576923076923077	0.0761904761904762	-0.234254068097908	-0.223512787904479	-0.0107412801934285	9.99990000099999e-6	4.88189562548819e-5	TRUE
S.CEREALE.LO7.r2.1RG00070710	chr1R_714633578_C_G	downstream_gene_variant		low	MODIFIER			0.237313432835821	0.263380281690141	0.021505376344086	0.029126213592233	0.299703264094956	0.0576923076923077	0.0761904761904762	-0.234254068097908	-0.223512787904479	-0.0107412801934285	9.99990000099999e-6	4.88189562548819e-5	TRUE
S.CEREALE.LO7.r2.1RG00070720	chr1R_714633578_C_G	missense_variant	uniref100 f box protein n=1 tax=arabidopsis thaliana taxid=3702 arath	high	MODERATE	85/399	p.Ala85Gly	0.237313432835821	0.263380281690141	0.021505376344086	0.029126213592233	0.299703264094956	0.0576923076923077	0.0761904761904762	-0.234254068097908	-0.223512787904479	-0.0107412801934285	9.99990000099999e-6	4.88189562548819e-5	TRUE
S.CEREALE.LO7.r2.1RG00070730	chr1R_714633578_C_G	downstream_gene_variant	uniref100 1 2 dihydroxy keto methylthiopentene dioxygenase n= taxid=29760	high	MODIFIER			0.237313432835821	0.263380281690141	0.021505376344086	0.029126213592233	0.299703264094956	0.0576923076923077	0.0761904761904762	-0.234254068097908	-0.223512787904479	-0.0107412801934285	9.99990000099999e-6	4.88189562548819e-5	TRUE
S.CEREALE.LO7.r2.1RG00071310	chr1R_716807294_A_T	missense_variant	uniref100 disease resistance protein n=1 tax=arabidopsis thaliana taxid=3702 arath	high	MODERATE	121/1280	p.Leu121Met	0.0373134328358209	0.0425219941348974	0	0	0.0365497076023392	0	0.00226244343891403	-0.0425219941348974	-0.0342872641634252	-0.0082347299714722	9.99990000099999e-6	4.88189562548819e-5	TRUE
S.CEREALE.LO7.r2.1RG00071320	chr1R_716807294_A_T	downstream_gene_variant	pre rrna processing protein esf	high	MODIFIER			0.0373134328358209	0.0425219941348974	0	0	0.0365497076023392	0	0.00226244343891403	-0.0425219941348974	-0.0342872641634252	-0.0082347299714722	9.99990000099999e-6	4.88189562548819e-5	TRUE
S.CEREALE.LO7.r2.1RG00071570	chr1R_717901302_C_T	missense_variant		low	MODERATE	523/576	p.Gly523Asp	0.0078125	0.0190058479532164	0	0	0.0180722891566265	0	0	-0.0190058479532164	-0.0180722891566265	-9.3355879658986e-4	0.759542404575954	0.836407614014627	FALSE
S.CEREALE.LO7.r2.1RG00072470	chr1R_721183445_A_G	intron_variant	uniref100 q9lu21 photosynthetic ndh subunit of subcomplex b 3 chloroplastic n=1 tax=arabidopsis thaliana taxid=3702 repid=pnsb3 arath	high	MODIFIER			0.105029585798817	0.120396600566572	0.0521472392638037	0.0233918128654971	0.0871428571428572	0.0257009345794393	0.0142857142857143	-0.0970047877010752	-0.0728571428571429	-0.0241476448439323	0.285007149928501	0.410573824589623	FALSE
S.CEREALE.LO7.r2.1RG00072470	chr1R_721183481_G_A	intron_variant	uniref100 q9lu21 photosynthetic ndh subunit of subcomplex b 3 chloroplastic n=1 tax=arabidopsis thaliana taxid=3702 repid=pnsb3 arath	high	MODIFIER			0.455621301775148	0.444915254237288	0.156441717791411	0.215116279069767	0.44	0.217289719626168	0.168571428571429	-0.229798975167521	-0.271428571428571	0.0416295962610508	0.388946110538895	0.508232557079634	FALSE
S.CEREALE.LO7.r2.1RG00074380	chr1R_731431136_A_C	missense_variant	uniref100 gibberellin 2 beta dioxygenase n=1 tax=arabidopsis thaliana taxid=3702 arath	high	MODERATE	320/354	p.Asn320His	0.0861538461538462	0.119402985074627	0.00761421319796954	0.00980392156862745	0.0817901234567901	0.00206611570247934	0.00460829493087558	-0.109599063505999	-0.0771818285259146	-0.0324172349800849	0.00685993140068599	0.0201231737682623	TRUE
S.CEREALE.LO7.r2.1RG00074540	chr1R_732306305_A_G	splice_region_variant&intron_variant	3 deoxy manno octulosonate cytidylyltransferase n=1 taxid=4577 repid=kdsb	high	LOW			0.155384615384615	0.112391930835735	0	0	0.135093167701863	0.00448430493273543	0.0023696682464455	-0.112391930835735	-0.132723499455418	0.020331568619683	9.99990000099999e-6	4.88189562548819e-5	TRUE
S.CEREALE.LO7.r2.1RG00076580	chr1R_739524616_G_A	missense_variant	uniref100 wrky transcription factor n=1 tax=oryza sativa subsp taxid=39946 repid=wrk24	high	MODERATE	344/408	p.Ala344Thr	0.0414201183431953	0.0323943661971831	0	0	0.0409604519774011	0	0	-0.0323943661971831	-0.0409604519774011	0.00856608578021803	0.139358606413936	0.249179862631753	FALSE
S.CEREALE.LO7.r2.1RG00079640	chr1R_752714265_T_C	missense_variant	uniref100 f box fbd lrr repeat protein n=1 tax=arabidopsis thaliana taxid=3702 arath	high	MODERATE	167/446	p.Gln167Arg	0.263392857142857	0.249283667621777	0.00510204081632653	0	0.226744186046512	0.00429184549356223	0.00241545893719807	-0.249283667621777	-0.224328727109314	-0.024954940512463	9.99990000099999e-6	4.88189562548819e-5	TRUE
S.CEREALE.LO7.r2.1RG00082270	chr1R_761315557_C_G	downstream_gene_variant	uniref100 protein tesmin tso cxc n=1 tax=arabidopsis thaliana taxid=3702 arath	high	MODIFIER			0.442598187311178	0.431034482758621	0	0.00256410256410256	0.417613636363636	0.00460829493087558	0	-0.428470380194518	-0.417613636363636	-0.0108567438308818	0.289367106328937	0.413465601116347	FALSE
S.CEREALE.LO7.r2.1RG00082910	chr1R_762186136_G_A	downstream_gene_variant	uniref100 aaa atpase n=1 tax=arabidopsis thaliana taxid=3702 arath	high	MODIFIER			0.110942249240122	0.143059490084986	0.00512820512820513	0	0.142651296829971	0	0.00265957446808511	-0.143059490084986	-0.139991722361886	-0.00306776772309975	0.476375236247638	0.600164500147113	FALSE
S.CEREALE.LO7.r2.1RG00082920	chr1R_762186136_G_A	missense_variant	uniref100 lysine specific demethylase jmj n=1 tax=oryza sativa subsp japonica taxid=39947 orysj	high	MODERATE	990/1287|989/1286	p.Pro990Ser|p.Pro989Ser	0.110942249240122	0.143059490084986	0.00512820512820513	0	0.142651296829971	0	0.00265957446808511	-0.143059490084986	-0.139991722361886	-0.00306776772309975	0.476375236247638	0.600164500147113	FALSE
S.CEREALE.LO7.r2.1RG00084940	chr1R_768795808_G_C	intron_variant	uniref100 dna damage binding protein n=1 tax=arabidopsis thaliana taxid=3702 arath	high	MODIFIER			0.0384615384615385	0.0257142857142857	0	0	0.0289634146341463	0	0	-0.0257142857142857	-0.0289634146341463	0.00324912891986063	0.35179648203518	0.478932657481936	FALSE
S.CEREALE.LO7.r2.2RG00090210	chr2R_42788455_G_T	downstream_gene_variant	unknown protein	low	MODIFIER			0.0929203539823009	0.107954545454545	0	0	0.0968660968660969	0	0	-0.107954545454545	-0.0968660968660969	-0.0110884485884486	0.674793252067479	0.76884871345776	FALSE
S.CEREALE.LO7.r2.2RG00090220	chr2R_42788455_G_T	missense_variant	uniref100 cryptochrome dash chloroplastic mitochondrial n=1 tax=arabidopsis thaliana taxid=3702 repid=cryd arath	high	MODERATE	241/582	p.Pro241Gln	0.0929203539823009	0.107954545454545	0	0	0.0968660968660969	0	0	-0.107954545454545	-0.0968660968660969	-0.0110884485884486	0.674793252067479	0.76884871345776	FALSE
S.CEREALE.LO7.r2.2RG00090230	chr2R_42788455_G_T	downstream_gene_variant	uniref100 glutamate trna ligase chloroplastic mitochondrial n=3 tax=arabidopsis thaliana taxid=3702 arath	high	MODIFIER			0.0929203539823009	0.107954545454545	0	0	0.0968660968660969	0	0	-0.107954545454545	-0.0968660968660969	-0.0110884485884486	0.674793252067479	0.76884871345776	FALSE
S.CEREALE.LO7.r2.2RG00094090	chr2R_63595914_C_T	intron_variant	s acyltransferase	high	MODIFIER			0.457703927492447	0.494100294985251	0.245901639344262	0.228723404255319	0.485207100591716	0.269585253456221	0.23936170212766	-0.265376890729932	-0.245845398464056	-0.0195314922658752	0.564354356456435	0.678136290309452	FALSE
S.CEREALE.LO7.r2.2RG00094100	chr2R_63595914_C_T	upstream_gene_variant	uniref100 o acyltransferase n=1 taxid=3999	high	MODIFIER			0.457703927492447	0.494100294985251	0.245901639344262	0.228723404255319	0.485207100591716	0.269585253456221	0.23936170212766	-0.265376890729932	-0.245845398464056	-0.0195314922658752	0.564354356456435	0.678136290309452	FALSE
S.CEREALE.LO7.r2.2RG00094200	chr2R_63764857_G_T	synonymous_variant		low	LOW	37/923	p.Pro37Pro	0.0229357798165138	0.0545977011494253	0	0	0.043731778425656	0	0	-0.0545977011494253	-0.043731778425656	-0.0108659227237693	0.97810021899781	0.98089080450137	FALSE
S.CEREALE.LO7.r2.2RG00094510	chr2R_64352780_G_A	downstream_gene_variant	uniref100 pyruvate decarboxylase n=2 tax=oryza sativa subsp japonica taxid=39947 repid=pdc1 orysj	low	MODIFIER			0.0667655786350148	0.0778097982708934	0	0	0.0706051873198847	0	0	-0.0778097982708934	-0.0706051873198847	-0.00720461095100865	0.778172218277817	0.849464393554822	FALSE
S.CEREALE.LO7.r2.2RG00098740	chr2R_81021717_T_C	missense_variant	unknown protein	high	MODERATE	642/761	p.Val642Ala	0.197819314641745	0.206140350877193	0.00261780104712042	0.00234741784037559	0.16566265060241	0.00218340611353712	0	-0.203792933036817	-0.16566265060241	-0.0381302824344077	9.99990000099999e-6	4.88189562548819e-5	TRUE
S.CEREALE.LO7.r2.2RG00100120	chr2R_89388783_G_A	upstream_gene_variant	unknown protein	high	MODIFIER			0.0864779874213837	0.0865102639296188	0	0	0.107462686567164	0.00222222222222222	0.00245098039215686	-0.0865102639296188	-0.105011706175007	0.0185014422453885	9.99990000099999e-6	4.88189562548819e-5	TRUE
S.CEREALE.LO7.r2.2RG00100120	chr2R_89388787_A_G	upstream_gene_variant	unknown protein	high	MODIFIER			0.200626959247649	0.230882352941177	0.047979797979798	0.0533333333333333	0.241017964071856	0.0294117647058824	0.0315315315315315	-0.177549019607843	-0.209486432540325	0.0319374129324816	4.9999500005e-5	2.2106697172022e-4	TRUE
S.CEREALE.LO7.r2.2RG00101650	chr2R_104619652_T_C	intron_variant	uniref100 zinc finger ccch domain containing protein n=1 tax=oryza sativa subsp japonica taxid=39947 orysj	high	MODIFIER			0.0855457227138643	0.132022471910112	0	0	0.112676056338028	0	0	-0.132022471910112	-0.112676056338028	-0.0193464155720842	0.945450545494545	0.961869368281715	FALSE
S.CEREALE.LO7.r2.2RG00102530	chr2R_112605632_C_T	upstream_gene_variant	protein kinase apk1a chloroplastic	high	MODIFIER			0.0342261904761905	0.0326704545454545	0	0.00232558139534884	0.0405797101449275	0	0	-0.0303448731501057	-0.0405797101449275	0.0102348369948218	9.99990000099999e-6	4.88189562548819e-5	TRUE
S.CEREALE.LO7.r2.2RG00102530	chr2R_112605638_G_A	upstream_gene_variant	protein kinase apk1a chloroplastic	high	MODIFIER			0.0654761904761905	0.0538243626062323	0	0	0.0708092485549133	0	0	-0.0538243626062323	-0.0708092485549133	0.016984885948681	0.0540294597054029	0.11723058695339	FALSE
S.CEREALE.LO7.r2.2RG00106750	chr2R_139011518_T_C	synonymous_variant	uniref100 udp glycosyltransferase n=2 tax=arabidopsis thaliana taxid=3702 arath	high	LOW	149/466	p.Ala149Ala	0.316715542521994	0.363509749303621	0	0	0.320916905444126	0	0	-0.363509749303621	-0.320916905444126	-0.0425928438594951	0.891421085789142	0.927025182410898	FALSE
S.CEREALE.LO7.r2.2RG00106760	chr2R_139011518_T_C	upstream_gene_variant	uniref100 rna pseudouridine synthase 6 chloroplastic n=2 tax=arabidopsis thaliana taxid=3702 arath	high	MODIFIER			0.316715542521994	0.363509749303621	0	0	0.320916905444126	0	0	-0.363509749303621	-0.320916905444126	-0.0425928438594951	0.891421085789142	0.927025182410898	FALSE
S.CEREALE.LO7.r2.2RG00109660	chr2R_160094518_G_T	missense_variant	uniref100 q9sl76 protein phosphatase 2c and cyclic nucleotide binding kinase domain containing n=1 tax=arabidopsis thaliana taxid=3702 repid=p2c19 arath	high	MODERATE	432/476	p.Gly432Val	0.282991202346041	0.30939226519337	0.0076530612244898	0	0.303672316384181	0.00462962962962963	0.00242718446601942	-0.30939226519337	-0.301245131918161	-0.00814713327520877	0.03869961300387	0.0894928550714493	FALSE
S.CEREALE.LO7.r2.2RG00109670	chr2R_160094518_G_T	downstream_gene_variant	uniref100 sac family protein n=1 tax=arabidopsis thaliana taxid=3702 arath	high	MODIFIER			0.282991202346041	0.30939226519337	0.0076530612244898	0	0.303672316384181	0.00462962962962963	0.00242718446601942	-0.30939226519337	-0.301245131918161	-0.00814713327520877	0.03869961300387	0.0894928550714493	FALSE
S.CEREALE.LO7.r2.2RG00112360	chr2R_182659492_C_G	upstream_gene_variant	uniref100 transcription factor myb n=1 tax=arabidopsis thaliana taxid=3702 arath	high	MODIFIER			0.0857988165680473	0.104456824512535	0	0	0.0694050991501416	0	0	-0.104456824512535	-0.0694050991501416	-0.0350517253623932	0.116348836511635	0.215245347546525	FALSE
S.CEREALE.LO7.r2.2RG00114060	chr2R_200074071_A_T	intron_variant	uniref100 40s ribosomal protein sa n=1 taxid=3827 repid=rssa	high	MODIFIER			0.122699386503067	0.0783699059561129	0	0.00248756218905473	0.0865102639296188	0	0.00242718446601942	-0.0758823437670581	-0.0840830794635994	0.00820073569654123	0.175248247517525	0.291941985793412	FALSE
S.CEREALE.LO7.r2.2RG00114070	chr2R_200074071_A_T	upstream_gene_variant	dhh hvul hector ay642926 1 hordeum vulgare dna transposon helitron helicase	high	MODIFIER			0.122699386503067	0.0783699059561129	0	0.00248756218905473	0.0865102639296188	0	0.00242718446601942	-0.0758823437670581	-0.0840830794635994	0.00820073569654123	0.175248247517525	0.291941985793412	FALSE
S.CEREALE.LO7.r2.2RG00114110	chr2R_200332543_C_T	downstream_gene_variant	p4 3 oxoacyl [acyl carrier protein] synthase n=2 taxid=3702	high	MODIFIER			0.0787037037037037	0.0650969529085873	0	0	0.0549295774647887	0	0	-0.0650969529085873	-0.0549295774647887	-0.0101673754437985	0.964480355196448	0.971389240262325	FALSE
S.CEREALE.LO7.r2.2RG00114120	chr2R_200332543_C_T	intron_variant	unknown protein	high	MODIFIER			0.0787037037037037	0.0650969529085873	0	0	0.0549295774647887	0	0	-0.0650969529085873	-0.0549295774647887	-0.0101673754437985	0.964480355196448	0.971389240262325	FALSE
S.CEREALE.LO7.r2.2RG00115060	chr2R_211180186_C_G	downstream_gene_variant		low	MODIFIER			0.1296875	0.0990566037735849	0.00259067357512953	0	0.115269461077844	0	0	-0.0990566037735849	-0.115269461077844	0.0162128573042594	9.99990000099999e-6	4.88189562548819e-5	TRUE
S.CEREALE.LO7.r2.2RG00115070	chr2R_211180186_C_G	intron_variant	uniref100 pectinesterase n=1 taxid=3702	high	MODIFIER			0.1296875	0.0990566037735849	0.00259067357512953	0	0.115269461077844	0	0	-0.0990566037735849	-0.115269461077844	0.0162128573042594	9.99990000099999e-6	4.88189562548819e-5	TRUE
S.CEREALE.LO7.r2.2RG00116510	chr2R_223333473_C_T	intron_variant	cobw domain containing protein	high	MODIFIER			0.0163204747774481	0.0314285714285714	0	0	0.027536231884058	0.00201612903225806	0	-0.0314285714285714	-0.027536231884058	-0.00389233954451346	9.99990000099999e-6	4.88189562548819e-5	TRUE
S.CEREALE.LO7.r2.2RG00119290	chr2R_263738308_G_A	downstream_gene_variant	unknown protein	high	MODIFIER			0.11326860841424	0.06957928802589	0	0	0.0669934640522876	0	0	-0.06957928802589	-0.0669934640522876	-0.00258582397360239	0.628893711062889	0.740556581033855	FALSE
S.CEREALE.LO7.r2.2RG00125580	chr2R_345228136_T_C	intron_variant	uniref100 calmodulin binding transcription activator n=1 tax=arabidopsis thaliana taxid=3702 arath	high	MODIFIER			0.100303951367781	0.108450704225352	0.00241545893719807	0	0.1046875	0.00200803212851406	0.00442477876106195	-0.108450704225352	-0.100262721238938	-0.00818798298641404	9.99990000099999e-6	4.88189562548819e-5	TRUE
S.CEREALE.LO7.r2.2RG00129670	chr2R_477116267_A_G	intron_variant	uniref100 math domain and coiled coil containing protein n=1 tax=arabidopsis thaliana taxid=3702 arath	high	MODIFIER			0.0414201183431953	0.0818713450292398	0	0	0.0641399416909621	0	0	-0.0818713450292398	-0.0641399416909621	-0.0177314033382777	0.654433455665443	0.755446172960274	FALSE
S.CEREALE.LO7.r2.2RG00131430	chr2R_502873206_A_C	downstream_gene_variant	unknown protein	high|low	MODIFIER			0.012012012012012	0.0286532951289398	0	0	0.02	0	0	-0.0286532951289398	-0.02	-0.00865329512893983	0.573814261857381	0.686039840281869	FALSE
S.CEREALE.LO7.r2.2RG00131440	chr2R_502873206_A_C	missense_variant	unknown protein	high	MODERATE	307/374	p.Ser307Ala	0.012012012012012	0.0286532951289398	0	0	0.02	0	0	-0.0286532951289398	-0.02	-0.00865329512893983	0.573814261857381	0.686039840281869	FALSE
S.CEREALE.LO7.r2.2RG00140350	chr2R_640320287_G_A	synonymous_variant	uniref100 subtilisin protease sbt n=1 tax=arabidopsis thaliana taxid=3702 arath	high	LOW	478/767	p.Thr478Thr	0.0637982195845697	0.0553977272727273	0	0	0.0597667638483965	0	0	-0.0553977272727273	-0.0597667638483965	0.00436903657566923	0.255547444525555	0.384689193793287	FALSE
S.CEREALE.LO7.r2.2RG00140360	chr2R_640320287_G_A	downstream_gene_variant		low	MODIFIER			0.0637982195845697	0.0553977272727273	0	0	0.0597667638483965	0	0	-0.0553977272727273	-0.0597667638483965	0.00436903657566923	0.255547444525555	0.384689193793287	FALSE
S.CEREALE.LO7.r2.2RG00140370	chr2R_640320287_G_A	downstream_gene_variant	uniref100 thioredoxin m3 chloroplastic n=2 tax=arabidopsis thaliana taxid=3702 arath	high	MODIFIER			0.0637982195845697	0.0553977272727273	0	0	0.0597667638483965	0	0	-0.0553977272727273	-0.0597667638483965	0.00436903657566923	0.255547444525555	0.384689193793287	FALSE
S.CEREALE.LO7.r2.2RG00140380	chr2R_640320287_G_A	upstream_gene_variant	unknown protein	high	MODIFIER			0.0637982195845697	0.0553977272727273	0	0	0.0597667638483965	0	0	-0.0553977272727273	-0.0597667638483965	0.00436903657566923	0.255547444525555	0.384689193793287	FALSE
S.CEREALE.LO7.r2.2RG00140900	chr2R_646797986_A_G	5_prime_UTR_variant	unknown protein	high	MODIFIER			0.056047197640118	0.0555555555555556	0	0	0.0515759312320917	0.00203252032520325	0.00221238938053097	-0.0555555555555556	-0.0493635418515607	-0.00619201370399483	9.99990000099999e-6	4.88189562548819e-5	TRUE
S.CEREALE.LO7.r2.2RG00140910	chr2R_646797986_A_G	missense_variant	uniref100 pectinesterase inhibitor n=2 tax=solanum lycopersicum taxid=4081 sollc	high	MODERATE	225/461	p.Gln225Arg	0.056047197640118	0.0555555555555556	0	0	0.0515759312320917	0.00203252032520325	0.00221238938053097	-0.0555555555555556	-0.0493635418515607	-0.00619201370399483	9.99990000099999e-6	4.88189562548819e-5	TRUE
S.CEREALE.LO7.r2.2RG00141930	chr2R_658496476_G_A	downstream_gene_variant	uniref100 phd finger protein alfin n=1 tax=oryza sativa subsp taxid=39946 orysi	high	MODIFIER			0.322916666666667	0.320289855072464	0.00555555555555556	0	0.316473988439306	0	0	-0.320289855072464	-0.316473988439306	-0.00381586663315742	9.99990000099999e-6	4.88189562548819e-5	TRUE
S.CEREALE.LO7.r2.2RG00141940	chr2R_658496476_G_A	synonymous_variant	uniref100 potassium channel kat n=1 tax=oryza sativa subsp japonica taxid=39947 orysj	high	LOW	541/724	p.Asp541Asp	0.322916666666667	0.320289855072464	0.00555555555555556	0	0.316473988439306	0	0	-0.320289855072464	-0.316473988439306	-0.00381586663315742	9.99990000099999e-6	4.88189562548819e-5	TRUE
S.CEREALE.LO7.r2.2RG00141970	chr2R_658928982_C_T	synonymous_variant	enzyme of the cupin protein	high	LOW	31/135	p.Ala31Ala	0.0752212389380531	0.0854341736694678	0	0	0.0821529745042493	0	0	-0.0854341736694678	-0.0821529745042493	-0.00328119916521849	0.36349636503635	0.488600276521135	FALSE
S.CEREALE.LO7.r2.2RG00141980	chr2R_658928982_C_T	upstream_gene_variant	unknown protein	high	MODIFIER			0.0752212389380531	0.0854341736694678	0	0	0.0821529745042493	0	0	-0.0854341736694678	-0.0821529745042493	-0.00328119916521849	0.36349636503635	0.488600276521135	FALSE
S.CEREALE.LO7.r2.2RG00142300	chr2R_663394123_G_A	synonymous_variant	uniref100 aspartic proteinase protein n=1 tax=arabidopsis thaliana taxid=3702 arath	high	LOW	185/449	p.Ser185Ser	0.0661764705882353	0.079608938547486	0	0	0.0635593220338983	0.00200803212851406	0	-0.079608938547486	-0.0635593220338983	-0.0160496165135877	9.99990000099999e-6	4.88189562548819e-5	TRUE
S.CEREALE.LO7.r2.2RG00142350	chr2R_663707596_C_A	intron_variant	uniref100 zeaxanthin epoxidase chloroplastic n=1 taxid=36596 repid=aba2	high	MODIFIER			0.102985074626866	0.138483965014577	0	0	0.0944767441860465	0	0.00242718446601942	-0.138483965014577	-0.0920495597200271	-0.0464344052945502	9.99990000099999e-6	4.88189562548819e-5	TRUE
S.CEREALE.LO7.r2.2RG00142360	chr2R_663707596_C_A	upstream_gene_variant	uniref100 adenine nucleotide transporter chloroplastic mitochondrial n=2 tax=arabidopsis thaliana taxid=3702 arath	high	MODIFIER			0.102985074626866	0.138483965014577	0	0	0.0944767441860465	0	0.00242718446601942	-0.138483965014577	-0.0920495597200271	-0.0464344052945502	9.99990000099999e-6	4.88189562548819e-5	TRUE
S.CEREALE.LO7.r2.2RG00143340	chr2R_675611587_G_A	downstream_gene_variant	uniref100 nac domain containing protein n=1 tax=arabidopsis thaliana taxid=3702 arath	high	MODIFIER			0.177083333333333	0.174450549450549	0.00241545893719807	0	0.169139465875371	0	0	-0.174450549450549	-0.169139465875371	-0.00531108357517851	9.99990000099999e-6	4.88189562548819e-5	TRUE
S.CEREALE.LO7.r2.2RG00143350	chr2R_675611587_G_A	missense_variant	oxygen evolving enhancer protein 3 1 chloroplastic	low	MODERATE	64/129	p.Arg64His	0.177083333333333	0.174450549450549	0.00241545893719807	0	0.169139465875371	0	0	-0.174450549450549	-0.169139465875371	-0.00531108357517851	9.99990000099999e-6	4.88189562548819e-5	TRUE
S.CEREALE.LO7.r2.2RG00143360	chr2R_675611587_G_A	downstream_gene_variant	uniref100 kinesin protein kin n=1 tax=oryza sativa subsp japonica taxid=39947 orysj	high	MODIFIER			0.177083333333333	0.174450549450549	0.00241545893719807	0	0.169139465875371	0	0	-0.174450549450549	-0.169139465875371	-0.00531108357517851	9.99990000099999e-6	4.88189562548819e-5	TRUE
S.CEREALE.LO7.r2.2RG00147110	chr2R_720898405_T_C	downstream_gene_variant	unknown protein	high	MODIFIER			0.0323624595469256	0.0271084337349398	0.00259067357512953	0	0.0300859598853868	0	0	-0.0271084337349398	-0.0300859598853868	0.00297752615044706	1.9999800002e-5	9.31116516649403e-5	TRUE
S.CEREALE.LO7.r2.2RG00147200	chr2R_721990800_G_C	downstream_gene_variant	uniref100 protein clp homolog n=1 tax=arabidopsis thaliana taxid=3702 arath	high	MODIFIER			0.183734939759036	0.193409742120344	0	0	0.221098265895954	0	0	-0.193409742120344	-0.221098265895954	0.0276885237756099	0.004579954200458	0.0142464947031946	TRUE
S.CEREALE.LO7.r2.2RG00147210	chr2R_721990800_G_C	5_prime_UTR_variant	uniref100 kda class ii heat shock protein n=2 tax=oryza sativa taxid=4530 orysj	high	MODIFIER			0.183734939759036	0.193409742120344	0	0	0.221098265895954	0	0	-0.193409742120344	-0.221098265895954	0.0276885237756099	0.004579954200458	0.0142464947031946	TRUE
S.CEREALE.LO7.r2.2RG00147430	chr2R_724043796_C_T	splice_region_variant&intron_variant	uniref100 endochitinase n=1 tax=arabidopsis thaliana taxid=3702 arath	high	LOW			0.072289156626506	0.0658307210031348	0	0	0.0601851851851852	0	0	-0.0658307210031348	-0.0601851851851852	-0.00564553581794961	0.531644683553165	0.651125805815113	FALSE
S.CEREALE.LO7.r2.2RG00151030	chr2R_757686348_A_T	downstream_gene_variant	unknown protein	low	MODIFIER			0.00952380952380953	0.0171339563862928	0	0	0.0152905198776758	0	0	-0.0171339563862928	-0.0152905198776758	-0.00184343650861699	0.933520664793352	0.952489154353739	FALSE
S.CEREALE.LO7.r2.2RG00151040	chr2R_757686348_A_T	downstream_gene_variant	uniref100 protein far sequence n=1 tax=arabidopsis thaliana taxid=3702 arath	low	MODIFIER			0.00952380952380953	0.0171339563862928	0	0	0.0152905198776758	0	0	-0.0171339563862928	-0.0152905198776758	-0.00184343650861699	0.933520664793352	0.952489154353739	FALSE
S.CEREALE.LO7.r2.2RG00151050	chr2R_757686348_A_T	3_prime_UTR_variant	peroxiredoxin 2c	high	MODIFIER			0.00952380952380953	0.0171339563862928	0	0	0.0152905198776758	0	0	-0.0171339563862928	-0.0152905198776758	-0.00184343650861699	0.933520664793352	0.952489154353739	FALSE
S.CEREALE.LO7.r2.2RG00152570	chr2R_773990089_A_G	upstream_gene_variant	uniref100 vacuolar processing enzyme beta isozyme n=2 tax=arabidopsis thaliana taxid=3702 arath	high	MODIFIER			0.14792899408284	0.179378531073446	0.01	0.0045662100456621	0.171469740634006	0	0	-0.174812321027784	-0.171469740634006	-0.00334258039377847	9.99990000099999e-6	4.88189562548819e-5	TRUE
S.CEREALE.LO7.r2.2RG00153680	chr2R_786805706_C_T	upstream_gene_variant		low	MODIFIER			0.13166144200627	0.0823529411764706	0	0	0.0861027190332326	0	0	-0.0823529411764706	-0.0861027190332326	0.00374977785676205	0.316006839931601	0.442535475043656	FALSE
S.CEREALE.LO7.r2.2RG00153690	chr2R_786805706_C_T	5_prime_UTR_premature_start_codon_gain_variant|5_prime_UTR_variant|intron_variant	uniref100 q9fjr0 regulator of nonsense transcripts homolog n=2 tax=arabidopsis thaliana taxid=3702 repid=rent1 arath	high	LOW|MODIFIER			0.13166144200627	0.0823529411764706	0	0	0.0861027190332326	0	0	-0.0823529411764706	-0.0861027190332326	0.00374977785676205	0.316006839931601	0.442535475043656	FALSE
S.CEREALE.LO7.r2.2RG00154160	chr2R_795092091_G_A	downstream_gene_variant	expressed protein	high	MODIFIER			0.0431547619047619	0.0331412103746398	0	0	0.0204081632653061	0	0	-0.0331412103746398	-0.0204081632653061	-0.0127330471093336	0.360806391936081	0.487547888436663	FALSE
S.CEREALE.LO7.r2.2RG00154160	chr2R_795092129_C_T	downstream_gene_variant	expressed protein	high	MODIFIER			0.303571428571429	0.30635838150289	0.00970873786407767	0.00497512437810945	0.333819241982507	0.0211864406779661	0.00248756218905473	-0.301383257124781	-0.331331679793453	0.0299484226686718	0.192578074219258	0.31338515318550503	FALSE
S.CEREALE.LO7.r2.2RG00154170	chr2R_795092091_G_A	synonymous_variant	uniref100 sucrose synthase n=3 tax=arabidopsis thaliana taxid=3702 repid=sus2 arath	high	LOW	313/864	p.Asp313Asp	0.0431547619047619	0.0331412103746398	0	0	0.0204081632653061	0	0	-0.0331412103746398	-0.0204081632653061	-0.0127330471093336	0.360806391936081	0.487547888436663	FALSE
S.CEREALE.LO7.r2.2RG00154170	chr2R_795092129_C_T	intron_variant	uniref100 sucrose synthase n=3 tax=arabidopsis thaliana taxid=3702 repid=sus2 arath	high	MODIFIER			0.303571428571429	0.30635838150289	0.00970873786407767	0.00497512437810945	0.333819241982507	0.0211864406779661	0.00248756218905473	-0.301383257124781	-0.331331679793453	0.0299484226686718	0.192578074219258	0.31338515318550503	FALSE
S.CEREALE.LO7.r2.2RG00155770	chr2R_814660552_C_T	intron_variant	rlc hvul ikeros ay013246 1 hordeum vulgare retrotransposon ltr copia hypotehtical protein	low	MODIFIER			0.301186943620178	0.341359773371105	0.00731707317073171	0.00229357798165138	0.323863636363636	0.0103734439834025	0.0114155251141553	-0.339066195389453	-0.312448111249481	-0.0266180841399723	9.99990000099999e-6	4.88189562548819e-5	TRUE
S.CEREALE.LO7.r2.2RG00155770	chr2R_814662732_A_C	downstream_gene_variant	rlc hvul ikeros ay013246 1 hordeum vulgare retrotransposon ltr copia hypotehtical protein	low	MODIFIER			0.20859872611465	0.22289156626506	0.0654450261780105	0.0483091787439614	0.217008797653959	0.0622222222222222	0.0674418604651163	-0.174582387521099	-0.149566937188843	-0.0250154503322562	0.151348486515135	0.260779377500343	FALSE
S.CEREALE.LO7.r2.2RG00157930	chr2R_832028366_C_T	downstream_gene_variant	serine threonine protein kinase ppk	low	MODIFIER			0.272036474164134	0.241176470588235	0	0	0.272463768115942	0	0	-0.241176470588235	-0.272463768115942	0.0312872975277067	0.00930990690093099	0.0258690298472509	TRUE
S.CEREALE.LO7.r2.2RG00159370	chr2R_842997143_C_G	synonymous_variant	uniref100 xyloglucan endotransglucosylase hydrolase protein n=1 tax=arabidopsis thaliana taxid=3702 arath	high	LOW	75/329	p.Ala75Ala	0.0376506024096386	0.0386740331491713	0	0	0.0571428571428571	0	0	-0.0386740331491713	-0.0571428571428571	0.0184688239936859	0.030579694203058	0.0727930220697793	FALSE
S.CEREALE.LO7.r2.2RG00162810	chr2R_867206627_G_T	intron_variant	uniref100 q8lgs1 protein mard n=1 tax=arabidopsis thaliana taxid=3702 repid=mard1 arath	high	MODIFIER			0.0235988200589971	0.0363128491620112	0	0	0.0447976878612717	0	0	-0.0363128491620112	-0.0447976878612717	0.0084848386992605	0.144318556814432	0.253780462195378	FALSE
S.CEREALE.LO7.r2.2RG00162810	chr2R_867206637_C_G	intron_variant	uniref100 q8lgs1 protein mard n=1 tax=arabidopsis thaliana taxid=3702 repid=mard1 arath	high	MODIFIER			0.0604719764011799	0.0670391061452514	0.00721153846153846	0.00649350649350649	0.0765895953757226	0	0.00666666666666667	-0.0605455996517449	-0.0699229287090559	0.00937732905731098	0.00882991170088299	0.0250299513133901	TRUE
S.CEREALE.LO7.r2.2RG00162820	chr2R_867206627_G_T	downstream_gene_variant	uniref100 q8lgs1 protein mard n=1 tax=arabidopsis thaliana taxid=3702 repid=mard1 arath	high	MODIFIER			0.0235988200589971	0.0363128491620112	0	0	0.0447976878612717	0	0	-0.0363128491620112	-0.0447976878612717	0.0084848386992605	0.144318556814432	0.253780462195378	FALSE
S.CEREALE.LO7.r2.2RG00162820	chr2R_867206637_C_G	downstream_gene_variant	uniref100 q8lgs1 protein mard n=1 tax=arabidopsis thaliana taxid=3702 repid=mard1 arath	high	MODIFIER			0.0604719764011799	0.0670391061452514	0.00721153846153846	0.00649350649350649	0.0765895953757226	0	0.00666666666666667	-0.0605455996517449	-0.0699229287090559	0.00937732905731098	0.00882991170088299	0.0250299513133901	TRUE
S.CEREALE.LO7.r2.2RG00164150	chr2R_876180419_G_A	synonymous_variant	uniref100 transcription factor bhlh n=1 tax=arabidopsis thaliana taxid=3702 arath	high	LOW	178/328	p.Ala178Ala	0.030791788856305	0.0346666666666667	0	0	0.0240112994350283	0	0	-0.0346666666666667	-0.0240112994350283	-0.0106553672316384	0.467005329946701	0.589416062751401	FALSE
S.CEREALE.LO7.r2.2RG00167290	chr2R_894974378_C_T	upstream_gene_variant	uniref100 dihydroflavonol 4 reductase n=2 tax=arabidopsis thaliana taxid=3702 repid=dfra arath	high	MODIFIER			0.0267857142857143	0.0450704225352113	0	0	0.0427350427350427	0	0	-0.0450704225352113	-0.0427350427350427	-0.00233537980016853	0.735642643573564	0.819582850130294	FALSE
S.CEREALE.LO7.r2.2RG00167340	chr2R_895058639_A_C	intron_variant	uniref100 casp protein 5a1 n=2 tax=arabidopsis thaliana taxid=3702 arath	high	MODIFIER			0.166139240506329	0.173139158576052	0.00251256281407035	0	0.161904761904762	0	0	-0.173139158576052	-0.161904761904762	-0.0112343966712899	9.99990000099999e-6	4.88189562548819e-5	TRUE
S.CEREALE.LO7.r2.2RG00167850	chr2R_896547887_A_G	3_prime_UTR_variant	uniref100 xyloglucan endotransglucosylase hydrolase protein n=1 tax=arabidopsis thaliana taxid=3702 arath	high	MODIFIER			0.0626865671641791	0.0861111111111111	0.0169902912621359	0.0135746606334842	0.0933908045977011	0.00200803212851406	0.00440528634361234	-0.0725364504776269	-0.0889855182540888	0.0164490677764619	9.99990000099999e-6	4.88189562548819e-5	TRUE
S.CEREALE.LO7.r2.2RG00167850	chr2R_896547897_C_T	3_prime_UTR_variant	uniref100 xyloglucan endotransglucosylase hydrolase protein n=1 tax=arabidopsis thaliana taxid=3702 arath	high	MODIFIER			0.136904761904762	0.147632311977716	0.0631067961165049	0.081447963800905	0.170977011494253	0.0823293172690763	0.0748898678414097	-0.0661843481768109	-0.0960871436528432	0.0299027954760323	0.371876281237188	0.495942900419481	FALSE
S.CEREALE.LO7.r2.2RG00168780	chr2R_901679359_C_T	missense_variant	uniref100 wat protein n=1 tax=arabidopsis thaliana taxid=3702 arath	high	MODERATE	238/377	p.Arg238Lys	0.0667655786350148	0.0790190735694823	0	0	0.0875706214689266	0.0020746887966805	0	-0.0790190735694823	-0.0875706214689266	0.00855154789944426	9.99990000099999e-6	4.88189562548819e-5	TRUE
S.CEREALE.LO7.r2.2RG00168970	chr2R_902416018_A_G	downstream_gene_variant	uniref100 cop signalosome complex subunit 5b n=2 tax=arabidopsis thaliana taxid=3702 repid=csn5b arath	high	MODIFIER			0.291788856304985	0.326869806094183	0.193467336683417	0.190909090909091	0.338028169014085	0.204545454545455	0.165178571428571	-0.135960715185092	-0.172849597585513	0.0368888824004212	0.309076909230908	0.434562134378656	FALSE
S.CEREALE.LO7.r2.2RG00168980	chr2R_902416018_A_G	5_prime_UTR_variant	uniref100 g type lectin s receptor serine threonine protein kinase n=1 tax=arabidopsis thaliana taxid=3702 arath	high	MODIFIER			0.291788856304985	0.326869806094183	0.193467336683417	0.190909090909091	0.338028169014085	0.204545454545455	0.165178571428571	-0.135960715185092	-0.172849597585513	0.0368888824004212	0.309076909230908	0.434562134378656	FALSE
S.CEREALE.LO7.r2.2RG00169250	chr2R_903733300_C_A	downstream_gene_variant	uniref100 q949w6 protein kaku n=1 tax=arabidopsis thaliana taxid=3702 repid=kaku4 arath	high|low	MODIFIER			0.281437125748503	0.288732394366197	0.0087719298245614	0.00260416666666667	0.263688760806916	0.00257731958762887	0.0077720207253886	-0.286128227699531	-0.255916740081528	-0.0302114876180026	0.003149968500315	0.010299664445216	TRUE
S.CEREALE.LO7.r2.2RG00169260	chr2R_903733300_C_A	intron_variant	uniref100 ethylene responsive transcription factor erf n=1 tax=arabidopsis thaliana taxid=3702 arath	high	MODIFIER			0.281437125748503	0.288732394366197	0.0087719298245614	0.00260416666666667	0.263688760806916	0.00257731958762887	0.0077720207253886	-0.286128227699531	-0.255916740081528	-0.0302114876180026	0.003149968500315	0.010299664445216	TRUE
S.CEREALE.LO7.r2.2RG00171140	chr2R_916542802_C_T	downstream_gene_variant	uniref100 q84ws8 u11 u12 small nuclear ribonucleoprotein kda protein n=2 tax=arabidopsis thaliana taxid=3702 repid=u1125 arath	low	MODIFIER			0.0416666666666667	0.0394366197183099	0	0	0.0270655270655271	0.00201612903225806	0	-0.0394366197183099	-0.0270655270655271	-0.0123710926527828	9.99990000099999e-6	4.88189562548819e-5	TRUE
S.CEREALE.LO7.r2.2RG00171150	chr2R_916542802_C_T	synonymous_variant	uniref100 wuschel homeobox n=1 tax=arabidopsis thaliana taxid=3702 arath	high	LOW	244/309	p.Gln244Gln	0.0416666666666667	0.0394366197183099	0	0	0.0270655270655271	0.00201612903225806	0	-0.0394366197183099	-0.0270655270655271	-0.0123710926527828	9.99990000099999e-6	4.88189562548819e-5	TRUE
S.CEREALE.LO7.r2.2RG00176140	chr2R_943923830_T_C	missense_variant	uniref100 atp dependent rna helicase deah chloroplastic n=1 tax=arabidopsis thaliana taxid=3702 arath	high	MODERATE	262/317	p.Ser262Gly	0.0194610778443114	0.0476190476190476	0	0	0.0255681818181818	0	0	-0.0476190476190476	-0.0255681818181818	-0.0220508658008658	0.131178688213118	0.237571865926585	FALSE
S.CEREALE.LO7.r2.2RG00177430	chr2R_948720576_C_A	splice_region_variant&intron_variant	uniref100 heme oxygenase 1 chloroplastic n=2 tax=arabidopsis thaliana taxid=3702 arath	high	LOW			0.0266272189349112	0.0378151260504202	0.00497512437810945	0	0.0299145299145299	0	0	-0.0378151260504202	-0.0299145299145299	-0.00790059613589025	9.99990000099999e-6	4.88189562548819e-5	TRUE
S.CEREALE.LO7.r2.2RG00177730	chr2R_950063002_C_G	synonymous_variant	uniref100 protein detoxification n=1 tax=arabidopsis thaliana taxid=3702 arath	high	LOW	187/472	p.Leu187Leu	0.120535714285714	0.147058823529412	0.00247524752475248	0	0.129310344827586	0.00205761316872428	0	-0.147058823529412	-0.129310344827586	-0.0177484787018256	0.830021699783002	0.888135852279225	FALSE
S.CEREALE.LO7.r2.2RG00177740	chr2R_950063002_C_G	downstream_gene_variant	uniref100 cytochrome p450 n=1 tax=arabidopsis thaliana taxid=3702 repid= arath	high	MODIFIER			0.120535714285714	0.147058823529412	0.00247524752475248	0	0.129310344827586	0.00205761316872428	0	-0.147058823529412	-0.129310344827586	-0.0177484787018256	0.830021699783002	0.888135852279225	FALSE
S.CEREALE.LO7.r2.2RG00178130	chr2R_951038169_C_T	splice_region_variant&synonymous_variant	uniref100 heavy metal associated isoprenylated plant protein n=1 tax=arabidopsis thaliana taxid=3702 arath	high	LOW	30/128	p.Cys30Cys	0.135542168674699	0.147727272727273	0	0	0.150862068965517	0	0.00235849056603774	-0.147727272727273	-0.14850357839948	7.7630567220676e-4	9.99990000099999e-6	4.88189562548819e-5	TRUE
S.CEREALE.LO7.r2.2RG00178140	chr2R_951038169_C_T	downstream_gene_variant		low	MODIFIER			0.135542168674699	0.147727272727273	0	0	0.150862068965517	0	0.00235849056603774	-0.147727272727273	-0.14850357839948	7.7630567220676e-4	9.99990000099999e-6	4.88189562548819e-5	TRUE
S.CEREALE.LO7.r2.2RG00180760	chr2R_962661263_G_A	upstream_gene_variant	uniref100 alpha glucosidase n=1 taxid=161934 repid=aglu	high	MODIFIER			0.0915032679738562	0.073208722741433	0.00260416666666667	0	0.0683229813664596	0	0.00471698113207547	-0.073208722741433	-0.0636060002343842	-0.00960272250704886	9.99990000099999e-6	4.88189562548819e-5	TRUE
S.CEREALE.LO7.r2.2RG00180770	chr2R_962661263_G_A	synonymous_variant	protein far sequence	low	LOW	39/137|39/106|39/132|39/131	p.Leu39Leu	0.0915032679738562	0.073208722741433	0.00260416666666667	0	0.0683229813664596	0	0.00471698113207547	-0.073208722741433	-0.0636060002343842	-0.00960272250704886	9.99990000099999e-6	4.88189562548819e-5	TRUE
S.CEREALE.LO7.r2.2RG00182180	chr2R_969007857_T_C	missense_variant	sacsin	high	MODERATE	496/4747	p.Asn496Ser	0.0540540540540541	0.0621301775147929	0	0	0.064327485380117	0	0	-0.0621301775147929	-0.064327485380117	0.00219730786532406	0.273607263927361	0.399887539586143	FALSE
S.CEREALE.LO7.r2.2RG00183310	chr2R_973841630_C_T	upstream_gene_variant	uniref100 dof zinc finger protein n=1 tax=arabidopsis thaliana taxid=3702 arath	low	MODIFIER			0.166666666666667	0.168604651162791	0.00263157894736842	0.0119047619047619	0.149560117302053	0	0	-0.156699889258029	-0.149560117302053	-0.00713977195597601	9.99990000099999e-6	4.88189562548819e-5	TRUE
S.CEREALE.LO7.r2.2RG00184390	chr2R_976263306_G_A	downstream_gene_variant	uniref100 callose synthase n=1 tax=arabidopsis thaliana taxid=3702 arath	high	MODIFIER			0.141025641025641	0.144542772861357	0.0027027027027027	0.00505050505050505	0.132530120481928	0	0.00241545893719807	-0.139492267810852	-0.13011466154473	-0.00937760626612225	9.99990000099999e-6	4.88189562548819e-5	TRUE
S.CEREALE.LO7.r2.2RG00184400	chr2R_976263306_G_A	intron_variant	unknown protein	low	MODIFIER			0.141025641025641	0.144542772861357	0.0027027027027027	0.00505050505050505	0.132530120481928	0	0.00241545893719807	-0.139492267810852	-0.13011466154473	-0.00937760626612225	9.99990000099999e-6	4.88189562548819e-5	TRUE
S.CEREALE.LO7.r2.2RG00184410	chr2R_976263306_G_A	upstream_gene_variant		low	MODIFIER			0.141025641025641	0.144542772861357	0.0027027027027027	0.00505050505050505	0.132530120481928	0	0.00241545893719807	-0.139492267810852	-0.13011466154473	-0.00937760626612225	9.99990000099999e-6	4.88189562548819e-5	TRUE
S.CEREALE.LO7.r2.2RG00184770	chr2R_977303922_C_T	synonymous_variant	uniref100 protein c2 domain aba n=1 tax=arabidopsis thaliana taxid=3702 arath	high	LOW	80/141	p.Asp80Asp	0.0442477876106195	0.0628491620111732	0.00721153846153846	0.0131004366812227	0.0568181818181818	0	0.0111607142857143	-0.0497487253299505	-0.0456574675324675	-0.00409125779748295	0.191748082519175	0.31338515318550503	FALSE
S.CEREALE.LO7.r2.2RG00184780	chr2R_977303922_C_T	downstream_gene_variant	unknown protein	low	MODIFIER			0.0442477876106195	0.0628491620111732	0.00721153846153846	0.0131004366812227	0.0568181818181818	0	0.0111607142857143	-0.0497487253299505	-0.0456574675324675	-0.00409125779748295	0.191748082519175	0.31338515318550503	FALSE
S.CEREALE.LO7.r2.2RG00188080	chr2R_988050682_G_T	missense_variant	peroxidase	high	MODERATE	148/476|39/330	p.Leu148Phe|p.Leu39Phe	0.371473354231975	0.364985163204748	0.130890052356021	0.0990783410138249	0.366666666666667	0.128205128205128	0.124390243902439	-0.265906822190923	-0.242276422764228	-0.0236303994266953	0.370266297337027	0.495797152294637	FALSE
S.CEREALE.LO7.r2.2RG00188310	chr2R_989164522_C_T	synonymous_variant	uniref100 tubby f box protein n=1 tax=oryza sativa subsp japonica taxid=39947 orysj	high	LOW	471/548|394/471	p.Ser471Ser|p.Ser394Ser	0.211309523809524	0.21551724137931	0.0621761658031088	0.0974358974358974	0.214705882352941	0.0651260504201681	0.0552631578947368	-0.118081343943413	-0.159442724458204	0.0413613805147914	0.00835991640083599	0.0239878417542355	TRUE
S.CEREALE.LO7.r2.3RG00199440	chr3R_88618686_G_T	upstream_gene_variant		low	MODIFIER			0.113095238095238	0.0991253644314869	0.00239234449760766	0	0.114035087719298	0	0	-0.0991253644314869	-0.114035087719298	0.0149097232878114	9.99990000099999e-6	4.88189562548819e-5	TRUE
S.CEREALE.LO7.r2.3RG00199450	chr3R_88618686_G_T	synonymous_variant	unknown protein	high	LOW	15/136	p.Ser15Ser	0.113095238095238	0.0991253644314869	0.00239234449760766	0	0.114035087719298	0	0	-0.0991253644314869	-0.114035087719298	0.0149097232878114	9.99990000099999e-6	4.88189562548819e-5	TRUE
S.CEREALE.LO7.r2.3RG00199460	chr3R_88618686_G_T	downstream_gene_variant	unknown protein	high	MODIFIER			0.113095238095238	0.0991253644314869	0.00239234449760766	0	0.114035087719298	0	0	-0.0991253644314869	-0.114035087719298	0.0149097232878114	9.99990000099999e-6	4.88189562548819e-5	TRUE
S.CEREALE.LO7.r2.3RG00201340	chr3R_94538290_A_G	downstream_gene_variant	uniref100 sodium hydrogen exchanger n=1 tax=arabidopsis thaliana taxid=3702 arath	high	MODIFIER			0.244776119402985	0.268361581920904	0.142105263157895	0.171296296296296	0.282089552238806	0.152083333333333	0.18018018018018	-0.0970652856246077	-0.101909372058626	0.00484408643401815	0.954130458695413	0.966503908447947	FALSE
S.CEREALE.LO7.r2.3RG00201350	chr3R_94538290_A_G	missense_variant	unknown protein	high	MODERATE	34/190	p.Leu34Ser	0.244776119402985	0.268361581920904	0.142105263157895	0.171296296296296	0.282089552238806	0.152083333333333	0.18018018018018	-0.0970652856246077	-0.101909372058626	0.00484408643401815	0.954130458695413	0.966503908447947	FALSE
S.CEREALE.LO7.r2.3RG00202630	chr3R_97804581_C_T	synonymous_variant	uniref100 pentatricopeptide repeat containing protein chloroplastic n=1 tax=arabidopsis thaliana taxid=3702 arath	high	LOW	540/774	p.Leu540Leu	0.160237388724036	0.130311614730878	0.00242718446601942	0.00217391304347826	0.135220125786164	0.00409836065573771	0.00228310502283105	-0.1281377016874	-0.132937020763332	0.00479931907593254	0.545624543754563	0.661334576309409	FALSE
S.CEREALE.LO7.r2.3RG00202640	chr3R_97804581_C_T	upstream_gene_variant	e3 ubiquitin protein ligase	low	MODIFIER			0.160237388724036	0.130311614730878	0.00242718446601942	0.00217391304347826	0.135220125786164	0.00409836065573771	0.00228310502283105	-0.1281377016874	-0.132937020763332	0.00479931907593254	0.545624543754563	0.661334576309409	FALSE
S.CEREALE.LO7.r2.3RG00202650	chr3R_97804581_C_T	downstream_gene_variant	transcription initiation factor iie subunit beta	high	MODIFIER			0.160237388724036	0.130311614730878	0.00242718446601942	0.00217391304347826	0.135220125786164	0.00409836065573771	0.00228310502283105	-0.1281377016874	-0.132937020763332	0.00479931907593254	0.545624543754563	0.661334576309409	FALSE
S.CEREALE.LO7.r2.3RG00210620	chr3R_118397702_G_C	missense_variant	uniref100 peroxidase n=1 tax=arabidopsis thaliana taxid=3702 arath	high	MODERATE	267/337	p.Asp267Glu	0.0714285714285714	0.0479452054794521	0	0	0.0563380281690141	0	0	-0.0479452054794521	-0.0563380281690141	0.00839282268956203	0.144248557514425	0.253780462195378	FALSE
S.CEREALE.LO7.r2.3RG00214100	chr3R_135310402_A_G	missense_variant	unknown protein	high	MODERATE	106/648|106/643	p.Arg106Gly	0.171091445427729	0.226256983240223	0.118226600985222	0.091324200913242	0.204022988505747	0.119747899159664	0.119158878504673	-0.134932782326981	-0.0848641100010742	-0.0500686723259072	0.0762592374076259	0.156298087164901	FALSE
S.CEREALE.LO7.r2.3RG00214920	chr3R_138910075_C_T	downstream_gene_variant	unknown protein	low	MODIFIER			0.0369822485207101	0.0607734806629834	0	0	0.0345821325648415	0.00217391304347826	0	-0.0607734806629834	-0.0345821325648415	-0.0261913480981419	9.99990000099999e-6	4.88189562548819e-5	TRUE
S.CEREALE.LO7.r2.3RG00214920	chr3R_138910280_T_C	downstream_gene_variant	unknown protein	low	MODIFIER			0.0225225225225225	0.05	0.00480769230769231	0.00652173913043478	0.125373134328358	0.0200803212851406	0.0174672489082969	-0.0434782608695652	-0.107905885420061	0.064427624550496	0.757112428875711	0.835557358712127	FALSE
S.CEREALE.LO7.r2.3RG00214930	chr3R_138910075_C_T	synonymous_variant	uniref100 rich receptor serine threonine protein kinase n=2 tax=arabidopsis thaliana taxid=3702 arath	high	LOW	95/1055	p.Thr95Thr	0.0369822485207101	0.0607734806629834	0	0	0.0345821325648415	0.00217391304347826	0	-0.0607734806629834	-0.0345821325648415	-0.0261913480981419	9.99990000099999e-6	4.88189562548819e-5	TRUE
S.CEREALE.LO7.r2.3RG00214930	chr3R_138910280_T_C	missense_variant	uniref100 rich receptor serine threonine protein kinase n=2 tax=arabidopsis thaliana taxid=3702 arath	high	MODERATE	27/1055	p.Asp27Gly	0.0225225225225225	0.05	0.00480769230769231	0.00652173913043478	0.125373134328358	0.0200803212851406	0.0174672489082969	-0.0434782608695652	-0.107905885420061	0.064427624550496	0.757112428875711	0.835557358712127	FALSE
S.CEREALE.LO7.r2.3RG00214940	chr3R_138922751_C_T	downstream_gene_variant		low	MODIFIER			0.0828125	0.0657894736842105	0	0.00245098039215686	0.0613207547169811	0	0	-0.0633384932920537	-0.0613207547169811	-0.00201773857507252	9.99990000099999e-6	4.88189562548819e-5	TRUE
S.CEREALE.LO7.r2.3RG00214950	chr3R_138922751_C_T	downstream_gene_variant	uniref100 abc transporter b family member n=1 tax=arabidopsis thaliana taxid=3702 arath	low	MODIFIER			0.0828125	0.0657894736842105	0	0.00245098039215686	0.0613207547169811	0	0	-0.0633384932920537	-0.0613207547169811	-0.00201773857507252	9.99990000099999e-6	4.88189562548819e-5	TRUE
S.CEREALE.LO7.r2.3RG00214960	chr3R_138922751_C_T	downstream_gene_variant	unknown protein	high	MODIFIER			0.0828125	0.0657894736842105	0	0.00245098039215686	0.0613207547169811	0	0	-0.0633384932920537	-0.0613207547169811	-0.00201773857507252	9.99990000099999e-6	4.88189562548819e-5	TRUE
S.CEREALE.LO7.r2.3RG00214980	chr3R_138955090_C_T	missense_variant	unknown protein	high	MODERATE	102/192	p.Ala102Thr	0.06875	0.0529595015576324	0.00260416666666667	0	0.0545171339563863	0.0021551724137931	0.00478468899521531	-0.0529595015576324	-0.049732444961171	-0.00322705659646141	9.99990000099999e-6	4.88189562548819e-5	TRUE
S.CEREALE.LO7.r2.3RG00215170	chr3R_139483580_T_G	missense_variant	unknown protein	high	MODERATE	76/191	p.Ile76Leu	0.073134328358209	0.0894886363636364	0	0	0.0936599423631124	0	0	-0.0894886363636364	-0.0936599423631124	0.00417130599947603	0.202427975720243	0.325645004419521	FALSE
S.CEREALE.LO7.r2.3RG00215180	chr3R_139483580_T_G	downstream_gene_variant	unknown protein	high	MODIFIER			0.073134328358209	0.0894886363636364	0	0	0.0936599423631124	0	0	-0.0894886363636364	-0.0936599423631124	0.00417130599947603	0.202427975720243	0.325645004419521	FALSE
S.CEREALE.LO7.r2.3RG00215790	chr3R_143952744_C_T	downstream_gene_variant	unknown protein	high	MODIFIER			0.123052959501558	0.179775280898876	0	0	0.161764705882353	0	0	-0.179775280898876	-0.161764705882353	-0.0180105750165235	0.425555744442556	0.550949702289349	FALSE
S.CEREALE.LO7.r2.3RG00215790	chr3R_143952751_G_T	downstream_gene_variant	unknown protein	high	MODIFIER			0.0233644859813084	0.0392156862745098	0	0	0.0263929618768328	0	0	-0.0392156862745098	-0.0263929618768328	-0.012822724397677	0.495265047349527	0.621734514797709	FALSE
S.CEREALE.LO7.r2.3RG00215790	chr3R_143952770_A_G	downstream_gene_variant	unknown protein	high	MODIFIER			0.34472049689441	0.341736694677871	0	0.00480769230769231	0.343108504398827	0.00239234449760766	0	-0.336929002370179	-0.343108504398827	0.00617950202864809	9.99990000099999e-6	4.88189562548819e-5	TRUE
S.CEREALE.LO7.r2.3RG00215800	chr3R_143952744_C_T	upstream_gene_variant	uniref100 protein far sequence n=1 tax=arabidopsis thaliana taxid=3702 arath	high	MODIFIER			0.123052959501558	0.179775280898876	0	0	0.161764705882353	0	0	-0.179775280898876	-0.161764705882353	-0.0180105750165235	0.425555744442556	0.550949702289349	FALSE
S.CEREALE.LO7.r2.3RG00215800	chr3R_143952751_G_T	upstream_gene_variant	uniref100 protein far sequence n=1 tax=arabidopsis thaliana taxid=3702 arath	high	MODIFIER			0.0233644859813084	0.0392156862745098	0	0	0.0263929618768328	0	0	-0.0392156862745098	-0.0263929618768328	-0.012822724397677	0.495265047349527	0.621734514797709	FALSE
S.CEREALE.LO7.r2.3RG00215800	chr3R_143952770_A_G	missense_variant|upstream_gene_variant	uniref100 protein far sequence n=1 tax=arabidopsis thaliana taxid=3702 arath	high	MODERATE|MODIFIER	4/198	p.Asp4Gly	0.34472049689441	0.341736694677871	0	0.00480769230769231	0.343108504398827	0.00239234449760766	0	-0.336929002370179	-0.343108504398827	0.00617950202864809	9.99990000099999e-6	4.88189562548819e-5	TRUE
S.CEREALE.LO7.r2.3RG00215810	chr3R_143952744_C_T	upstream_gene_variant	unknown protein	low	MODIFIER			0.123052959501558	0.179775280898876	0	0	0.161764705882353	0	0	-0.179775280898876	-0.161764705882353	-0.0180105750165235	0.425555744442556	0.550949702289349	FALSE
S.CEREALE.LO7.r2.3RG00215810	chr3R_143952751_G_T	upstream_gene_variant	unknown protein	low	MODIFIER			0.0233644859813084	0.0392156862745098	0	0	0.0263929618768328	0	0	-0.0392156862745098	-0.0263929618768328	-0.012822724397677	0.495265047349527	0.621734514797709	FALSE
S.CEREALE.LO7.r2.3RG00215810	chr3R_143952770_A_G	upstream_gene_variant	unknown protein	low	MODIFIER			0.34472049689441	0.341736694677871	0	0.00480769230769231	0.343108504398827	0.00239234449760766	0	-0.336929002370179	-0.343108504398827	0.00617950202864809	9.99990000099999e-6	4.88189562548819e-5	TRUE
S.CEREALE.LO7.r2.3RG00218120	chr3R_153278973_C_G	missense_variant	unknown protein	high	MODERATE	453/597	p.Leu453Val	0.0959752321981424	0.110803324099723	0.0703125	0.044392523364486	0.129032258064516	0.0595744680851064	0.037037037037037	-0.066410800735237	-0.0919952210274791	0.0255844202922421	0.139998600014	0.249179862631753	FALSE
S.CEREALE.LO7.r2.3RG00218390	chr3R_155582304_C_T	missense_variant	uniref100 cytochrome p450 71d10 n=2 tax=glycine max taxid=3847 soybn	high	MODERATE	305/510	p.Cys305Tyr	0.108231707317073	0.0857988165680473	0.023936170212766	0.0114155251141553	0.115497076023392	0.0180995475113122	0.00462962962962963	-0.0743832914538921	-0.110867446393762	0.0364841549398701	1.79998200018e-4	7.3999260007399e-4	TRUE
S.CEREALE.LO7.r2.3RG00219920	chr3R_164495300_A_G	missense_variant	unknown protein	high	MODERATE	1072/1191	p.Tyr1072His	0.0145161290322581	0.0468277945619335	0	0	0.0537313432835821	0	0	-0.0468277945619335	-0.0537313432835821	0.00690354872164856	0.223237767622324	0.350303907675209	FALSE
S.CEREALE.LO7.r2.3RG00220250	chr3R_166861794_T_A	downstream_gene_variant	uniref100 f box fbd lrr repeat protein n=1 tax=arabidopsis thaliana taxid=3702 arath	high	MODIFIER			0.0306451612903226	0.0526315789473684	0	0	0.0558912386706949	0	0	-0.0526315789473684	-0.0558912386706949	0.00325965972332645	0.253607463925361	0.382588083990405	FALSE
S.CEREALE.LO7.r2.3RG00220260	chr3R_166861794_T_A	intron_variant	d3 heavy metal associated isoprenylated plant protein n=2 tax=arabidopsis thaliana taxid=3702 arath	high	MODIFIER			0.0306451612903226	0.0526315789473684	0	0	0.0558912386706949	0	0	-0.0526315789473684	-0.0558912386706949	0.00325965972332645	0.253607463925361	0.382588083990405	FALSE
S.CEREALE.LO7.r2.3RG00220270	chr3R_166861794_T_A	downstream_gene_variant	uniref100 serine threonine protein phosphatase pp isozyme n=1 tax=arabidopsis thaliana taxid=3702 arath	high	MODIFIER			0.0306451612903226	0.0526315789473684	0	0	0.0558912386706949	0	0	-0.0526315789473684	-0.0558912386706949	0.00325965972332645	0.253607463925361	0.382588083990405	FALSE
S.CEREALE.LO7.r2.3RG00220420	chr3R_167522107_C_G	missense_variant	uniref100 q9sj52 ndr hin protein n=1 tax=arabidopsis thaliana taxid=3702 repid=nhl10 arath	high	MODERATE	155/220	p.Glu155Gln	0.0514705882352941	0.0584958217270195	0	0	0.0621468926553672	0	0	-0.0584958217270195	-0.0621468926553672	0.00365107092834774	0.282117178828212	0.407245126727377	FALSE
S.CEREALE.LO7.r2.3RG00220550	chr3R_168236290_C_T	downstream_gene_variant	expressed protein	high	MODIFIER			0.0712121212121212	0.053935860058309	0	0	0.0472779369627507	0	0	-0.053935860058309	-0.0472779369627507	-0.00665792309555832	0.919180808191918	0.941959341339531	FALSE
S.CEREALE.LO7.r2.3RG00220560	chr3R_168236290_C_T	downstream_gene_variant	p0402a09 15 protein	high	MODIFIER			0.0712121212121212	0.053935860058309	0	0	0.0472779369627507	0	0	-0.053935860058309	-0.0472779369627507	-0.00665792309555832	0.919180808191918	0.941959341339531	FALSE
S.CEREALE.LO7.r2.3RG00220570	chr3R_168236290_C_T	synonymous_variant	unknown protein	high	LOW	817/883	p.Thr817Thr	0.0712121212121212	0.053935860058309	0	0	0.0472779369627507	0	0	-0.053935860058309	-0.0472779369627507	-0.00665792309555832	0.919180808191918	0.941959341339531	FALSE
S.CEREALE.LO7.r2.3RG00227230	chr3R_216661831_G_A	upstream_gene_variant	uniref100 cytochrome p450 chloroplastic n=2 tax=arabidopsis thaliana taxid=3702 arath	high	MODIFIER			0.185015290519878	0.227678571428571	0	0.00255102040816327	0.201166180758018	0	0	-0.225127551020408	-0.201166180758018	-0.0239613702623907	9.99990000099999e-6	4.88189562548819e-5	TRUE
S.CEREALE.LO7.r2.3RG00227240	chr3R_216661831_G_A	synonymous_variant	uniref100 nuclear transcription factor y subunit c 1 n=2 tax=arabidopsis thaliana taxid=3702 arath	high	LOW	190/276	p.Gly190Gly	0.185015290519878	0.227678571428571	0	0.00255102040816327	0.201166180758018	0	0	-0.225127551020408	-0.201166180758018	-0.0239613702623907	9.99990000099999e-6	4.88189562548819e-5	TRUE
S.CEREALE.LO7.r2.3RG00231050	chr3R_259831407_T_A	missense_variant	uniref100 senescence specific cysteine protease sag n=2 tax=arabidopsis thaliana taxid=3702 arath	high	MODERATE	256/316	p.Gln256Leu	0.5	0.508108108108108	0.00257731958762887	0.00469483568075117	0.491477272727273	0.00218340611353712	0.00704225352112676	-0.503413272427357	-0.484435019206146	-0.0189782532212111	0.014079859201408	0.036933362009663503	TRUE
S.CEREALE.LO7.r2.3RG00231350	chr3R_263348558_C_A	synonymous_variant	uniref100 ring h2 finger protein atl n=1 tax=arabidopsis thaliana taxid=3702 arath	high	LOW	6/173	p.Ser6Ser	0.0530973451327434	0.0646067415730337	0	0.00229357798165138	0.0555555555555556	0	0	-0.0623131635913823	-0.0555555555555556	-0.00675760803582678	9.99990000099999e-6	4.88189562548819e-5	TRUE
S.CEREALE.LO7.r2.3RG00232490	chr3R_274170925_A_T	upstream_gene_variant		low	MODIFIER			0.110429447852761	0.0980392156862745	0	0	0.09375	0	0	-0.0980392156862745	-0.09375	-0.00428921568627451	0.253067469325307	0.382588083990405	FALSE
S.CEREALE.LO7.r2.3RG00232500	chr3R_274170925_A_T	synonymous_variant	uniref100 bes bzr homolog protein n=1 tax=arabidopsis thaliana taxid=3702 arath	high	LOW	131/353	p.Ala131Ala	0.110429447852761	0.0980392156862745	0	0	0.09375	0	0	-0.0980392156862745	-0.09375	-0.00428921568627451	0.253067469325307	0.382588083990405	FALSE
S.CEREALE.LO7.r2.3RG00235730	chr3R_319559039_C_G	missense_variant	q56x72 reticulon protein n=4 taxid=3702	high	MODERATE	559/607	p.Asp559Glu	0.375	0.354748603351955	0	0	0.358757062146893	0	0.00571428571428571	-0.354748603351955	-0.353042776432607	-0.00170582691934834	9.99990000099999e-6	4.88189562548819e-5	TRUE
S.CEREALE.LO7.r2.3RG00253400	chr3R_704345772_C_T	synonymous_variant	uniref100 s type anion channel slah n=1 tax=arabidopsis thaliana taxid=3702 arath	high	LOW	93/615	p.Ser93Ser	0.0192307692307692	0.0210674157303371	0	0	0.0188405797101449	0	0	-0.0210674157303371	-0.0188405797101449	-0.00222683602019215	0.832791672083279	0.888967530264275	FALSE
S.CEREALE.LO7.r2.3RG00258800	chr3R_770579119_T_G	intron_variant	uniref100 gdsl esterase lipase n=1 tax=arabidopsis thaliana taxid=3702 arath	high	MODIFIER			0.0470219435736677	0.0689149560117302	0	0	0.0791788856304985	0.00854700854700855	0.0240384615384615	-0.0689149560117302	-0.055140424092037	-0.0137745319196932	9.99990000099999e-6	4.88189562548819e-5	TRUE
S.CEREALE.LO7.r2.3RG00259200	chr3R_773346760_T_C	downstream_gene_variant	uniref100 serine arginine rich splicing factor rsz n=1 tax=arabidopsis thaliana taxid=3702 arath	high	MODIFIER			0.0123076923076923	0.0298507462686567	0	0.00234741784037559	0.0252225519287834	0	0	-0.0275033284282811	-0.0252225519287834	-0.00228077649949775	9.99990000099999e-6	4.88189562548819e-5	TRUE
S.CEREALE.LO7.r2.3RG00260210	chr3R_784045685_A_G	intron_variant	rna polymerase iii subunit rpc domain containing protein expressed	high	MODIFIER			0.179941002949853	0.174157303370787	0	0	0.165242165242165	0	0.00227272727272727	-0.174157303370787	-0.162969437969438	-0.0111878654013486	9.99990000099999e-6	4.88189562548819e-5	TRUE
S.CEREALE.LO7.r2.3RG00260220	chr3R_784045685_A_G	upstream_gene_variant	uniref100 p25873 50s ribosomal protein l15 chloroplastic n=3 tax=arabidopsis thaliana taxid=3702 repid=rk15 arath	high	MODIFIER			0.179941002949853	0.174157303370787	0	0	0.165242165242165	0	0.00227272727272727	-0.174157303370787	-0.162969437969438	-0.0111878654013486	9.99990000099999e-6	4.88189562548819e-5	TRUE
S.CEREALE.LO7.r2.3RG00260380	chr3R_786881094_G_C	upstream_gene_variant	glycosyltransferases	high	MODIFIER			0.0735294117647059	0.0803324099722992	0.00956937799043062	0.0170940170940171	0.0833333333333333	0.0283400809716599	0.021551724137931	-0.0632383928782821	-0.0617816091954023	-0.00145678368287977	0.14439855601444	0.253780462195378	FALSE
S.CEREALE.LO7.r2.3RG00261070	chr3R_792749625_T_C	synonymous_variant	unknown protein	low	LOW	461/811	p.Glu461Glu	0.261834319526627	0.311797752808989	0.0833333333333333	0.0793269230769231	0.326149425287356	0.0450643776824034	0.0657276995305164	-0.232470829732066	-0.26042172575684	0.0279508960247742	0.005189948100519	0.0156589421230251	TRUE
S.CEREALE.LO7.r2.3RG00261080	chr3R_792749625_T_C	5_prime_UTR_variant	uniref100 pentatricopeptide repeat containing protein mitochondrial n=1 tax=arabidopsis thaliana taxid=3702 arath	high	MODIFIER			0.261834319526627	0.311797752808989	0.0833333333333333	0.0793269230769231	0.326149425287356	0.0450643776824034	0.0657276995305164	-0.232470829732066	-0.26042172575684	0.0279508960247742	0.005189948100519	0.0156589421230251	TRUE
S.CEREALE.LO7.r2.3RG00261090	chr3R_792749625_T_C	downstream_gene_variant	uniref100 dihydroorotase mitochondrial n=2 taxid=3702 repid=pyrc	high	MODIFIER			0.261834319526627	0.311797752808989	0.0833333333333333	0.0793269230769231	0.326149425287356	0.0450643776824034	0.0657276995305164	-0.232470829732066	-0.26042172575684	0.0279508960247742	0.005189948100519	0.0156589421230251	TRUE
S.CEREALE.LO7.r2.3RG00265490	chr3R_842151990_A_G	missense_variant	unknown protein	high	MODERATE	430/643|430/638|397/610	p.Phe430Leu|p.Phe397Leu	0.395833333333333	0.401129943502825	0.0754189944134078	0.074585635359116	0.413841807909605	0.0769230769230769	0.112021857923497	-0.326544308143709	-0.301819949986107	-0.0247243581576016	0.0687893121068789	0.143073628435313	FALSE
S.CEREALE.LO7.r2.3RG00266330	chr3R_847899737_G_C	intron_variant		low	MODIFIER			0.0415430267062315	0.0399449035812672	0	0	0.0350877192982456	0	0	-0.0399449035812672	-0.0350877192982456	-0.00485718428302161	0.903780962190378	0.934350024146817	FALSE
S.CEREALE.LO7.r2.3RG00268500	chr3R_868305062_G_T	splice_region_variant&intron_variant	non lysosomal glucosylceramidase	high	LOW			0.0720720720720721	0.0954415954415954	0	0	0.107758620689655	0.00823045267489712	0	-0.0954415954415954	-0.107758620689655	0.0123170252480597	9.99990000099999e-6	4.88189562548819e-5	TRUE
S.CEREALE.LO7.r2.3RG00268710	chr3R_870965508_C_T	intron_variant	o23487 transcription factor n=2 tax=arabidopsis thaliana taxid=3702 arath|uniref100 transcription factor bhlh n=1 tax=arabidopsis thaliana taxid=3702 arath	high	MODIFIER			0.119822485207101	0.136740331491713	0	0	0.134943181818182	0	0	-0.136740331491713	-0.134943181818182	-0.0017971496735309	0.264717352826472	0.392435487409832	FALSE
S.CEREALE.LO7.r2.3RG00268990	chr3R_872787956_G_C	5_prime_UTR_variant	uniref100 glucan endo beta glucosidase basic vacuolar isoform n=1 tax=nicotiana taxid=4092 repid=e13b	high	MODIFIER			0.0530973451327434	0.0476190476190476	0	0	0.0552407932011331	0	0	-0.0476190476190476	-0.0552407932011331	0.00762174558208552	0.163488365116349	0.275617075963533	FALSE
S.CEREALE.LO7.r2.3RG00270840	chr3R_894535077_T_C	synonymous_variant	uniref100 cytochrome p450 chloroplastic n=2 tax=arabidopsis thaliana taxid=3702 arath	high	LOW	412/514	p.Tyr412Tyr	0.0568862275449102	0.10632183908046	0	0	0.0771428571428571	0	0	-0.10632183908046	-0.0771428571428571	-0.0291789819376026	0.261617383826162	0.391312810276153	FALSE
S.CEREALE.LO7.r2.3RG00271050	chr3R_896472658_G_C	synonymous_variant	uniref100 trans cinnamate 4 monooxygenase n=3 tax=arabidopsis thaliana taxid=3702 repid=tcmo arath	high	LOW	86/506	p.Leu86Leu	0.117302052785924	0.148760330578512	0.00490196078431373	0	0.11864406779661	0.00204918032786885	0.00229357798165138	-0.148760330578512	-0.116350489814959	-0.0324098407635536	0.001339986600134	0.00490630510361563	TRUE
S.CEREALE.LO7.r2.3RG00271870	chr3R_906017459_G_T	missense_variant	uniref100 e3 ubiquitin protein ligase xbat n=3 tax=arabidopsis thaliana taxid=3702 arath	high	MODERATE	122/421	p.His122Gln	0.303571428571429	0.328571428571429	0	0.00806451612903226	0.360058309037901	0.00704225352112676	0.00769230769230769	-0.320506912442396	-0.352366001345593	0.0318590889031968	0.292527074729253	0.4171329280622	FALSE
S.CEREALE.LO7.r2.3RG00272420	chr3R_910247200_C_G	synonymous_variant	uniref100 interactor of constitutive active rops 2 n=1 tax=arabidopsis thaliana taxid=3702 arath	high	LOW	121/510	p.Ala121Ala	0.046875	0.038109756097561	0	0.00240384615384615	0.0528052805280528	0	0	-0.0357059099437148	-0.0528052805280528	0.017099370584338	9.99990000099999e-6	4.88189562548819e-5	TRUE
S.CEREALE.LO7.r2.3RG00272430	chr3R_910247200_C_G	upstream_gene_variant	unknown protein	high	MODIFIER			0.046875	0.038109756097561	0	0.00240384615384615	0.0528052805280528	0	0	-0.0357059099437148	-0.0528052805280528	0.017099370584338	9.99990000099999e-6	4.88189562548819e-5	TRUE
S.CEREALE.LO7.r2.3RG00274220	chr3R_927467688_T_C	3_prime_UTR_variant	q9fn03 ultraviolet b receptor uvr n=2 taxid=3702	high	MODIFIER			0.0459940652818991	0.0501392757660167	0	0	0.0487106017191977	0	0.00213675213675214	-0.0501392757660167	-0.0465738495824456	-0.00356542618357114	9.99990000099999e-6	4.88189562548819e-5	TRUE
S.CEREALE.LO7.r2.3RG00274540	chr3R_931148502_T_C	synonymous_variant	uniref100 laccase n=1 tax=oryza sativa subsp japonica taxid=39947 orysj	high	LOW	468/548	p.Leu468Leu	0.311926605504587	0.338616714697406	0.0804597701149425	0.121761658031088	0.351032448377581	0.126126126126126	0.128787878787879	-0.216855056666318	-0.222244569589702	0.00538951292338408	0.644423555764442	0.751339766867671	FALSE
S.CEREALE.LO7.r2.3RG00274630	chr3R_931971737_A_G	splice_region_variant&intron_variant	uniref100 alpha glucan phosphorylase 1 isozyme n=3 taxid=4113	high	LOW			0.285074626865672	0.263013698630137	0.0216216216216216	0.0148514851485149	0.248571428571429	0.0176211453744493	0.0161290322580645	-0.248162213481622	-0.232442396313364	-0.015719817168258	0.603583964160358	0.717968742478396	FALSE
S.CEREALE.LO7.r2.3RG00277140	chr3R_956297020_G_A	missense_variant	uniref100 protein nrt ptr family n=1 tax=arabidopsis thaliana taxid=3702 arath	high	MODERATE	487/551	p.Gly487Ser	0.0703363914373089	0.0813253012048193	0	0	0.0611620795107034	0	0	-0.0813253012048193	-0.0611620795107034	-0.0201632216941159	0.374466255337447	0.497636630438989	FALSE
S.CEREALE.LO7.r2.3RG00280160	chr3R_981087646_C_T	synonymous_variant	uniref100 ran gtpase activating protein n=1 tax=arabidopsis thaliana taxid=3702 arath	high	LOW	505/554	p.Pro505Pro	0.0716510903426791	0.0794117647058824	0	0	0.0454545454545455	0	0	-0.0794117647058824	-0.0454545454545455	-0.0339572192513369	0.0831991680083199	0.168071882499566	FALSE
S.CEREALE.LO7.r2.3RG00280170	chr3R_981087646_C_T	downstream_gene_variant	calcineurin phosphoesterase	high	MODIFIER			0.0716510903426791	0.0794117647058824	0	0	0.0454545454545455	0	0	-0.0794117647058824	-0.0454545454545455	-0.0339572192513369	0.0831991680083199	0.168071882499566	FALSE
S.CEREALE.LO7.r2.3RG00283250	chr3R_1001211060_C_A	upstream_gene_variant	unknown protein	high	MODIFIER			0.0282131661442006	0.0368098159509202	0	0	0.0256797583081571	0	0	-0.0368098159509202	-0.0256797583081571	-0.0111300576427631	0.440305596944031	0.562803390147917	FALSE
S.CEREALE.LO7.r2.3RG00283260	chr3R_1001211060_C_A	5_prime_UTR_variant	unknown protein	high	MODIFIER			0.0282131661442006	0.0368098159509202	0	0	0.0256797583081571	0	0	-0.0368098159509202	-0.0256797583081571	-0.0111300576427631	0.440305596944031	0.562803390147917	FALSE
S.CEREALE.LO7.r2.3RG00283740	chr3R_1004432352_A_C	intron_variant	uniref100 increased dna methylation n=2 tax=arabidopsis thaliana taxid=3702 arath	high	MODIFIER			0.103550295857988	0.0905292479108635	0.0147783251231527	0.0177777777777778	0.0941176470588235	0.00409836065573771	0.00684931506849315	-0.0727514701330857	-0.0872683319903304	0.0145168618572447	1.9999800002e-5	9.31116516649403e-5	TRUE
S.CEREALE.LO7.r2.3RG00283750	chr3R_1004432352_A_C	downstream_gene_variant	unknown protein	high	MODIFIER			0.103550295857988	0.0905292479108635	0.0147783251231527	0.0177777777777778	0.0941176470588235	0.00409836065573771	0.00684931506849315	-0.0727514701330857	-0.0872683319903304	0.0145168618572447	1.9999800002e-5	9.31116516649403e-5	TRUE
S.CEREALE.LO7.r2.3RG00284270	chr3R_1008725916_C_A	downstream_gene_variant	unknown protein	low	MODIFIER			0.172256097560976	0.201680672268908	0.00247524752475248	0	0.165217391304348	0	0.00444444444444444	-0.201680672268908	-0.160772946859903	-0.0409077254090042	9.99990000099999e-6	4.88189562548819e-5	TRUE
S.CEREALE.LO7.r2.3RG00284280	chr3R_1008725916_C_A	splice_region_variant&intron_variant	uniref100 signal peptide peptidase n=1 tax=oryza sativa taxid=39947 orysj	high	LOW			0.172256097560976	0.201680672268908	0.00247524752475248	0	0.165217391304348	0	0.00444444444444444	-0.201680672268908	-0.160772946859903	-0.0409077254090042	9.99990000099999e-6	4.88189562548819e-5	TRUE
S.CEREALE.LO7.r2.3RG00284290	chr3R_1008725916_C_A	downstream_gene_variant	uniref100 subtilisin protease sbt n=1 tax=arabidopsis thaliana taxid=3702 arath	low	MODIFIER			0.172256097560976	0.201680672268908	0.00247524752475248	0	0.165217391304348	0	0.00444444444444444	-0.201680672268908	-0.160772946859903	-0.0409077254090042	9.99990000099999e-6	4.88189562548819e-5	TRUE
S.CEREALE.LO7.r2.3RG00284300	chr3R_1008725916_C_A	upstream_gene_variant	uniref100 signal peptide peptidase n=1 tax=oryza sativa taxid=39947 orysj	low	MODIFIER			0.172256097560976	0.201680672268908	0.00247524752475248	0	0.165217391304348	0	0.00444444444444444	-0.201680672268908	-0.160772946859903	-0.0409077254090042	9.99990000099999e-6	4.88189562548819e-5	TRUE
S.CEREALE.LO7.r2.3RG00287970	chr3R_1036821579_A_G	downstream_gene_variant	uniref100 defensin tk amp d1 n=3 tax=triticum taxid=4564 repid=def1 trikh	low	MODIFIER			0.0575221238938053	0.0666666666666667	0.0024390243902439	0.0110132158590308	0.0869565217391304	0.00619834710743802	0.014957264957265	-0.0556534508076358	-0.0719992567818655	0.0163458059742296	0.864791352086479	0.908181007608702	FALSE
S.CEREALE.LO7.r2.3RG00287970	chr3R_1036821630_T_G	downstream_gene_variant	uniref100 defensin tk amp d1 n=3 tax=triticum taxid=4564 repid=def1 trikh	low	MODIFIER			0.0250737463126844	0.0403899721448468	0	0	0.0565217391304348	0	0	-0.0403899721448468	-0.0565217391304348	0.016131766985588	0.035369646303537	0.0828828711712883	FALSE
S.CEREALE.LO7.r2.3RG00287980	chr3R_1036821579_A_G	synonymous_variant	uniref100 transcription factor bhlh n=1 tax=arabidopsis thaliana taxid=3702 arath	high	LOW	121/302	p.Asp121Asp	0.0575221238938053	0.0666666666666667	0.0024390243902439	0.0110132158590308	0.0869565217391304	0.00619834710743802	0.014957264957265	-0.0556534508076358	-0.0719992567818655	0.0163458059742296	0.864791352086479	0.908181007608702	FALSE
S.CEREALE.LO7.r2.3RG00287980	chr3R_1036821630_T_G	intron_variant	uniref100 transcription factor bhlh n=1 tax=arabidopsis thaliana taxid=3702 arath	high	MODIFIER			0.0250737463126844	0.0403899721448468	0	0	0.0565217391304348	0	0	-0.0403899721448468	-0.0565217391304348	0.016131766985588	0.035369646303537	0.0828828711712883	FALSE
S.CEREALE.LO7.r2.3RG00292450	chr3R_1051581103_G_A	downstream_gene_variant	bifunctional purine biosynthesis protein purh	high	MODIFIER			0.0256797583081571	0.0366197183098592	0	0	0.0326409495548961	0	0.00225225225225225	-0.0366197183098592	-0.0303886973026439	-0.00623102100721526	9.99990000099999e-6	4.88189562548819e-5	TRUE
S.CEREALE.LO7.r2.3RG00292460	chr3R_1051581103_G_A	synonymous_variant	uniref100 f box fbd lrr repeat protein n=1 tax=arabidopsis thaliana taxid=3702 arath	high	LOW	197/407	p.Leu197Leu	0.0256797583081571	0.0366197183098592	0	0	0.0326409495548961	0	0.00225225225225225	-0.0366197183098592	-0.0303886973026439	-0.00623102100721526	9.99990000099999e-6	4.88189562548819e-5	TRUE
S.CEREALE.LO7.r2.3RG00293560	chr3R_1054884096_A_G	downstream_gene_variant	uniref100 hydroxycinnamoyltransferase n=2 tax=arabidopsis thaliana taxid=3702 arath	high	MODIFIER			0.384848484848485	0.332386363636364	0.133838383838384	0.189252336448598	0.342857142857143	0.13034188034188	0.146511627906977	-0.143134027187766	-0.196345514950166	0.0532114877624006	0.054389456105439	0.11764857736038	FALSE
S.CEREALE.LO7.r2.3RG00293570	chr3R_1054884096_A_G	missense_variant	disease resistance protein rpp n=5 tax=arabidopsis thaliana taxid=3702 repid=rpp13 arath	high	MODERATE	73/252	p.Asn73Ser	0.384848484848485	0.332386363636364	0.133838383838384	0.189252336448598	0.342857142857143	0.13034188034188	0.146511627906977	-0.143134027187766	-0.196345514950166	0.0532114877624006	0.054389456105439	0.11764857736038	FALSE
S.CEREALE.LO7.r2.3RG00293580	chr3R_1054884096_A_G	downstream_gene_variant	uniref100 disease resistance protein rpm n=4 tax=arabidopsis thaliana taxid=3702 arath	high	MODIFIER			0.384848484848485	0.332386363636364	0.133838383838384	0.189252336448598	0.342857142857143	0.13034188034188	0.146511627906977	-0.143134027187766	-0.196345514950166	0.0532114877624006	0.054389456105439	0.11764857736038	FALSE
S.CEREALE.LO7.r2.3RG00293590	chr3R_1054884096_A_G	upstream_gene_variant	uniref100 sugar transport protein n=1 tax=arabidopsis thaliana taxid=3702 arath	high	MODIFIER			0.384848484848485	0.332386363636364	0.133838383838384	0.189252336448598	0.342857142857143	0.13034188034188	0.146511627906977	-0.143134027187766	-0.196345514950166	0.0532114877624006	0.054389456105439	0.11764857736038	FALSE
S.CEREALE.LO7.r2.3RG00295400	chr3R_1061902964_G_A	downstream_gene_variant	unknown protein	high	MODIFIER			0.230088495575221	0.246518105849582	0	0.00225225225225225	0.192634560906516	0	0	-0.24426585359733	-0.192634560906516	-0.0516312926908143	9.99990000099999e-6	4.88189562548819e-5	TRUE
S.CEREALE.LO7.r2.3RG00295410	chr3R_1061902964_G_A	missense_variant	uniref100 zinc finger ccch domain containing protein n=2 tax=oryza taxid=39947 orysj	high	MODERATE	282/656	p.Val282Met	0.230088495575221	0.246518105849582	0	0.00225225225225225	0.192634560906516	0	0	-0.24426585359733	-0.192634560906516	-0.0516312926908143	9.99990000099999e-6	4.88189562548819e-5	TRUE
S.CEREALE.LO7.r2.4RG00300670	chr4R_8957808_G_C	downstream_gene_variant	unknown protein	low	MODIFIER			0.0973451327433628	0.0980392156862745	0	0	0.0843023255813954	0	0	-0.0980392156862745	-0.0843023255813954	-0.0137368901048792	0.896911030889691	0.931092414739569	FALSE
S.CEREALE.LO7.r2.4RG00300680	chr4R_8957808_G_C	upstream_gene_variant	uniref100 f box kelch repeat protein n=1 tax=arabidopsis thaliana taxid=3702 arath	low	MODIFIER			0.0973451327433628	0.0980392156862745	0	0	0.0843023255813954	0	0	-0.0980392156862745	-0.0843023255813954	-0.0137368901048792	0.896911030889691	0.931092414739569	FALSE
S.CEREALE.LO7.r2.4RG00300690	chr4R_8957808_G_C	synonymous_variant	uniref100 acyl transferase n=1 tax=oryza sativa subsp japonica taxid=39947 orysj	high	LOW	181/423	p.Gly181Gly	0.0973451327433628	0.0980392156862745	0	0	0.0843023255813954	0	0	-0.0980392156862745	-0.0843023255813954	-0.0137368901048792	0.896911030889691	0.931092414739569	FALSE
S.CEREALE.LO7.r2.4RG00304420	chr4R_32839705_G_A	splice_region_variant&intron_variant	uniref100 transcription factor bhlh n=1 tax=arabidopsis thaliana taxid=3702 arath	high	LOW			0.0692307692307692	0.0668693009118541	0.0247524752475248	0.00688073394495413	0.0583832335329341	0.00206611570247934	0.00710900473933649	-0.0599885669669	-0.0512742287935977	-0.00871433817330233	0.010629893701063	0.0290733914366283	TRUE
S.CEREALE.LO7.r2.4RG00304420	chr4R_32839709_A_G	intron_variant	uniref100 transcription factor bhlh n=1 tax=arabidopsis thaliana taxid=3702 arath	high	MODIFIER			0.0276923076923077	0.0334346504559271	0	0	0.0269461077844311	0	0	-0.0334346504559271	-0.0269461077844311	-0.00648854267149591	0.959070409295907	0.967326395602615	FALSE
S.CEREALE.LO7.r2.4RG00309670	chr4R_54586996_A_G	missense_variant	uniref100 chaperone protein clpc chloroplastic n=1 tax=oryza sativa subsp japonica taxid=39947 orysj	high	MODERATE	259/673	p.Ile259Val	0.411660777385159	0.531976744186046	0.451612903225806	0.26536312849162	0.584745762711864	0.37280701754386	0.378787878787879	-0.266613615694426	-0.205957883923986	-0.0606557317704407	0.435635643643564	0.558853754528148	FALSE
S.CEREALE.LO7.r2.4RG00309680	chr4R_54586996_A_G	upstream_gene_variant	unknown protein	high	MODIFIER			0.411660777385159	0.531976744186046	0.451612903225806	0.26536312849162	0.584745762711864	0.37280701754386	0.378787878787879	-0.266613615694426	-0.205957883923986	-0.0606557317704407	0.435635643643564	0.558853754528148	FALSE
S.CEREALE.LO7.r2.4RG00309910	chr4R_55982036_C_G	downstream_gene_variant	uniref100 mitogen activated protein kinase n=1 tax=arabidopsis thaliana taxid=3702 arath	high	MODIFIER			0.116352201257862	0.108359133126935	0	0	0.0870870870870871	0	0	-0.108359133126935	-0.0870870870870871	-0.0212720460398479	0.664593354066459	0.762168234761372	FALSE
S.CEREALE.LO7.r2.4RG00312390	chr4R_70607149_A_G	intron_variant	uniref100 gtp binding protein chloroplastic n=2 tax=arabidopsis thaliana taxid=3702 arath	high	MODIFIER			0.00744047619047619	0.0332369942196532	0	0	0.023121387283237	0	0	-0.0332369942196532	-0.023121387283237	-0.0101156069364162	0.506984930150698	0.633055783118901	FALSE
S.CEREALE.LO7.r2.4RG00313390	chr4R_76689566_A_T	synonymous_variant	uniref100 zinc finger bed domain containing protein ricesleeper n=1 tax=oryza sativa subsp japonica taxid=39947 orysj	high	LOW	531/733	p.Ala531Ala	0.0360655737704918	0.0392441860465116	0	0	0.0442857142857143	0	0	-0.0392441860465116	-0.0442857142857143	0.00504152823920266	0.17829821701783	0.295621807932864	FALSE
S.CEREALE.LO7.r2.4RG00314010	chr4R_80134685_G_A	downstream_gene_variant	uniref100 pentatricopeptide repeat containing protein n=1 tax=arabidopsis thaliana taxid=3702 arath	high	MODIFIER			0.144171779141104	0.165714285714286	0.00285714285714286	0.00252525252525253	0.163323782234957	0.00235849056603774	0	-0.163189033189033	-0.163323782234957	1.3474904592383e-4	9.99990000099999e-6	4.88189562548819e-5	TRUE
S.CEREALE.LO7.r2.4RG00314020	chr4R_80134685_G_A	synonymous_variant	uniref100 endoglucanase n=1 tax=arabidopsis thaliana taxid=3702 arath	high	LOW	268/621	p.Leu268Leu	0.144171779141104	0.165714285714286	0.00285714285714286	0.00252525252525253	0.163323782234957	0.00235849056603774	0	-0.163189033189033	-0.163323782234957	1.3474904592383e-4	9.99990000099999e-6	4.88189562548819e-5	TRUE
S.CEREALE.LO7.r2.4RG00314030	chr4R_80134685_G_A	downstream_gene_variant	expressed protein	high	MODIFIER			0.144171779141104	0.165714285714286	0.00285714285714286	0.00252525252525253	0.163323782234957	0.00235849056603774	0	-0.163189033189033	-0.163323782234957	1.3474904592383e-4	9.99990000099999e-6	4.88189562548819e-5	TRUE
S.CEREALE.LO7.r2.4RG00317520	chr4R_111919158_A_T	intron_variant	expressed protein	high|low	MODIFIER			0.0363924050632911	0.0679012345679012	0	0	0.0604229607250755	0	0	-0.0679012345679012	-0.0604229607250755	-0.0074782738428257	0.854161458385416	0.900263126304269	FALSE
S.CEREALE.LO7.r2.4RG00318790	chr4R_126467610_C_A	upstream_gene_variant|intron_variant	uniref100 dexh box atp dependent rna helicase n=1 tax=arabidopsis thaliana taxid=3702 arath	high	MODIFIER			0.0234604105571848	0.038781163434903	0	0	0.0270655270655271	0.00201612903225806	0	-0.038781163434903	-0.0270655270655271	-0.011715636369376	9.99990000099999e-6	4.88189562548819e-5	TRUE
S.CEREALE.LO7.r2.4RG00322090	chr4R_161407288_C_T	missense_variant	zinc finger c2h2 type family protein expressed	high	MODERATE	43/438	p.Gly43Glu	0.390060240963855	0.434065934065934	0.234463276836158	0.161458333333333	0.450867052023121	0.208955223880597	0.191176470588235	-0.272607600732601	-0.259690581434886	-0.0129170192977146	0.897981020189798	0.931092414739569	FALSE
S.CEREALE.LO7.r2.4RG00323130	chr4R_171841383_T_C	intron_variant	uniref100 p23922 transcription factor hbp 1a n=1 tax=triticum aestivum taxid=4565 repid=hbp1a wheat	high	MODIFIER			0.0411585365853659	0.026813880126183	0	0	0.0227272727272727	0	0	-0.026813880126183	-0.0227272727272727	-0.00408660739891024	0.852111478885211	0.899451005489945	FALSE
S.CEREALE.LO7.r2.4RG00323960	chr4R_182033778_C_T	missense_variant	q8rwd5 coiled coil domain containing protein scd n=3 taxid=3702	high	MODERATE	236/786	p.Arg236Gln	0.247058823529412	0.243801652892562	0.00742574257425743	0.00228310502283105	0.216101694915254	0.00212765957446809	0.00442477876106195	-0.241518547869731	-0.211676916154192	-0.0298416317155386	0.864211357886421	0.908181007608702	FALSE
S.CEREALE.LO7.r2.4RG00323970	chr4R_182033778_C_T	downstream_gene_variant	unknown protein	high	MODIFIER			0.247058823529412	0.243801652892562	0.00742574257425743	0.00228310502283105	0.216101694915254	0.00212765957446809	0.00442477876106195	-0.241518547869731	-0.211676916154192	-0.0298416317155386	0.864211357886421	0.908181007608702	FALSE
S.CEREALE.LO7.r2.4RG00340330	chr4R_540670965_C_G	downstream_gene_variant	uniref100 o64571 ubp associated proteins 1c n=1 tax=arabidopsis thaliana taxid=3702 repid=uba1c arath	low	MODIFIER			0.0903426791277258	0.100890207715134	0	0	0.0985074626865672	0.00204918032786885	0	-0.100890207715134	-0.0985074626865672	-0.00238274502856636	9.99990000099999e-6	4.88189562548819e-5	TRUE
S.CEREALE.LO7.r2.4RG00340340	chr4R_540670965_C_G	missense_variant	chorismate mutase 3 n=2 tax=arabidopsis thaliana taxid=3702 arath	high	MODERATE	136/290	p.Val136Leu	0.0903426791277258	0.100890207715134	0	0	0.0985074626865672	0.00204918032786885	0	-0.100890207715134	-0.0985074626865672	-0.00238274502856636	9.99990000099999e-6	4.88189562548819e-5	TRUE
S.CEREALE.LO7.r2.4RG00340870	chr4R_545824511_G_A	downstream_gene_variant	unknown protein	high	MODIFIER			0.0177514792899408	0.0258620689655172	0	0	0.0398860398860399	0	0.00219298245614035	-0.0258620689655172	-0.0376930574298995	0.0118309884643823	2.9999700003e-5	1.3606315549747e-4	TRUE
S.CEREALE.LO7.r2.4RG00340880	chr4R_545824511_G_A	3_prime_UTR_variant	uniref100 dihydroflavonol 4 reductase n=2 tax=arabidopsis thaliana taxid=3702 repid=dfra arath	high	MODIFIER			0.0177514792899408	0.0258620689655172	0	0	0.0398860398860399	0	0.00219298245614035	-0.0258620689655172	-0.0376930574298995	0.0118309884643823	2.9999700003e-5	1.3606315549747e-4	TRUE
S.CEREALE.LO7.r2.4RG00342150	chr4R_562065554_G_A	synonymous_variant	unknown protein	high	LOW	888/1004	p.Cys888Cys	0.28023598820059	0.255464480874317	0	0.00238095238095238	0.233802816901408	0.00222222222222222	0.00241545893719807	-0.253083528493365	-0.23138735796421	-0.0216961705291542	0.002589974100259	0.00862161189708858	TRUE
S.CEREALE.LO7.r2.4RG00347700	chr4R_622298450_A_G	3_prime_UTR_variant		low	MODIFIER			0.086687306501548	0.0797546012269939	0	0	0.0792682926829268	0	0	-0.0797546012269939	-0.0792682926829268	-4.8630854406703e-4	0.370966290337097	0.495797152294637	FALSE
S.CEREALE.LO7.r2.4RG00347710	chr4R_622298450_A_G	downstream_gene_variant	calmodulin binding heat shock protein	high	MODIFIER			0.086687306501548	0.0797546012269939	0	0	0.0792682926829268	0	0	-0.0797546012269939	-0.0792682926829268	-4.8630854406703e-4	0.370966290337097	0.495797152294637	FALSE
S.CEREALE.LO7.r2.4RG00348020	chr4R_628146832_C_A	downstream_gene_variant	rich receptor protein kinase	high	MODIFIER			0.120743034055728	0.108108108108108	0	0	0.120060790273556	0	0	-0.108108108108108	-0.120060790273556	0.0119526821654481	0.0964990350096499	0.18740005970106	FALSE
S.CEREALE.LO7.r2.4RG00348030	chr4R_628146832_C_A	synonymous_variant	uniref100 q39962 citrate binding protein n=1 tax=hevea brasiliensis taxid=3981 repid=cbpr hevbr	high	LOW	55/224	p.Pro55Pro	0.120743034055728	0.108108108108108	0	0	0.120060790273556	0	0	-0.108108108108108	-0.120060790273556	0.0119526821654481	0.0964990350096499	0.18740005970106	FALSE
S.CEREALE.LO7.r2.4RG00350640	chr4R_650823624_A_G	5_prime_UTR_variant	uniref100 aquaporin nip n=1 tax=oryza sativa taxid=39947 orysj	high	MODIFIER			0.0257575757575758	0.0417910447761194	0	0	0.0341246290801187	0	0	-0.0417910447761194	-0.0341246290801187	-0.00766641569600071	0.660863391366086	0.760371463388476	FALSE
S.CEREALE.LO7.r2.4RG00350650	chr4R_650823624_A_G	downstream_gene_variant	unknown protein	high	MODIFIER			0.0257575757575758	0.0417910447761194	0	0	0.0341246290801187	0	0	-0.0417910447761194	-0.0341246290801187	-0.00766641569600071	0.660863391366086	0.760371463388476	FALSE
S.CEREALE.LO7.r2.4RG00351560	chr4R_658464343_G_C	upstream_gene_variant	uniref100 ethylene responsive transcription factor erf n=1 tax=arabidopsis thaliana taxid=3702 arath	high	MODIFIER			0.0915032679738562	0.115873015873016	0.0670103092783505	0.0480769230769231	0.093167701863354	0.02	0.024390243902439	-0.0677960927960928	-0.068777457960915	9.8136516482219e-4	0.013059869401306	0.034909080566989	TRUE
S.CEREALE.LO7.r2.4RG00352180	chr4R_664767788_A_G	downstream_gene_variant	uniref100 dna replication licensing factor mcm n=1 tax=oryza sativa subsp taxid=39946	high	MODIFIER			0.285928143712575	0.295389048991354	0.0427807486631016	0.0753768844221106	0.296407185628743	0.0446009389671362	0.195979899497487	-0.220012164569244	-0.100427286131255	-0.119584878437989	9.99990000099999e-6	4.88189562548819e-5	TRUE
S.CEREALE.LO7.r2.4RG00352190	chr4R_664767788_A_G	upstream_gene_variant	uniref100 blue copper protein n=2 tax=arabidopsis thaliana taxid=3702 arath	high	MODIFIER			0.285928143712575	0.295389048991354	0.0427807486631016	0.0753768844221106	0.296407185628743	0.0446009389671362	0.195979899497487	-0.220012164569244	-0.100427286131255	-0.119584878437989	9.99990000099999e-6	4.88189562548819e-5	TRUE
S.CEREALE.LO7.r2.4RG00353580	chr4R_678499110_T_C	missense_variant	uniref100 protein trichome birefringence n=1 tax=arabidopsis thaliana taxid=3702 arath	high	MODERATE	361/850	p.Asp361Gly	0.116459627329193	0.144542772861357	0.00824175824175824	0	0.148367952522255	0.00717703349282297	0.0136612021857924	-0.144542772861357	-0.134706750336463	-0.0098360225248941	9.99990000099999e-6	4.88189562548819e-5	TRUE
S.CEREALE.LO7.r2.4RG00355040	chr4R_691160278_T_C	synonymous_variant	e3 ubiquitin protein ligase	high	LOW	96/314	p.His96His	0.224683544303797	0.220414201183432	0.00746268656716418	0.00943396226415094	0.218289085545723	0.012396694214876	0.00681818181818182	-0.210980238919281	-0.211470903727541	4.906648082599e-4	0.583464165358346	0.69639271349222	FALSE
S.CEREALE.LO7.r2.4RG00355050	chr4R_691160278_T_C	downstream_gene_variant		low	MODIFIER			0.224683544303797	0.220414201183432	0.00746268656716418	0.00943396226415094	0.218289085545723	0.012396694214876	0.00681818181818182	-0.210980238919281	-0.211470903727541	4.906648082599e-4	0.583464165358346	0.69639271349222	FALSE
S.CEREALE.LO7.r2.4RG00356010	chr4R_698586926_T_A	intron_variant	uniref100 glutamate receptor n=1 tax=arabidopsis thaliana taxid=3702 arath	high	MODIFIER			0.169781931464174	0.180790960451977	0	0	0.152173913043478	0	0	-0.180790960451977	-0.152173913043478	-0.0286170474084991	0.773232267677323	0.845384578813621	FALSE
S.CEREALE.LO7.r2.4RG00356590	chr4R_702571866_C_A	synonymous_variant	uniref100 proline rich receptor protein kinase perk n=1 tax=arabidopsis thaliana taxid=3702 arath	high	LOW	284/1031	p.Leu284Leu	0.0982142857142857	0.0926966292134832	0.0072463768115942	0	0.0906515580736544	0.00612244897959184	0	-0.0926966292134832	-0.0906515580736544	-0.00204507113982876	0.509754902450976	0.634261409598294	FALSE
S.CEREALE.LO7.r2.4RG00357100	chr4R_707141736_T_C	intron_variant	uniref100 transcription factor bhlh n=1 tax=arabidopsis thaliana taxid=3702 arath	high	MODIFIER			0.321533923303835	0.271587743732591	0.0102564102564103	0.00448430493273543	0.254237288135593	0	0	-0.267103438799855	-0.254237288135593	-0.0128661506642619	9.99990000099999e-6	4.88189562548819e-5	TRUE
S.CEREALE.LO7.r2.4RG00360010	chr4R_729047663_A_G	downstream_gene_variant	uniref100 exocyst complex component exo70a1 n=3 tax=arabidopsis thaliana taxid=3702 arath	high	MODIFIER			0.160606060606061	0.112759643916914	0.0128205128205128	0.00966183574879227	0.129464285714286	0.0127118644067797	0.00476190476190476	-0.103097808168122	-0.124702380952381	0.0216045727842593	0.002069979300207	0.00713331101983098	TRUE
S.CEREALE.LO7.r2.4RG00363150	chr4R_747281046_T_C	intron_variant	uniref100 abc transporter c family member n=1 tax=arabidopsis thaliana taxid=3702 arath	high	MODIFIER			0.413432835820896	0.473684210526316	0.338709677419355	0.317961165048544	0.468660968660969	0.29295154185022	0.256613756613757	-0.155723045477772	-0.212047212047212	0.05632416656944	0.108378916210838	0.203717588492564	FALSE
S.CEREALE.LO7.r2.4RG00363270	chr4R_747687465_T_C	missense_variant	uniref100 receptor serine threonine protein kinase n=2 tax=arabidopsis thaliana taxid=3702 arath	high	MODERATE	223/484	p.Thr223Ala	0.00895522388059702	0.0256410256410256	0	0	0.0188405797101449	0	0	-0.0256410256410256	-0.0188405797101449	-0.00680044593088071	0.689953100468995	0.781454230546261	FALSE
S.CEREALE.LO7.r2.4RG00363270	chr4R_747687469_C_G	synonymous_variant	uniref100 receptor serine threonine protein kinase n=2 tax=arabidopsis thaliana taxid=3702 arath	high	LOW	221/484	p.Val221Val	0.249253731343284	0.272079772079772	0	0	0.297101449275362	0	0	-0.272079772079772	-0.297101449275362	0.0250216771955902	0.011579884201158	0.0313102253592849	TRUE
S.CEREALE.LO7.r2.4RG00364710	chr4R_755813834_C_T	synonymous_variant	uniref100 gdsl esterase lipase n=1 tax=arabidopsis thaliana taxid=3702 arath	high	LOW	124/374	p.Phe124Phe	0.0421686746987952	0.0352112676056338	0	0	0.0347826086956522	0	0	-0.0352112676056338	-0.0347826086956522	-4.2865890998163e-4	0.557264427355726	0.671967225439238	FALSE
S.CEREALE.LO7.r2.4RG00364720	chr4R_755813834_C_T	upstream_gene_variant		low	MODIFIER			0.0421686746987952	0.0352112676056338	0	0	0.0347826086956522	0	0	-0.0352112676056338	-0.0347826086956522	-4.2865890998163e-4	0.557264427355726	0.671967225439238	FALSE
S.CEREALE.LO7.r2.4RG00364940	chr4R_756765210_A_G	missense_variant	cle family oscle protein	high	MODERATE	27/97	p.Ser27Pro	0.0311475409836066	0.0287878787878788	0	0	0.0274390243902439	0	0	-0.0287878787878788	-0.0274390243902439	-0.00134885439763489	0.837121628783712	0.888967530264275	FALSE
S.CEREALE.LO7.r2.4RG00366080	chr4R_761141456_G_C	synonymous_variant	uniref100 f box protein n=1 tax=arabidopsis thaliana taxid=3702 arath	high	LOW	172/228	p.Val172Val	0.21583850931677	0.20933734939759	0	0	0.197916666666667	0.00425531914893617	0.00234741784037559	-0.20933734939759	-0.195569248826291	-0.0137681005712993	9.99990000099999e-6	4.88189562548819e-5	TRUE
S.CEREALE.LO7.r2.4RG00367400	chr4R_766902678_G_C	downstream_gene_variant	uniref100 acyl transferase n=1 tax=oryza sativa subsp japonica taxid=39947 orysj	high	MODIFIER			0.0958083832335329	0.0716374269005848	0.0122549019607843	0.0138248847926267	0.0853293413173653	0.0145228215767635	0.0144927536231884	-0.0578125421079581	-0.0708365876941769	0.0130240455862188	0.526434735652643	0.649269507304927	FALSE
S.CEREALE.LO7.r2.4RG00367410	chr4R_766902678_G_C	synonymous_variant	uniref100 acyl transferase n=1 tax=oryza sativa subsp japonica taxid=39947 orysj	high	LOW	109/466	p.Val109Val	0.0958083832335329	0.0716374269005848	0.0122549019607843	0.0138248847926267	0.0853293413173653	0.0145228215767635	0.0144927536231884	-0.0578125421079581	-0.0708365876941769	0.0130240455862188	0.526434735652643	0.649269507304927	FALSE
S.CEREALE.LO7.r2.4RG00375060	chr4R_794358416_C_T	downstream_gene_variant	unknown protein	high	MODIFIER			0.0480480480480481	0.0558912386706949	0	0	0.0361635220125786	0	0	-0.0558912386706949	-0.0361635220125786	-0.0197277166581162	0.312926870731293	0.439096986275646	FALSE
S.CEREALE.LO7.r2.4RG00375070	chr4R_794358416_C_T	synonymous_variant	uniref100 transcription factor gte n=1 tax=arabidopsis thaliana taxid=3702 arath	high	LOW	25/351	p.Ser25Ser	0.0480480480480481	0.0558912386706949	0	0	0.0361635220125786	0	0	-0.0558912386706949	-0.0361635220125786	-0.0197277166581162	0.312926870731293	0.439096986275646	FALSE
S.CEREALE.LO7.r2.4RG00376220	chr4R_799393512_C_T	missense_variant	rlg tspe fatima consensus 1 triticeae species retrotransposon ltr gypsy protein	high	MODERATE	13/441	p.Leu13Phe	0.139705882352941	0.145251396648045	0	0	0.148571428571429	0	0	-0.145251396648045	-0.148571428571429	0.00332003192338387	0.0841991580084199	0.168638199657889	FALSE
S.CEREALE.LO7.r2.4RG00376220	chr4R_799393517_C_T	synonymous_variant	rlg tspe fatima consensus 1 triticeae species retrotransposon ltr gypsy protein	high	LOW	14/441	p.Leu14Leu	0.272058823529412	0.317796610169492	0.00273224043715847	0.00485436893203884	0.28735632183908	0	0	-0.312942241237453	-0.28735632183908	-0.0255859193983722	9.99990000099999e-6	4.88189562548819e-5	TRUE
S.CEREALE.LO7.r2.4RG00377200	chr4R_803209286_G_C	upstream_gene_variant	unknown protein	low	MODIFIER			0.29746835443038	0.277272727272727	0.258536585365854	0.147058823529412	0.277777777777778	0.281632653061225	0.147887323943662	-0.130213903743316	-0.129890453834116	-3.2344990919969e-4	0.814251857481425	0.875258495121471	FALSE
S.CEREALE.LO7.r2.4RG00377350	chr4R_803981871_G_A	downstream_gene_variant	unknown protein	high	MODIFIER			0.0258358662613982	0.0224550898203593	0	0	0.0233644859813084	0	0	-0.0224550898203593	-0.0233644859813084	9.0939616094912e-4	0.62230377696223	0.734026099336322	FALSE
S.CEREALE.LO7.r2.4RG00379900	chr4R_818309288_C_T	intron_variant		low	MODIFIER			0.2265625	0.23208722741433	0.0283505154639175	0.0213903743315508	0.21580547112462	0.00684931506849315	0.0197044334975369	-0.210696853082779	-0.196101037627083	-0.0145958154556963	0.014919850801492	0.0382797631877696	TRUE
S.CEREALE.LO7.r2.4RG00379910	chr4R_818309288_C_T	upstream_gene_variant	uniref100 peptidyl prolyl cis trans isomerase cyp n=1 tax=arabidopsis thaliana taxid=3702 arath	high	MODIFIER			0.2265625	0.23208722741433	0.0283505154639175	0.0213903743315508	0.21580547112462	0.00684931506849315	0.0197044334975369	-0.210696853082779	-0.196101037627083	-0.0145958154556963	0.014919850801492	0.0382797631877696	TRUE
S.CEREALE.LO7.r2.4RG00383940	chr4R_839345374_A_G	missense_variant	uniref100 cytochrome p450 n=1 tax=arabidopsis thaliana taxid=3702 repid= arath	high	MODERATE	33/516	p.Ser33Gly	0.285488958990536	0.308695652173913	0	0	0.284256559766764	0	0	-0.308695652173913	-0.284256559766764	-0.0244390924071492	0.273507264927351	0.399887539586143	FALSE
S.CEREALE.LO7.r2.4RG00385800	chr4R_845477429_G_C	upstream_gene_variant	unknown protein	low	MODIFIER			0.233823529411765	0.245152354570637	0.082089552238806	0.0633484162895928	0.203703703703704	0.0622406639004149	0.0577777777777778	-0.181803938281044	-0.145925925925926	-0.0358780123551185	0.748542514574854	0.82870139802539	FALSE
S.CEREALE.LO7.r2.4RG00385810	chr4R_845477429_G_C	missense_variant	uniref100 superoxide dismutase [mn] 1 mitochondrial n=2 tax=arabidopsis thaliana taxid=3702 arath	high	MODERATE	95/389	p.His95Asp	0.233823529411765	0.245152354570637	0.082089552238806	0.0633484162895928	0.203703703703704	0.0622406639004149	0.0577777777777778	-0.181803938281044	-0.145925925925926	-0.0358780123551185	0.748542514574854	0.82870139802539	FALSE
S.CEREALE.LO7.r2.4RG00385820	chr4R_845477429_G_C	upstream_gene_variant	cyclops	high	MODIFIER			0.233823529411765	0.245152354570637	0.082089552238806	0.0633484162895928	0.203703703703704	0.0622406639004149	0.0577777777777778	-0.181803938281044	-0.145925925925926	-0.0358780123551185	0.748542514574854	0.82870139802539	FALSE
S.CEREALE.LO7.r2.4RG00389600	chr4R_867432648_G_A	intron_variant	uniref100 protochlorophyllide reductase a chloroplastic n=3 tax=arabidopsis thaliana taxid=3702 repid=pora arath	high	MODIFIER			0.046969696969697	0.0697674418604651	0	0.00531914893617021	0.0533536585365854	0	0	-0.0644482929242949	-0.0533536585365854	-0.0110946343877095	9.99990000099999e-6	4.88189562548819e-5	TRUE
S.CEREALE.LO7.r2.4RG00389610	chr4R_867432648_G_A	downstream_gene_variant	uniref100 btb poz domain containing protein n=2 tax=arabidopsis thaliana taxid=3702 arath	high	MODIFIER			0.046969696969697	0.0697674418604651	0	0.00531914893617021	0.0533536585365854	0	0	-0.0644482929242949	-0.0533536585365854	-0.0110946343877095	9.99990000099999e-6	4.88189562548819e-5	TRUE
S.CEREALE.LO7.r2.4RG00393280	chr4R_879943704_G_T	upstream_gene_variant	pectinesterase inhibitor domain containing protein	high	MODIFIER			0.191616766467066	0.194602272727273	0	0	0.17	0.00210084033613445	0	-0.194602272727273	-0.17	-0.0246022727272727	9.99990000099999e-6	4.88189562548819e-5	TRUE
S.CEREALE.LO7.r2.4RG00393290	chr4R_879943704_G_T	upstream_gene_variant	uniref100 wat protein n=1 tax=arabidopsis thaliana taxid=3702 arath	high	MODIFIER			0.191616766467066	0.194602272727273	0	0	0.17	0.00210084033613445	0	-0.194602272727273	-0.17	-0.0246022727272727	9.99990000099999e-6	4.88189562548819e-5	TRUE
S.CEREALE.LO7.r2.4RG00393300	chr4R_879943704_G_T	missense_variant	uniref100 wat protein n=1 tax=arabidopsis thaliana taxid=3702 arath	high	MODERATE	174/349	p.Ala174Glu	0.191616766467066	0.194602272727273	0	0	0.17	0.00210084033613445	0	-0.194602272727273	-0.17	-0.0246022727272727	9.99990000099999e-6	4.88189562548819e-5	TRUE
S.CEREALE.LO7.r2.4RG00397900	chr4R_897008431_A_G	upstream_gene_variant	uniref100 potassium transporter n=1 tax=oryza sativa subsp japonica taxid=39947 orysj	high	MODIFIER			0.256060606060606	0.257971014492754	0	0	0.250712250712251	0.00217391304347826	0	-0.257971014492754	-0.250712250712251	-0.00725876378050289	9.99990000099999e-6	4.88189562548819e-5	TRUE
S.CEREALE.LO7.r2.4RG00408550	chr4R_934057957_G_C	synonymous_variant	uniref100 chromatin remodeling complex chr n=2 tax=arabidopsis thaliana taxid=3702 arath	high	LOW	2431/2629	p.Gly2431Gly	0.0252225519287834	0.0268361581920904	0	0	0.03	0	0	-0.0268361581920904	-0.03	0.0031638418079096	0.430385696143039	0.554141290088931	FALSE
S.CEREALE.LO7.r2.4RG00417350	chr4R_962188146_A_G	synonymous_variant	uniref100 wat protein n=1 tax=arabidopsis thaliana taxid=3702 arath	high	LOW	436/654	p.Ala436Ala	0.0103244837758112	0.0207756232686981	0	0	0.0171919770773639	0	0	-0.0207756232686981	-0.0171919770773639	-0.00358364619133416	0.974950250497495	0.980193140925734	FALSE
S.CEREALE.LO7.r2.4RG00417360	chr4R_962188146_A_G	downstream_gene_variant	f box domain containing protein expressed	low	MODIFIER			0.0103244837758112	0.0207756232686981	0	0	0.0171919770773639	0	0	-0.0207756232686981	-0.0171919770773639	-0.00358364619133416	0.974950250497495	0.980193140925734	FALSE
S.CEREALE.LO7.r2.4RG00417610	chr4R_962886082_G_A	downstream_gene_variant	unknown protein	high	MODIFIER			0.190332326283988	0.182336182336182	0.00271739130434783	0.00242718446601942	0.196793002915452	0	0	-0.179908997870163	-0.196793002915452	0.016884005045289	9.99990000099999e-6	4.88189562548819e-5	TRUE
S.CEREALE.LO7.r2.4RG00417620	chr4R_962886082_G_A	5_prime_UTR_variant	unknown protein	high	MODIFIER			0.190332326283988	0.182336182336182	0.00271739130434783	0.00242718446601942	0.196793002915452	0	0	-0.179908997870163	-0.196793002915452	0.016884005045289	9.99990000099999e-6	4.88189562548819e-5	TRUE
S.CEREALE.LO7.r2.4RG00417630	chr4R_962886082_G_A	upstream_gene_variant	unknown protein	low	MODIFIER			0.190332326283988	0.182336182336182	0.00271739130434783	0.00242718446601942	0.196793002915452	0	0	-0.179908997870163	-0.196793002915452	0.016884005045289	9.99990000099999e-6	4.88189562548819e-5	TRUE
S.CEREALE.LO7.r2.4RG00420360	chr4R_968477765_C_T	intron_variant	translation initiation factor if	high	MODIFIER			0.199704142011834	0.189075630252101	0	0.00694444444444444	0.180790960451977	0	0	-0.182131185807656	-0.180790960451977	-0.00134022535567899	9.99990000099999e-6	4.88189562548819e-5	TRUE
S.CEREALE.LO7.r2.5RG00428770	chr5R_66785755_A_G	downstream_gene_variant	uniref100 cationic amino acid transporter 2 n=1 tax=arabidopsis thaliana taxid=3702 arath	high	MODIFIER			0.331378299120235	0.327077747989276	0.213114754098361	0.195544554455446	0.351694915254237	0.193396226415094	0.178743961352657	-0.131533193533831	-0.17295095390158	0.0414177603677497	0.209087909120909	0.335590867835614	FALSE
S.CEREALE.LO7.r2.5RG00428770	chr5R_66785829_G_C	downstream_gene_variant	uniref100 cationic amino acid transporter 2 n=1 tax=arabidopsis thaliana taxid=3702 arath	high	MODIFIER			0.0894428152492669	0.0951742627345844	0	0	0.0932203389830508	0.00263157894736842	0	-0.0951742627345844	-0.0932203389830508	-0.0019539237515336	9.99990000099999e-6	4.88189562548819e-5	TRUE
S.CEREALE.LO7.r2.5RG00428780	chr5R_66785755_A_G	splice_region_variant&intron_variant	expressed protein	high	LOW			0.331378299120235	0.327077747989276	0.213114754098361	0.195544554455446	0.351694915254237	0.193396226415094	0.178743961352657	-0.131533193533831	-0.17295095390158	0.0414177603677497	0.209087909120909	0.335590867835614	FALSE
S.CEREALE.LO7.r2.5RG00428780	chr5R_66785829_G_C	intron_variant	expressed protein	high	MODIFIER			0.0894428152492669	0.0951742627345844	0	0	0.0932203389830508	0.00263157894736842	0	-0.0951742627345844	-0.0932203389830508	-0.0019539237515336	9.99990000099999e-6	4.88189562548819e-5	TRUE
S.CEREALE.LO7.r2.5RG00431530	chr5R_80429365_G_A	intron_variant	uniref100 protein detoxification n=1 tax=arabidopsis thaliana taxid=3702 arath	high	MODIFIER			0.345132743362832	0.35595567867036	0	0.00865800865800866	0.341954022988506	0	0.00432900432900433	-0.347297670012352	-0.337625018659501	-0.00967265135285006	9.99990000099999e-6	4.88189562548819e-5	TRUE
S.CEREALE.LO7.r2.5RG00431530	chr5R_80429418_A_G	intron_variant	uniref100 protein detoxification n=1 tax=arabidopsis thaliana taxid=3702 arath	high	MODIFIER			0.451038575667656	0.481944444444445	0.329326923076923	0.344155844155844	0.501436781609195	0.25	0.307359307359307	-0.1377886002886	-0.194077474249888	0.0562888739612877	0.101008989910101	0.192761053419276	FALSE
S.CEREALE.LO7.r2.5RG00431540	chr5R_80429365_G_A	downstream_gene_variant	protein detoxification	high	MODIFIER			0.345132743362832	0.35595567867036	0	0.00865800865800866	0.341954022988506	0	0.00432900432900433	-0.347297670012352	-0.337625018659501	-0.00967265135285006	9.99990000099999e-6	4.88189562548819e-5	TRUE
S.CEREALE.LO7.r2.5RG00431540	chr5R_80429418_A_G	downstream_gene_variant	protein detoxification	high	MODIFIER			0.451038575667656	0.481944444444445	0.329326923076923	0.344155844155844	0.501436781609195	0.25	0.307359307359307	-0.1377886002886	-0.194077474249888	0.0562888739612877	0.101008989910101	0.192761053419276	FALSE
S.CEREALE.LO7.r2.5RG00431870	chr5R_81134763_C_T	synonymous_variant	unknown protein	high	LOW	173/446	p.Val173Val	0.0626911314984709	0.0546448087431694	0.00985221674876847	0.0043859649122807	0.0550595238095238	0	0	-0.0502588438308887	-0.0550595238095238	0.00480067997863511	9.99990000099999e-6	4.88189562548819e-5	TRUE
S.CEREALE.LO7.r2.5RG00431880	chr5R_81134763_C_T	upstream_gene_variant		low	MODIFIER			0.0626911314984709	0.0546448087431694	0.00985221674876847	0.0043859649122807	0.0550595238095238	0	0	-0.0502588438308887	-0.0550595238095238	0.00480067997863511	9.99990000099999e-6	4.88189562548819e-5	TRUE
S.CEREALE.LO7.r2.5RG00431890	chr5R_81134763_C_T	upstream_gene_variant	protein kinase apk1a chloroplastic	high	MODIFIER			0.0626911314984709	0.0546448087431694	0.00985221674876847	0.0043859649122807	0.0550595238095238	0	0	-0.0502588438308887	-0.0550595238095238	0.00480067997863511	9.99990000099999e-6	4.88189562548819e-5	TRUE
S.CEREALE.LO7.r2.5RG00435880	chr5R_97849132_G_T	downstream_gene_variant		low	MODIFIER			0.0890207715133531	0.0539772727272727	0	0	0.0514285714285714	0	0	-0.0539772727272727	-0.0514285714285714	-0.0025487012987013	0.651953480465195	0.7550630918732	FALSE
S.CEREALE.LO7.r2.5RG00437020	chr5R_105117703_C_A	synonymous_variant	uniref100 f box fbd lrr repeat protein n=1 tax=arabidopsis thaliana taxid=3702 arath	high	LOW	183/533	p.Leu183Leu	0.055045871559633	0.0665680473372781	0	0	0.081570996978852	0	0	-0.0665680473372781	-0.081570996978852	0.0150029496415739	0.0849291507084929	0.169617025420655	FALSE
S.CEREALE.LO7.r2.5RG00437890	chr5R_112180428_C_T	3_prime_UTR_variant	unknown protein	high	MODIFIER			0.0940298507462687	0.0763688760806916	0	0	0.0753623188405797	0.00413223140495868	0.0023696682464455	-0.0763688760806916	-0.0729926505941342	-0.00337622548655742	9.99990000099999e-6	4.88189562548819e-5	TRUE
S.CEREALE.LO7.r2.5RG00449550	chr5R_324680790_C_T	downstream_gene_variant	unknown protein	high	MODIFIER			0.207964601769912	0.252747252747253	0.00259067357512953	0.00738916256157635	0.23371104815864	0.00216450216450216	0	-0.245358090185676	-0.23371104815864	-0.0116470420270362	9.99990000099999e-6	4.88189562548819e-5	TRUE
S.CEREALE.LO7.r2.5RG00449560	chr5R_324680790_C_T	missense_variant	uniref100 nifu protein 2 chloroplastic n=1 tax=arabidopsis thaliana taxid=3702 arath	high	MODERATE	133/254	p.Gly133Arg	0.207964601769912	0.252747252747253	0.00259067357512953	0.00738916256157635	0.23371104815864	0.00216450216450216	0	-0.245358090185676	-0.23371104815864	-0.0116470420270362	9.99990000099999e-6	4.88189562548819e-5	TRUE
S.CEREALE.LO7.r2.5RG00459120	chr5R_461187683_A_T	3_prime_UTR_variant	uniref100 lrr receptor serine threonine protein kinase n=1 tax=arabidopsis thaliana taxid=3702 arath	high	MODIFIER			0.0346385542168675	0.0328571428571429	0	0	0.05	0	0	-0.0328571428571429	-0.05	0.0171428571428571	0.046939530604694	0.104757111159047	FALSE
S.CEREALE.LO7.r2.5RG00462460	chr5R_498925647_G_C	synonymous_variant	uniref100 receptor serine threonine protein kinase n=2 tax=arabidopsis thaliana taxid=3702 arath	high	LOW	177/352	p.Leu177Leu	0.0766961651917404	0.108757062146893	0.0456730769230769	0.0440528634361234	0.112068965517241	0.0303643724696356	0.0639269406392694	-0.0647041987107693	-0.048142024877972	-0.0165621738327973	0.452925470745293	0.57682356147453	FALSE
S.CEREALE.LO7.r2.5RG00463690	chr5R_512218628_T_C	intron_variant	uniref100 alpha trehalose phosphate synthase [udp forming] n=1 tax=arabidopsis thaliana taxid=3702 arath	high	MODIFIER			0.106194690265487	0.102240896358543	0	0.0091324200913242	0.0946327683615819	0.00607287449392713	0.00444444444444444	-0.0931084762672192	-0.0901883239171375	-0.00292015235008174	0.265167348326517	0.392435487409832	FALSE
S.CEREALE.LO7.r2.5RG00463700	chr5R_512218628_T_C	downstream_gene_variant	uniref100 protein trichome birefringence n=1 tax=arabidopsis thaliana taxid=3702 arath	high	MODIFIER			0.106194690265487	0.102240896358543	0	0.0091324200913242	0.0946327683615819	0.00607287449392713	0.00444444444444444	-0.0931084762672192	-0.0901883239171375	-0.00292015235008174	0.265167348326517	0.392435487409832	FALSE
S.CEREALE.LO7.r2.5RG00464150	chr5R_518970713_G_C	missense_variant		low	MODERATE	108/204	p.Glu108Gln	0.0210843373493976	0.0316091954022989	0	0	0.0278592375366569	0	0.00227272727272727	-0.0316091954022989	-0.0255865102639296	-0.00602268513836924	9.99990000099999e-6	4.88189562548819e-5	TRUE
S.CEREALE.LO7.r2.5RG00464220	chr5R_519466928_C_G	downstream_gene_variant	uniref100 duf 724 domain containing protein n=2 tax=arabidopsis thaliana taxid=3702 arath	high	MODIFIER			0.0502958579881657	0.0366197183098592	0	0	0.0501474926253687	0	0	-0.0366197183098592	-0.0501474926253687	0.0135277743155096	0.0715292847071529	0.147463598677796	FALSE
S.CEREALE.LO7.r2.5RG00464230	chr5R_519466928_C_G	missense_variant&splice_region_variant	uniref100 heavy metal associated isoprenylated plant protein n=1 tax=arabidopsis thaliana taxid=3702 arath	high	MODERATE	4/97	p.Arg4Gly	0.0502958579881657	0.0366197183098592	0	0	0.0501474926253687	0	0	-0.0366197183098592	-0.0501474926253687	0.0135277743155096	0.0715292847071529	0.147463598677796	FALSE
S.CEREALE.LO7.r2.5RG00464240	chr5R_519466928_C_G	downstream_gene_variant	dihydrolipoamide acetyltransferase component of pyruvate dehydrogenase complex	high	MODIFIER			0.0502958579881657	0.0366197183098592	0	0	0.0501474926253687	0	0	-0.0366197183098592	-0.0501474926253687	0.0135277743155096	0.0715292847071529	0.147463598677796	FALSE
S.CEREALE.LO7.r2.5RG00477280	chr5R_573564405_C_T	intron_variant	uniref100 receptor serine threonine protein kinase n=2 tax=arabidopsis thaliana taxid=3702 arath	high	MODIFIER			0.127329192546584	0.127507163323782	0.0212765957446809	0.05	0.108381502890173	0.0327102803738318	0.0340314136125654	-0.0775071633237822	-0.074350089277608	-0.00315707404617426	0.748322516774832	0.82870139802539	FALSE
S.CEREALE.LO7.r2.5RG00477290	chr5R_573564405_C_T	downstream_gene_variant	disease resistance rpp protein	high	MODIFIER			0.127329192546584	0.127507163323782	0.0212765957446809	0.05	0.108381502890173	0.0327102803738318	0.0340314136125654	-0.0775071633237822	-0.074350089277608	-0.00315707404617426	0.748322516774832	0.82870139802539	FALSE
S.CEREALE.LO7.r2.5RG00477300	chr5R_573564405_C_T	upstream_gene_variant	expressed protein	high	MODIFIER			0.127329192546584	0.127507163323782	0.0212765957446809	0.05	0.108381502890173	0.0327102803738318	0.0340314136125654	-0.0775071633237822	-0.074350089277608	-0.00315707404617426	0.748322516774832	0.82870139802539	FALSE
S.CEREALE.LO7.r2.5RG00477510	chr5R_575507953_G_A	synonymous_variant	unknown protein	high	LOW	128/282	p.Glu128Glu	0.0223214285714286	0.0336134453781513	0	0	0.0264705882352941	0	0	-0.0336134453781513	-0.0264705882352941	-0.00714285714285714	0.791022089779102	0.859487680239117	FALSE
S.CEREALE.LO7.r2.5RG00477910	chr5R_577830626_T_C	missense_variant&splice_region_variant	uniref100 serine carboxypeptidase n=1 tax=arabidopsis thaliana taxid=3702 arath	high	MODERATE	256/484	p.Ile256Val	0	0.0208333333333333	0	0	0.0254957507082153	0	0	-0.0208333333333333	-0.0254957507082153	0.00466241737488196	0.26419735802642	0.392435487409832	FALSE
S.CEREALE.LO7.r2.5RG00477920	chr5R_577830626_T_C	downstream_gene_variant	dtc clifford 1 dna transposon tir cacta protein	low	MODIFIER			0	0.0208333333333333	0	0	0.0254957507082153	0	0	-0.0208333333333333	-0.0254957507082153	0.00466241737488196	0.26419735802642	0.392435487409832	FALSE
S.CEREALE.LO7.r2.5RG00477930	chr5R_577830626_T_C	downstream_gene_variant	dtc consensus 1 dna transposon tir cacta protein	high	MODIFIER			0	0.0208333333333333	0	0	0.0254957507082153	0	0	-0.0208333333333333	-0.0254957507082153	0.00466241737488196	0.26419735802642	0.392435487409832	FALSE
S.CEREALE.LO7.r2.5RG00481090	chr5R_600833665_T_A	missense_variant	unknown protein	high	MODERATE	438/469|425/456	p.Phe438Ile|p.Phe425Ile	0.0710059171597633	0.0536723163841808	0	0	0.0566860465116279	0	0.00224215246636771	-0.0536723163841808	-0.0544438940452602	7.715776610794e-4	9.99990000099999e-6	4.88189562548819e-5	TRUE
S.CEREALE.LO7.r2.5RG00481100	chr5R_600833665_T_A	downstream_gene_variant	q9lxu9 irk interacting protein n=3 taxid=3702	high	MODIFIER			0.0710059171597633	0.0536723163841808	0	0	0.0566860465116279	0	0.00224215246636771	-0.0536723163841808	-0.0544438940452602	7.715776610794e-4	9.99990000099999e-6	4.88189562548819e-5	TRUE
S.CEREALE.LO7.r2.5RG00481810	chr5R_605085913_C_T	intron_variant	uniref100 calcineurin b protein n=1 tax=arabidopsis thaliana taxid=3702 arath	high	MODIFIER			0.114114114114114	0.103399433427762	0	0.00246305418719212	0.0959302325581395	0	0.00246305418719212	-0.10093637924057	-0.0934671783709474	-0.00746920086962249	0.958050419495805	0.967326395602615	FALSE
S.CEREALE.LO7.r2.5RG00481810	chr5R_605085934_A_T	intron_variant	uniref100 calcineurin b protein n=1 tax=arabidopsis thaliana taxid=3702 arath	high	MODIFIER			0.0662650602409639	0.0439093484419263	0	0	0.0319767441860465	0	0.00246305418719212	-0.0439093484419263	-0.0295136899988544	-0.014395658443072	9.99990000099999e-6	4.88189562548819e-5	TRUE
S.CEREALE.LO7.r2.5RG00481810	chr5R_605085958_G_A	intron_variant	uniref100 calcineurin b protein n=1 tax=arabidopsis thaliana taxid=3702 arath	high	MODIFIER			0.223723723723724	0.162889518413598	0.00267379679144385	0.0172413793103448	0.17296511627907	0.00245098039215686	0.00492610837438424	-0.145648139103253	-0.168039007904686	0.0223908688014327	9.99990000099999e-6	4.88189562548819e-5	TRUE
S.CEREALE.LO7.r2.5RG00481820	chr5R_605085913_C_T	upstream_gene_variant	dth bdis consensus 1 brachypodium distachyon dna transposon tir harbinger transposase	high	MODIFIER			0.114114114114114	0.103399433427762	0	0.00246305418719212	0.0959302325581395	0	0.00246305418719212	-0.10093637924057	-0.0934671783709474	-0.00746920086962249	0.958050419495805	0.967326395602615	FALSE
S.CEREALE.LO7.r2.5RG00481820	chr5R_605085934_A_T	upstream_gene_variant	dth bdis consensus 1 brachypodium distachyon dna transposon tir harbinger transposase	high	MODIFIER			0.0662650602409639	0.0439093484419263	0	0	0.0319767441860465	0	0.00246305418719212	-0.0439093484419263	-0.0295136899988544	-0.014395658443072	9.99990000099999e-6	4.88189562548819e-5	TRUE
S.CEREALE.LO7.r2.5RG00481820	chr5R_605085958_G_A	upstream_gene_variant	dth bdis consensus 1 brachypodium distachyon dna transposon tir harbinger transposase	high	MODIFIER			0.223723723723724	0.162889518413598	0.00267379679144385	0.0172413793103448	0.17296511627907	0.00245098039215686	0.00492610837438424	-0.145648139103253	-0.168039007904686	0.0223908688014327	9.99990000099999e-6	4.88189562548819e-5	TRUE
S.CEREALE.LO7.r2.5RG00483550	chr5R_619371114_T_G	downstream_gene_variant	uniref100 udp glucose 4 epimerase n=2 tax=arabidopsis thaliana taxid=3702 arath	high	MODIFIER			0.624624624624625	0.590778097982709	0.0658536585365854	0.0633484162895928	0.609467455621302	0.053941908713693	0.0508849557522124	-0.527429681693116	-0.558582499869089	0.0311528181759732	0.00159998400016	0.00568075127329535	TRUE
S.CEREALE.LO7.r2.5RG00488550	chr5R_646097495_G_T	upstream_gene_variant	unknown protein	high	MODIFIER			0.116417910447761	0.118421052631579	0.0101010101010101	0.00487804878048781	0.0970588235294118	0.00212765957446809	0	-0.113543003851091	-0.0970588235294118	-0.0164841803216794	9.99990000099999e-6	4.88189562548819e-5	TRUE
S.CEREALE.LO7.r2.5RG00490090	chr5R_654337086_T_C	splice_region_variant&intron_variant|intron_variant	unknown protein	high	LOW|MODIFIER			0.276627218934911	0.2703081232493	0	0	0.254261363636364	0	0	-0.2703081232493	-0.254261363636364	-0.0160467596129361	0.225107748922511	0.351668327761167	FALSE
S.CEREALE.LO7.r2.5RG00490690	chr5R_659064684_T_G	intron_variant	q6s7b0 transcription initiation factor tfiid subunit n=1 taxid=3702	high	MODIFIER			0.0282738095238095	0.0300859598853868	0	0	0.0335276967930029	0	0	-0.0300859598853868	-0.0335276967930029	0.0034417369076161	0.39289607103929	0.511492477667816	FALSE
S.CEREALE.LO7.r2.5RG00492170	chr5R_669380431_A_G	synonymous_variant	uniref100 della protein gai n=1 tax=arabidopsis thaliana taxid=3702 repid=gai arath	low	LOW	193/264	p.Gly193Gly	0.0907692307692308	0.0616045845272206	0	0	0.0774853801169591	0.00235849056603774	0	-0.0616045845272206	-0.0774853801169591	0.0158807955897384	9.99990000099999e-6	4.88189562548819e-5	TRUE
S.CEREALE.LO7.r2.5RG00492180	chr5R_669380431_A_G	downstream_gene_variant	uniref100 disease resistance rpp protein n=2 tax=arabidopsis thaliana taxid=3702 arath	low	MODIFIER			0.0907692307692308	0.0616045845272206	0	0	0.0774853801169591	0.00235849056603774	0	-0.0616045845272206	-0.0774853801169591	0.0158807955897384	9.99990000099999e-6	4.88189562548819e-5	TRUE
S.CEREALE.LO7.r2.5RG00493010	chr5R_674149293_G_A	downstream_gene_variant	unknown protein	high	MODIFIER			0.347058823529412	0.358490566037736	0.00285714285714286	0	0.341880341880342	0	0	-0.358490566037736	-0.341880341880342	-0.0166102241573939	9.99990000099999e-6	4.88189562548819e-5	TRUE
S.CEREALE.LO7.r2.5RG00493020	chr5R_674149293_G_A	synonymous_variant	uniref100 3 dehydroquinate synthase chloroplastic n=1 taxid=3625 repid=dhqs	high	LOW	145/442	p.Ser145Ser	0.347058823529412	0.358490566037736	0.00285714285714286	0	0.341880341880342	0	0	-0.358490566037736	-0.341880341880342	-0.0166102241573939	9.99990000099999e-6	4.88189562548819e-5	TRUE
S.CEREALE.LO7.r2.5RG00495050	chr5R_685621561_C_T	downstream_gene_variant		low	MODIFIER			0.136645962732919	0.178247734138973	0.00256410256410256	0	0.165109034267913	0	0.00467289719626168	-0.178247734138973	-0.160436137071651	-0.0178115970673217	9.99990000099999e-6	4.88189562548819e-5	TRUE
S.CEREALE.LO7.r2.5RG00495060	chr5R_685621561_C_T	downstream_gene_variant	uniref100 proline rich receptor protein kinase perk n=1 tax=arabidopsis thaliana taxid=3702 arath|wound and phytochrome signaling involved receptor kinase	low	MODIFIER			0.136645962732919	0.178247734138973	0.00256410256410256	0	0.165109034267913	0	0.00467289719626168	-0.178247734138973	-0.160436137071651	-0.0178115970673217	9.99990000099999e-6	4.88189562548819e-5	TRUE
S.CEREALE.LO7.r2.5RG00499660	chr5R_709937018_C_T	intron_variant	uniref100 chaperone protein dnaj 1 tax=arabidopsis thaliana taxid=3702 arath	high	MODIFIER			0.0225225225225225	0.0402476780185759	0	0	0.0349544072948328	0	0	-0.0402476780185759	-0.0349544072948328	-0.00529327072374303	0.985280147198528	0.986683680171745	FALSE
S.CEREALE.LO7.r2.5RG00499670	chr5R_709937018_C_T	downstream_gene_variant	uniref100 basic blue protein n=1 tax=arabidopsis thaliana taxid=3702 repid=babl arath	high	MODIFIER			0.0225225225225225	0.0402476780185759	0	0	0.0349544072948328	0	0	-0.0402476780185759	-0.0349544072948328	-0.00529327072374303	0.985280147198528	0.986683680171745	FALSE
S.CEREALE.LO7.r2.5RG00499680	chr5R_709937018_C_T	upstream_gene_variant	uniref100 60s ribosomal protein l5 1 n=2 tax=oryza sativa taxid=39946 repid=rl51	high	MODIFIER			0.0225225225225225	0.0402476780185759	0	0	0.0349544072948328	0	0	-0.0402476780185759	-0.0349544072948328	-0.00529327072374303	0.985280147198528	0.986683680171745	FALSE
S.CEREALE.LO7.r2.5RG00500050	chr5R_711617150_C_T	synonymous_variant	q8h5f8 manganese dependent adp ribose cdp alcohol diphosphatase n=3 taxid=4527	high	LOW	180/326	p.Ser180Ser	0.206231454005935	0.208683473389356	0.00769230769230769	0.0148514851485149	0.206552706552707	0.0281385281385281	0.0024390243902439	-0.193831988240841	-0.204113682162463	0.0102816939216217	0.240147598524015	0.371041234642599	FALSE
S.CEREALE.LO7.r2.5RG00500060	chr5R_711617150_C_T	upstream_gene_variant	q8h5f8 manganese dependent adp ribose cdp alcohol diphosphatase n=3 taxid=4527	high	MODIFIER			0.206231454005935	0.208683473389356	0.00769230769230769	0.0148514851485149	0.206552706552707	0.0281385281385281	0.0024390243902439	-0.193831988240841	-0.204113682162463	0.0102816939216217	0.240147598524015	0.371041234642599	FALSE
S.CEREALE.LO7.r2.5RG00500890	chr5R_716395278_C_A	downstream_gene_variant	unknown protein	low	MODIFIER			0.0987841945288754	0.0862068965517242	0.0131578947368421	0.0178571428571429	0.0739130434782609	0.0155555555555556	0.0177777777777778	-0.0683497536945813	-0.0561352657004831	-0.0122144879940982	0.52959470405296	0.650883001659494	FALSE
S.CEREALE.LO7.r2.5RG00501370	chr5R_720577033_G_C	intron_variant	uniref100 molybdenum cofactor sulfurase n=1 taxid=4081 repid=mocos	high	MODIFIER			0.127388535031847	0.0866261398176292	0	0.0072463768115942	0.0856269113149847	0.00826446280991736	0.00238095238095238	-0.079379763006035	-0.0832459589340323	0.00386619592799735	0.400775992240078	0.520786548141912	FALSE
S.CEREALE.LO7.r2.5RG00501380	chr5R_720577033_G_C	downstream_gene_variant	uniref100 glucan endo beta glucosidase n=1 tax=arabidopsis thaliana taxid=3702 arath	high	MODIFIER			0.127388535031847	0.0866261398176292	0	0.0072463768115942	0.0856269113149847	0.00826446280991736	0.00238095238095238	-0.079379763006035	-0.0832459589340323	0.00386619592799735	0.400775992240078	0.520786548141912	FALSE
S.CEREALE.LO7.r2.5RG00501390	chr5R_720577033_G_C	downstream_gene_variant	protein suppressor of fri n=1 tax=arabidopsis thaliana taxid=3702 repid=suf4 arath	high	MODIFIER			0.127388535031847	0.0866261398176292	0	0.0072463768115942	0.0856269113149847	0.00826446280991736	0.00238095238095238	-0.079379763006035	-0.0832459589340323	0.00386619592799735	0.400775992240078	0.520786548141912	FALSE
S.CEREALE.LO7.r2.5RG00501490	chr5R_720982387_A_G	5_prime_UTR_variant	nac transcription factor	low	MODIFIER			0.110271903323263	0.0982658959537572	0	0	0.111594202898551	0	0	-0.0982658959537572	-0.111594202898551	0.0133283069447935	0.051879481205188	0.113972735272647	FALSE
S.CEREALE.LO7.r2.5RG00503570	chr5R_732189054_T_C	missense_variant	uniref100 histidine containing phosphotransfer protein n=2 tax=arabidopsis thaliana taxid=3702 arath	high	MODERATE	69/125	p.Ile69Val	0.28419452887538	0.276119402985075	0.02	0.00700934579439252	0.282991202346041	0.012448132780083	0.00985221674876847	-0.269110057190682	-0.273138985597273	0.00402892840659047	0.140008599914001	0.249179862631753	FALSE
S.CEREALE.LO7.r2.5RG00504070	chr5R_735403505_A_G	synonymous_variant	uniref100 transcription factor bhlh n=1 tax=arabidopsis thaliana taxid=3702 arath	high	LOW	41/470	p.His41His	0.504424778761062	0.540960451977401	0.474431818181818	0.363387978142077	0.495588235294118	0.432900432900433	0.313513513513514	-0.177572473835325	-0.182074721780604	0.00450224794527948	0.8890011099889	0.925878193069921	FALSE
S.CEREALE.LO7.r2.5RG00504240	chr5R_736166448_C_T	intron_variant	uniref100 protein iq domain n=1 tax=arabidopsis thaliana taxid=3702 arath	high	MODIFIER			0.351796407185629	0.336676217765043	0.00284090909090909	0.00268817204301075	0.34156976744186	0.00242718446601942	0.00274725274725275	-0.333988045722032	-0.338822514694608	0.0048344689725755	0.111818881811182	0.20851107138796	FALSE
S.CEREALE.LO7.r2.5RG00504350	chr5R_737061979_C_G	downstream_gene_variant	uniref100 auxin responsive protein iaa n=1 tax=oryza sativa subsp japonica taxid=39947 orysj	high	MODIFIER			0.141337386018237	0.155448717948718	0	0	0.155223880597015	0	0	-0.155448717948718	-0.155223880597015	-2.2483735170303e-4	0.155428445715543	0.265991330354336	FALSE
S.CEREALE.LO7.r2.5RG00504360	chr5R_737061979_C_G	intron_variant	lrr repeat protein n=1 taxid=3702	high	MODIFIER			0.141337386018237	0.155448717948718	0	0	0.155223880597015	0	0	-0.155448717948718	-0.155223880597015	-2.2483735170303e-4	0.155428445715543	0.265991330354336	FALSE
S.CEREALE.LO7.r2.5RG00507000	chr5R_755932831_A_G	3_prime_UTR_variant	unknown protein	high	MODIFIER			0.241791044776119	0.217579250720461	0.0491803278688525	0.0333333333333333	0.243589743589744	0.0622317596566524	0.058252427184466	-0.184245917387128	-0.185337316405278	0.00109139901814981	0.0913790862091379	0.17894010474937	FALSE
S.CEREALE.LO7.r2.5RG00507020	chr5R_756071851_A_T	downstream_gene_variant	uniref100 udp glycosyltransferase n=1 tax=arabidopsis thaliana taxid=3702 arath	high	MODIFIER			0.0291411042944785	0.0304347826086957	0	0	0.0356083086053412	0	0	-0.0304347826086957	-0.0356083086053412	0.00517352599664559	0.241187588124119	0.371174148520524	FALSE
S.CEREALE.LO7.r2.5RG00507030	chr5R_756071851_A_T	missense_variant	uniref100 udp glycosyltransferase n=1 tax=arabidopsis thaliana taxid=3702 arath	high	MODERATE	398/434	p.Lys398Met	0.0291411042944785	0.0304347826086957	0	0	0.0356083086053412	0	0	-0.0304347826086957	-0.0356083086053412	0.00517352599664559	0.241187588124119	0.371174148520524	FALSE
S.CEREALE.LO7.r2.5RG00508970	chr5R_769550075_C_G	downstream_gene_variant	expressed protein	high	MODIFIER			0.256637168141593	0.311079545454545	0.0027027027027027	0.00255102040816327	0.318571428571429	0.00478468899521531	0.00248756218905473	-0.308528525046382	-0.316083866382374	0.00755534133599162	0.224747752522475	0.351668327761167	FALSE
S.CEREALE.LO7.r2.5RG00508980	chr5R_769550075_C_G	missense_variant	unknown protein	high	MODERATE	47/378	p.Gly47Ala	0.256637168141593	0.311079545454545	0.0027027027027027	0.00255102040816327	0.318571428571429	0.00478468899521531	0.00248756218905473	-0.308528525046382	-0.316083866382374	0.00755534133599162	0.224747752522475	0.351668327761167	FALSE
S.CEREALE.LO7.r2.5RG00509010	chr5R_769642508_T_C	downstream_gene_variant	q8h8n3 s adenosyl l methionine dependent trna 4 demethylwyosine synthase n=5 taxid=4527	high	MODIFIER			0.0683890577507599	0.0884057971014493	0	0	0.0876436781609196	0	0	-0.0884057971014493	-0.0876436781609196	-7.6211894052973e-4	0.521464785352146	0.646493623091938	FALSE
S.CEREALE.LO7.r2.5RG00509020	chr5R_769642508_T_C	missense_variant	uniref100 pentatricopeptide repeat containing protein chloroplastic n=1 tax=arabidopsis thaliana taxid=3702 arath	high	MODERATE	421/802	p.Ile421Val	0.0683890577507599	0.0884057971014493	0	0	0.0876436781609196	0	0	-0.0884057971014493	-0.0876436781609196	-7.6211894052973e-4	0.521464785352146	0.646493623091938	FALSE
S.CEREALE.LO7.r2.5RG00509030	chr5R_769642508_T_C	upstream_gene_variant	uniref100 protein ae n=1 tax=arabidopsis thaliana taxid=3702 arath	high	MODIFIER			0.0683890577507599	0.0884057971014493	0	0	0.0876436781609196	0	0	-0.0884057971014493	-0.0876436781609196	-7.6211894052973e-4	0.521464785352146	0.646493623091938	FALSE
S.CEREALE.LO7.r2.5RG00509240	chr5R_770044687_T_A	missense_variant	uniref100 disease resistance protein n=1 tax=arabidopsis thaliana taxid=3702 arath	high	MODERATE	1308/1422	p.Ile1308Phe	0.0714285714285714	0.081570996978852	0	0.00234741784037559	0.0929203539823009	0	0.0023696682464455	-0.0792235791384764	-0.0905506857358554	0.011327106597379	0.165008349916501	0.277514043041388	FALSE
S.CEREALE.LO7.r2.5RG00510070	chr5R_775305085_G_T	intron_variant	uniref100 cullin protein n=1 tax=arabidopsis thaliana taxid=3702 arath	high	MODIFIER			0.0638629283489097	0.0414201183431953	0	0	0.0333333333333333	0	0	-0.0414201183431953	-0.0333333333333333	-0.00808678500986194	0.801281987180128	0.866617287673277	FALSE
S.CEREALE.LO7.r2.5RG00512440	chr5R_799149254_C_G	missense_variant	uniref100 conglutin beta n=1 tax=lupinus angustifolius taxid=3871 lupan|uniref100 conglutin beta n=1 tax=lupinus angustifolius taxid=3871 repid=conb2 lupan	high	MODERATE	162/492|162/411	p.Leu162Val	0.0835820895522388	0.114925373134328	0	0	0.100877192982456	0	0	-0.114925373134328	-0.100877192982456	-0.0140481801518722	0.434875651243488	0.558853754528148	FALSE
S.CEREALE.LO7.r2.5RG00512450	chr5R_799149254_C_G	upstream_gene_variant	o23714 proteasome subunit beta type n=2 taxid=3702	high	MODIFIER			0.0835820895522388	0.114925373134328	0	0	0.100877192982456	0	0	-0.114925373134328	-0.100877192982456	-0.0140481801518722	0.434875651243488	0.558853754528148	FALSE
S.CEREALE.LO7.r2.5RG00512620	chr5R_799895370_C_T	missense_variant	uniref100 non specific lipid transfer protein n=1 tax=arabidopsis thaliana taxid=3702 arath	high	MODERATE	34/172	p.Ala34Thr	0.225663716814159	0.308450704225352	0	0	0.279661016949153	0	0	-0.308450704225352	-0.279661016949153	-0.0287896872761996	0.798222017779822	0.864638025422519	FALSE
S.CEREALE.LO7.r2.5RG00514390	chr5R_811604713_C_T	missense_variant	uniref100 myosin binding protein n=1 tax=arabidopsis thaliana taxid=3702 arath	high	MODERATE	120/662	p.Gly120Asp	0.179411764705882	0.201388888888889	0.00761421319796954	0.00700934579439252	0.193181818181818	0.00847457627118644	0.00452488687782806	-0.194379543094496	-0.18865693130399	-0.00572261179050626	0.0917090829091709	0.179087459125409	FALSE
S.CEREALE.LO7.r2.5RG00514400	chr5R_811604713_C_T	downstream_gene_variant	uniref100 protein wvd n=1 tax=arabidopsis thaliana taxid=3702 arath	high	MODIFIER			0.179411764705882	0.201388888888889	0.00761421319796954	0.00700934579439252	0.193181818181818	0.00847457627118644	0.00452488687782806	-0.194379543094496	-0.18865693130399	-0.00572261179050626	0.0917090829091709	0.179087459125409	FALSE
S.CEREALE.LO7.r2.5RG00515790	chr5R_822220141_G_A	intron_variant	uniref100 serine threonine protein kinase agc n=1 tax=arabidopsis thaliana taxid=3702 arath	high	MODIFIER			0.264179104477612	0.265449438202247	0.0454545454545455	0.0435779816513761	0.255681818181818	0.038961038961039	0.0336538461538462	-0.221871456550871	-0.222027972027972	1.5651547710099e-4	0.100638993610064	0.192761053419276	FALSE
S.CEREALE.LO7.r2.5RG00516190	chr5R_823875579_G_C	synonymous_variant	uniref100 hydroxyproline o galactosyltransferase galt n=1 tax=arabidopsis thaliana taxid=3702 arath	high	LOW	174/649	p.Gly174Gly	0.133228840125392	0.1390625	0.00251256281407035	0	0.122611464968153	0.00210970464135021	0	-0.1390625	-0.122611464968153	-0.0164510350318471	0.866841331586684	0.908181007608702	FALSE
S.CEREALE.LO7.r2.5RG00518790	chr5R_837074487_G_C	synonymous_variant	uniref100 cysteine rich receptor protein kinase n=1 tax=arabidopsis thaliana taxid=3702 arath	high	LOW	208/534	p.Pro208Pro	0.245398773006135	0.255847953216374	0.0452127659574468	0.0628019323671498	0.285923753665689	0.0160550458715596	0.0520833333333333	-0.193046020849225	-0.233840420332356	0.0407943994831313	6.99993000069999e-5	3.0376239447482e-4	TRUE
S.CEREALE.LO7.r2.5RG00518790	chr5R_837074506_T_C	synonymous_variant	uniref100 cysteine rich receptor protein kinase n=1 tax=arabidopsis thaliana taxid=3702 arath	high	LOW	215/534	p.Leu215Leu	0.461300309597523	0.526470588235294	0.401595744680851	0.391826923076923	0.56140350877193	0.351598173515982	0.354922279792746	-0.134643665158371	-0.206481228979184	0.0718375638208126	0.0782492175078249	0.159446956255075	FALSE
S.CEREALE.LO7.r2.5RG00519080	chr5R_839062907_C_T	synonymous_variant	uniref100 abc transporter c family member n=1 tax=arabidopsis thaliana taxid=3702 arath	high	LOW	175/1508	p.Leu175Leu	0.014792899408284	0.0271428571428571	0	0	0.0258620689655172	0	0.00228310502283105	-0.0271428571428571	-0.0235789639426862	-0.00356389320017095	9.99990000099999e-6	4.88189562548819e-5	TRUE
S.CEREALE.LO7.r2.5RG00520940	chr5R_847724374_G_T	upstream_gene_variant	uniref100 btb poz and math domain containing protein n=1 tax=arabidopsis thaliana taxid=3702 arath	high	MODIFIER			0.0967741935483871	0.0974930362116992	0	0.00228310502283105	0.0751445086705202	0.00211864406779661	0.00227272727272727	-0.0952099311888681	-0.072871781397793	-0.0223381497910752	0.00655993440065599	0.0193766129565595	TRUE
S.CEREALE.LO7.r2.5RG00520950	chr5R_847724374_G_T	upstream_gene_variant		low	MODIFIER			0.0967741935483871	0.0974930362116992	0	0.00228310502283105	0.0751445086705202	0.00211864406779661	0.00227272727272727	-0.0952099311888681	-0.072871781397793	-0.0223381497910752	0.00655993440065599	0.0193766129565595	TRUE
S.CEREALE.LO7.r2.5RG00520960	chr5R_847724374_G_T	missense_variant	a1 transcription termination factor mterf mitochondrial n=1 tax=arabidopsis thaliana taxid=3702 repid=mtefe arath	high	MODERATE	193/390	p.Arg193Leu	0.0967741935483871	0.0974930362116992	0	0.00228310502283105	0.0751445086705202	0.00211864406779661	0.00227272727272727	-0.0952099311888681	-0.072871781397793	-0.0223381497910752	0.00655993440065599	0.0193766129565595	TRUE
S.CEREALE.LO7.r2.5RG00526340	chr5R_879110762_C_T	intron_variant		low	MODIFIER			0.0688622754491018	0.0507246376811594	0	0.00221238938053097	0.0414201183431953	0	0.00450450450450451	-0.0485122483006284	-0.0369156138386908	-0.0115966344619377	0.00881991180088199	0.0250299513133901	TRUE
S.CEREALE.LO7.r2.5RG00526340	chr5R_879110805_C_T	intron_variant		low	MODIFIER			0.280780780780781	0.272594752186589	0.00251256281407035	0.00238095238095238	0.298219584569733	0	0	-0.270213799805637	-0.298219584569733	0.0280057847640964	9.99990000099999e-6	4.88189562548819e-5	TRUE
S.CEREALE.LO7.r2.5RG00527610	chr5R_887319113_A_G	intron_variant		low	MODIFIER			0.0212121212121212	0.0374251497005988	0	0	0.0317220543806647	0.0102040816326531	0	-0.0374251497005988	-0.0317220543806647	-0.00570309531993415	9.99990000099999e-6	4.88189562548819e-5	TRUE
S.CEREALE.LO7.r2.5RG00528140	chr5R_889529921_C_T	downstream_gene_variant	unknown protein	low	MODIFIER			0.0353846153846154	0.0386904761904762	0	0	0.0182370820668693	0	0	-0.0386904761904762	-0.0182370820668693	-0.0204533941236069	0.0961990380096199	0.187334968755576	FALSE
S.CEREALE.LO7.r2.5RG00532100	chr5R_906763179_T_A	missense_variant	rlc hvul ikeros ay013246 1 hordeum vulgare retrotransposon ltr copia hypotehtical protein	low	MODERATE	117/610	p.Cys117Ser	0.34029850746268703	0.367816091954023	0.0255102040816327	0.0117370892018779	0.328571428571429	0.0125523012552301	0.0295454545454545	-0.356079002752145	-0.299025974025974	-0.057053028726171	2.9999700003e-5	1.3606315549747e-4	TRUE
S.CEREALE.LO7.r2.5RG00532110	chr5R_906763179_T_A	downstream_gene_variant	uniref100 formyltetrahydrofolate deformylase 1 mitochondrial n=2 tax=arabidopsis thaliana taxid=3702 arath	low	MODIFIER			0.34029850746268703	0.367816091954023	0.0255102040816327	0.0117370892018779	0.328571428571429	0.0125523012552301	0.0295454545454545	-0.356079002752145	-0.299025974025974	-0.057053028726171	2.9999700003e-5	1.3606315549747e-4	TRUE
S.CEREALE.LO7.r2.5RG00532120	chr5R_906763179_T_A	upstream_gene_variant	uniref100 q8w4k5 van binding protein n=1 tax=arabidopsis thaliana taxid=3702 repid=vab arath	high	MODIFIER			0.34029850746268703	0.367816091954023	0.0255102040816327	0.0117370892018779	0.328571428571429	0.0125523012552301	0.0295454545454545	-0.356079002752145	-0.299025974025974	-0.057053028726171	2.9999700003e-5	1.3606315549747e-4	TRUE
S.CEREALE.LO7.r2.5RG00532420	chr5R_907334462_C_T	upstream_gene_variant	uniref100 aspartic proteinase protein n=1 tax=arabidopsis thaliana taxid=3702 arath	high	MODIFIER			0.104790419161677	0.0949008498583569	0	0	0.114161849710983	0	0.00221238938053097	-0.0949008498583569	-0.111949460330452	0.0170486104720947	9.99990000099999e-6	4.88189562548819e-5	TRUE
S.CEREALE.LO7.r2.5RG00532430	chr5R_907334462_C_T	missense_variant	uniref100 protein aspartic protease n=1 tax=arabidopsis thaliana taxid=3702 arath	high	MODERATE	75/409	p.Gly75Ser	0.104790419161677	0.0949008498583569	0	0	0.114161849710983	0	0.00221238938053097	-0.0949008498583569	-0.111949460330452	0.0170486104720947	9.99990000099999e-6	4.88189562548819e-5	TRUE
S.CEREALE.LO7.r2.5RG00534520	chr5R_913245871_T_G	intron_variant	uniref100 polyphenol oxidase chloroplastic n=1 tax=solanum lycopersicum taxid=4081 sollc	high	MODIFIER			0.145209580838323	0.113573407202216	0.0025	0	0.132857142857143	0	0	-0.113573407202216	-0.132857142857143	0.0192837356549268	9.99990000099999e-6	4.88189562548819e-5	TRUE
S.CEREALE.LO7.r2.5RG00534660	chr5R_913681644_A_G	upstream_gene_variant	nascent polypeptide associated complex subunit beta	high	MODIFIER			0.25366568914956	0.197860962566845	0.0402010050251256	0.0232558139534884	0.194602272727273	0.0167364016736402	0.0328638497652582	-0.174605148613357	-0.161738422962015	-0.0128667256513421	0.746762532374676	0.82870139802539	FALSE
S.CEREALE.LO7.r2.5RG00534670	chr5R_913681644_A_G	missense_variant	o48724 protein weak chloroplast movement under blue light n=2 tax=arabidopsis thaliana taxid=3702 arath	high	MODERATE	494/702	p.Ile494Val	0.25366568914956	0.197860962566845	0.0402010050251256	0.0232558139534884	0.194602272727273	0.0167364016736402	0.0328638497652582	-0.174605148613357	-0.161738422962015	-0.0128667256513421	0.746762532374676	0.82870139802539	FALSE
S.CEREALE.LO7.r2.6RG00539250	chr6R_10382866_C_T	intron_variant	uniref100 transcription factor bhlh n=1 tax=arabidopsis thaliana taxid=3702 arath	high	MODIFIER			0.04375	0.0355029585798817	0	0	0.0567164179104478	0	0	-0.0355029585798817	-0.0567164179104478	0.0212134593305661	0.019289807101929	0.0482588412550038	TRUE
S.CEREALE.LO7.r2.6RG00543330	chr6R_33136197_G_C	downstream_gene_variant	uniref100 pentatricopeptide repeat containing protein n=1 tax=arabidopsis thaliana taxid=3702 arath	high	MODIFIER			0.249258160237389	0.231197771587744	0	0	0.281869688385269	0	0	-0.231197771587744	-0.281869688385269	0.0506719167975254	8.3999160008399e-4	0.003157829384273	TRUE
S.CEREALE.LO7.r2.6RG00546320	chr6R_54301338_C_T	downstream_gene_variant	unknown protein	low	MODIFIER			0.264792899408284	0.238826815642458	0	0	0.263532763532764	0	0	-0.238826815642458	-0.263532763532764	0.0247059478903054	0.020289797102029	0.0500481661850048	FALSE
S.CEREALE.LO7.r2.6RG00546330	chr6R_54301338_C_T	synonymous_variant	uniref100 dead box atp dependent rna helicase n=1 tax=arabidopsis thaliana taxid=3702 arath	high	LOW	411/469|397/455	p.Glu411Glu|p.Glu397Glu	0.264792899408284	0.238826815642458	0	0	0.263532763532764	0	0	-0.238826815642458	-0.263532763532764	0.0247059478903054	0.020289797102029	0.0500481661850048	FALSE
S.CEREALE.LO7.r2.6RG00548240	chr6R_71727490_C_T	downstream_gene_variant	unknown protein	high	MODIFIER			0.0574018126888218	0.0537790697674419	0	0	0.0514705882352941	0.00209205020920502	0.00232558139534884	-0.0537790697674419	-0.0491450068399453	-0.00463406292749658	9.99990000099999e-6	4.88189562548819e-5	TRUE
S.CEREALE.LO7.r2.6RG00548250	chr6R_71727490_C_T	synonymous_variant	uniref100 lrr receptor serine threonine protein kinase n=1 tax=arabidopsis thaliana taxid=3702 arath	high	LOW	598/699	p.Lys598Lys	0.0574018126888218	0.0537790697674419	0	0	0.0514705882352941	0.00209205020920502	0.00232558139534884	-0.0537790697674419	-0.0491450068399453	-0.00463406292749658	9.99990000099999e-6	4.88189562548819e-5	TRUE
S.CEREALE.LO7.r2.6RG00548260	chr6R_71727490_C_T	downstream_gene_variant	uniref100 inactive lrr receptor serine threonine protein kinase n=2 tax=arabidopsis thaliana taxid=3702 arath	high	MODIFIER			0.0574018126888218	0.0537790697674419	0	0	0.0514705882352941	0.00209205020920502	0.00232558139534884	-0.0537790697674419	-0.0491450068399453	-0.00463406292749658	9.99990000099999e-6	4.88189562548819e-5	TRUE
S.CEREALE.LO7.r2.6RG00548350	chr6R_72669545_T_C	missense_variant	unknown protein	high	MODERATE	475/498	p.Ser475Pro	0.0858895705521472	0.0730027548209366	0	0	0.0716332378223496	0	0	-0.0730027548209366	-0.0716332378223496	-0.00136951699858708	0.275637243627564	0.401186298696019	FALSE
S.CEREALE.LO7.r2.6RG00548580	chr6R_73734260_C_G	downstream_gene_variant	uniref100 cytochrome p450 n=1 tax=arabidopsis thaliana taxid=3702 arath	high	MODIFIER			0.413897280966767	0.422256097560976	0.266839378238342	0.292079207920792	0.458823529411765	0.242009132420091	0.226851851851852	-0.130176889640184	-0.231971677559913	0.101794787919729	0.00887991120088799	0.0250705926675673	TRUE
S.CEREALE.LO7.r2.6RG00548580	chr6R_73734279_A_G	downstream_gene_variant	uniref100 cytochrome p450 n=1 tax=arabidopsis thaliana taxid=3702 arath	high	MODIFIER			0.0195783132530121	0.0319148936170213	0	0	0.0410557184750733	0	0	-0.0319148936170213	-0.0410557184750733	0.00914082485805204	0.25942740572594303	0.388864533529505	FALSE
S.CEREALE.LO7.r2.6RG00548580	chr6R_73734337_G_C	downstream_gene_variant	uniref100 cytochrome p450 n=1 tax=arabidopsis thaliana taxid=3702 arath	high	MODIFIER			0.319277108433735	0.340909090909091	0.103626943005181	0.124378109452736	0.357771260997068	0.0945945945945946	0.101851851851852	-0.216530981456355	-0.255919409145216	0.039388427688861	0.0733692663073369	0.150814602965081	FALSE
S.CEREALE.LO7.r2.6RG00548590	chr6R_73734260_C_G	missense_variant	uniref100 probably inactive leucine rich repeat receptor protein kinase n=1 tax=arabidopsis thaliana taxid=3702 arath	low	MODERATE	786/1045	p.Glu786Gln	0.413897280966767	0.422256097560976	0.266839378238342	0.292079207920792	0.458823529411765	0.242009132420091	0.226851851851852	-0.130176889640184	-0.231971677559913	0.101794787919729	0.00887991120088799	0.0250705926675673	TRUE
S.CEREALE.LO7.r2.6RG00548590	chr6R_73734279_A_G	synonymous_variant	uniref100 probably inactive leucine rich repeat receptor protein kinase n=1 tax=arabidopsis thaliana taxid=3702 arath	low	LOW	779/1045	p.Leu779Leu	0.0195783132530121	0.0319148936170213	0	0	0.0410557184750733	0	0	-0.0319148936170213	-0.0410557184750733	0.00914082485805204	0.25942740572594303	0.388864533529505	FALSE
S.CEREALE.LO7.r2.6RG00548590	chr6R_73734337_G_C	missense_variant	uniref100 probably inactive leucine rich repeat receptor protein kinase n=1 tax=arabidopsis thaliana taxid=3702 arath	low	MODERATE	760/1045	p.Thr760Arg	0.319277108433735	0.340909090909091	0.103626943005181	0.124378109452736	0.357771260997068	0.0945945945945946	0.101851851851852	-0.216530981456355	-0.255919409145216	0.039388427688861	0.0733692663073369	0.150814602965081	FALSE
S.CEREALE.LO7.r2.6RG00550390	chr6R_90889525_G_C	downstream_gene_variant	unknown protein	high	MODIFIER			0.0495356037151703	0.0396341463414634	0	0	0.0557184750733138	0.00403225806451613	0.00239234449760766	-0.0396341463414634	-0.0533261305757061	0.0136919842342427	9.99990000099999e-6	4.88189562548819e-5	TRUE
S.CEREALE.LO7.r2.6RG00550730	chr6R_95295277_A_T	intron_variant	unknown protein	high	MODIFIER			0.0990990990990991	0.0761494252873563	0	0.00222222222222222	0.0906432748538012	0	0	-0.0739272030651341	-0.0906432748538012	0.0167160717886671	9.99990000099999e-6	4.88189562548819e-5	TRUE
S.CEREALE.LO7.r2.6RG00550740	chr6R_95295277_A_T	upstream_gene_variant	unknown protein	high	MODIFIER			0.0990990990990991	0.0761494252873563	0	0.00222222222222222	0.0906432748538012	0	0	-0.0739272030651341	-0.0906432748538012	0.0167160717886671	9.99990000099999e-6	4.88189562548819e-5	TRUE
S.CEREALE.LO7.r2.6RG00551390	chr6R_106070275_C_T	upstream_gene_variant	unknown protein	high	MODIFIER			0.178041543026706	0.220630372492837	0.00523560209424084	0.0248756218905473	0.214899713467049	0.00231481481481482	0.0256410256410256	-0.195754750602289	-0.189258687826023	-0.00649606277626635	0.525274747252527	0.648977411807604	FALSE
S.CEREALE.LO7.r2.6RG00553430	chr6R_133649698_G_C	intron_variant	uniref100 dna cytosine methyltransferase drm n=1 taxid=3702	high	MODIFIER			0.0294985250737463	0.0439093484419263	0.00476190476190476	0.0107758620689655	0.0297450424929179	0	0	-0.0331334863729608	-0.0297450424929179	-0.00338844388004298	9.99990000099999e-6	4.88189562548819e-5	TRUE
S.CEREALE.LO7.r2.6RG00554200	chr6R_147540587_C_T	upstream_gene_variant		low	MODIFIER			0.0265625	0.0328358208955224	0	0	0.0393586005830904	0	0	-0.0328358208955224	-0.0393586005830904	0.006522779687568	0.269947300526995	0.397014544498906	FALSE
S.CEREALE.LO7.r2.6RG00557750	chr6R_204129328_G_A	intron_variant	uniref100 abc transporter a family member n=1 tax=arabidopsis thaliana taxid=3702 arath	high	MODIFIER			0.0176991150442478	0.0384615384615385	0	0	0.0227920227920228	0	0	-0.0384615384615385	-0.0227920227920228	-0.0156695156695157	0.248107518924811	0.377531571004636	FALSE
S.CEREALE.LO7.r2.6RG00571490	chr6R_487611741_A_G	missense_variant	uniref100 q9sd53 upf protein n=1 tax=arabidopsis thaliana taxid=3702 repid=y3720 arath	high	MODERATE	46/488|3/446	p.Ser46Pro|p.Ser3Pro	0.3486646884273	0.345170454545455	0.00806451612903226	0.00789473684210526	0.348441926345609	0.0179372197309417	0.00793650793650794	-0.337275717703349	-0.340505418409101	0.00322970070575185	0.020889791102089	0.0511690701908312	FALSE
S.CEREALE.LO7.r2.6RG00577750	chr6R_572000930_A_C	missense_variant	uniref100 wrky transcription factor n=2 tax=arabidopsis thaliana taxid=3702 arath	high	MODERATE	379/481	p.Asp379Glu	0.0222222222222222	0.027027027027027	0	0	0.0294117647058824	0	0	-0.027027027027027	-0.0294117647058824	0.00238473767885532	0.464835351646484	0.588791445418879	FALSE
S.CEREALE.LO7.r2.6RG00583600	chr6R_632929613_C_T	downstream_gene_variant	uniref100 galactoside 2 alpha l fucosyltransferase tax=arabidopsis thaliana taxid=3702 arath	high	MODIFIER			0.0384615384615385	0.0664819944598338	0	0	0.0607344632768362	0	0	-0.0664819944598338	-0.0607344632768362	-0.00574753118299764	0.667823321766782	0.764625073618971	FALSE
S.CEREALE.LO7.r2.6RG00583610	chr6R_632929613_C_T	synonymous_variant	uniref100 i chlorophyll a b binding protein 3 1 chloroplastic n=2 tax=arabidopsis thaliana taxid=3702 arath	high	LOW	85/256	p.Lys85Lys	0.0384615384615385	0.0664819944598338	0	0	0.0607344632768362	0	0	-0.0664819944598338	-0.0607344632768362	-0.00574753118299764	0.667823321766782	0.764625073618971	FALSE
S.CEREALE.LO7.r2.6RG00583620	chr6R_632929613_C_T	downstream_gene_variant	uniref100 ethylene responsive transcription factor erf n=1 tax=arabidopsis thaliana taxid=3702 arath	high	MODIFIER			0.0384615384615385	0.0664819944598338	0	0	0.0607344632768362	0	0	-0.0664819944598338	-0.0607344632768362	-0.00574753118299764	0.667823321766782	0.764625073618971	FALSE
S.CEREALE.LO7.r2.6RG00585040	chr6R_641100788_C_T	synonymous_variant	uniref100 flavonol synthase flavanone 3 hydroxylase n= tax=arabidopsis thaliana taxid=3702 arath	high	LOW	113/334	p.Tyr113Tyr	0.107575757575758	0.0906432748538012	0	0.00497512437810945	0.0876132930513595	0	0.00233644859813084	-0.0856681504756917	-0.0852768444532287	-3.9130602246302e-4	4.9999500005e-5	2.2106697172022e-4	TRUE
S.CEREALE.LO7.r2.6RG00585700	chr6R_648098097_A_G	missense_variant	uniref100 transcription factor bhlh n=1 tax=arabidopsis thaliana taxid=3702 arath	high	MODERATE	326/345	p.Cys326Arg	0.229411764705882	0.256267409470752	0	0	0.237142857142857	0.0021551724137931	0	-0.256267409470752	-0.237142857142857	-0.019124552327895	9.99990000099999e-6	4.88189562548819e-5	TRUE
S.CEREALE.LO7.r2.6RG00585790	chr6R_648693240_C_A	downstream_gene_variant	uniref100 growth regulating factor n=1 tax=oryza sativa subsp japonica taxid=39947 orysj	high	MODIFIER			0.0617647058823529	0.0614525139664804	0	0	0.0635593220338983	0.00201612903225806	0	-0.0614525139664804	-0.0635593220338983	0.00210680806741786	9.99990000099999e-6	4.88189562548819e-5	TRUE
S.CEREALE.LO7.r2.6RG00586290	chr6R_652491542_C_G	synonymous_variant	uniref100 subtilisin protease sbt n=1 tax=arabidopsis thaliana taxid=3702 arath	high	LOW	24/786	p.Ala24Ala	0.16969696969697	0.181034482758621	0.0606060606060606	0.0691244239631337	0.187134502923977	0.114406779661017	0.1036866359447	-0.111910058795487	-0.0834478669792761	-0.0284621918162109	0.029959700402996	0.0716383312357353	FALSE
S.CEREALE.LO7.r2.6RG00586300	chr6R_652491542_C_G	upstream_gene_variant	uniref100 bes bzr homolog protein n=1 tax=arabidopsis thaliana taxid=3702 arath	high	MODIFIER			0.16969696969697	0.181034482758621	0.0606060606060606	0.0691244239631337	0.187134502923977	0.114406779661017	0.1036866359447	-0.111910058795487	-0.0834478669792761	-0.0284621918162109	0.029959700402996	0.0716383312357353	FALSE
S.CEREALE.LO7.r2.6RG00588180	chr6R_664794468_C_A	upstream_gene_variant	uniref100 ethylene insensitive protein n=1 tax=arabidopsis thaliana taxid=3702 arath	high	MODIFIER			0.0722713864306785	0.0980392156862745	0.00245098039215686	0.00225225225225225	0.0838068181818182	0.00202429149797571	0	-0.0957869634340222	-0.0838068181818182	-0.0119801452522041	9.99990000099999e-6	4.88189562548819e-5	TRUE
S.CEREALE.LO7.r2.6RG00588190	chr6R_664794468_C_A	missense_variant	hexosyltransferase	high	MODERATE	36/360	p.Pro36Gln	0.0722713864306785	0.0980392156862745	0.00245098039215686	0.00225225225225225	0.0838068181818182	0.00202429149797571	0	-0.0957869634340222	-0.0838068181818182	-0.0119801452522041	9.99990000099999e-6	4.88189562548819e-5	TRUE
S.CEREALE.LO7.r2.6RG00588200	chr6R_664794468_C_A	downstream_gene_variant	uniref100 26s protease regulatory subunit 6a homolog b n=2 tax=arabidopsis thaliana taxid=3702 arath	high	MODIFIER			0.0722713864306785	0.0980392156862745	0.00245098039215686	0.00225225225225225	0.0838068181818182	0.00202429149797571	0	-0.0957869634340222	-0.0838068181818182	-0.0119801452522041	9.99990000099999e-6	4.88189562548819e-5	TRUE
S.CEREALE.LO7.r2.6RG00588290	chr6R_665410814_C_A	missense_variant		low	MODERATE	72/549	p.Gly72Trp	0.0205882352941176	0.0207182320441989	0	0	0.0199430199430199	0	0	-0.0207182320441989	-0.0199430199430199	-7.7521210117895e-4	0.703392966070339	0.794122524264324	FALSE
S.CEREALE.LO7.r2.6RG00589570	chr6R_673831560_G_A	intron_variant		low	MODIFIER			0.0430769230769231	0.0476878612716763	0	0	0.0485294117647059	0.00203252032520325	0	-0.0476878612716763	-0.0485294117647059	8.4155049302958e-4	9.99990000099999e-6	4.88189562548819e-5	TRUE
S.CEREALE.LO7.r2.6RG00589580	chr6R_673831560_G_A	upstream_gene_variant	unknown protein	low	MODIFIER			0.0430769230769231	0.0476878612716763	0	0	0.0485294117647059	0.00203252032520325	0	-0.0476878612716763	-0.0485294117647059	8.4155049302958e-4	9.99990000099999e-6	4.88189562548819e-5	TRUE
S.CEREALE.LO7.r2.6RG00598710	chr6R_720986856_T_C	downstream_gene_variant	uniref100 acetylserotonin o methyltransferase n=1 tax=oryza sativa subsp japonica taxid=39947 orysj	high	MODIFIER			0.228706624605678	0.285285285285285	0.00261780104712042	0.00239234449760766	0.272455089820359	0	0.00260416666666667	-0.282892940787678	-0.269850923153693	-0.013042017633985	9.99990000099999e-6	4.88189562548819e-5	TRUE
S.CEREALE.LO7.r2.6RG00599580	chr6R_724877072_C_T	intron_variant	uniref100 3 ketoacyl coa thiolase 1 peroxisomal n=2 tax=arabidopsis thaliana taxid=3702 arath	high	MODIFIER			0.0773809523809524	0.0868263473053892	0.00256410256410256	0	0.0663716814159292	0	0	-0.0868263473053892	-0.0663716814159292	-0.02045466588946	9.99990000099999e-6	4.88189562548819e-5	TRUE
S.CEREALE.LO7.r2.6RG00600490	chr6R_729551272_A_G	downstream_gene_variant	uniref100 calmodulin binding receptor cytoplasmic kinase n=1 tax=arabidopsis thaliana taxid=3702 arath	high	MODIFIER			0.0136363636363636	0.0254491017964072	0	0	0.0257575757575758	0	0	-0.0254491017964072	-0.0257575757575758	3.0847396116857e-4	0.643573564264357	0.751339766867671	FALSE
S.CEREALE.LO7.r2.6RG00600500	chr6R_729551272_A_G	downstream_gene_variant	uniref100 ring h2 finger protein atl n=1 tax=arabidopsis thaliana taxid=3702 arath	high	MODIFIER			0.0136363636363636	0.0254491017964072	0	0	0.0257575757575758	0	0	-0.0254491017964072	-0.0257575757575758	3.0847396116857e-4	0.643573564264357	0.751339766867671	FALSE
S.CEREALE.LO7.r2.6RG00602240	chr6R_735239529_G_A	intron_variant	uniref100 50s ribosomal protein l9 chloroplastic n=1 taxid=35884 repid=rk9	low	MODIFIER			0.265861027190332	0.259312320916905	0.0638888888888889	0.035	0.27536231884058	0.0272727272727273	0.0222772277227723	-0.224312320916905	-0.253085091117807	0.028772770200902	9.99990000099999e-6	4.88189562548819e-5	TRUE
S.CEREALE.LO7.r2.6RG00606210	chr6R_758455727_C_A	upstream_gene_variant	unknown protein	low	MODIFIER			0.0338709677419355	0.0880503144654088	0.0303030303030303	0.030952380952381	0.147398843930636	0.0565217391304348	0.0462962962962963	-0.0570979335130279	-0.10110254763434	0.0440046141213117	0.653613463865361	0.755446172960274	FALSE
S.CEREALE.LO7.r2.6RG00606220	chr6R_758455727_C_A	intron_variant	uniref100 anthranilate o methyltransferase n=1 tax=zea mays taxid=4577 maize	high	MODIFIER			0.0338709677419355	0.0880503144654088	0.0303030303030303	0.030952380952381	0.147398843930636	0.0565217391304348	0.0462962962962963	-0.0570979335130279	-0.10110254763434	0.0440046141213117	0.653613463865361	0.755446172960274	FALSE
S.CEREALE.LO7.r2.6RG00610790	chr6R_781907489_C_T	downstream_gene_variant	uniref100 expansin n=1 tax=oryza sativa subsp japonica taxid=39947 orysj	high	MODIFIER			0.0472560975609756	0.0523255813953488	0	0	0.0595238095238095	0	0	-0.0523255813953488	-0.0595238095238095	0.00719822812846068	0.162378376216238	0.27506505657835	FALSE
S.CEREALE.LO7.r2.6RG00611600	chr6R_785160501_C_T	downstream_gene_variant	expressed protein	high	MODIFIER			0.0782208588957055	0.0669642857142857	0	0	0.053680981595092	0	0	-0.0669642857142857	-0.053680981595092	-0.0132833041191937	0.907610923890761	0.935949584785677	FALSE
S.CEREALE.LO7.r2.6RG00611610	chr6R_785160501_C_T	3_prime_UTR_variant	uniref100 disease resistance protein rpm n=4 tax=arabidopsis thaliana taxid=3702 arath	high	MODIFIER			0.0782208588957055	0.0669642857142857	0	0	0.053680981595092	0	0	-0.0669642857142857	-0.053680981595092	-0.0132833041191937	0.907610923890761	0.935949584785677	FALSE
S.CEREALE.LO7.r2.6RG00617940	chr6R_809870394_G_A	synonymous_variant	bzip transcription factor	high	LOW	291/907	p.Glu291Glu	0.0895522388059701	0.11938202247191	0	0	0.140579710144928	0.0020746887966805	0.00226244343891403	-0.11938202247191	-0.138317266706014	0.0189352442341034	9.99990000099999e-6	4.88189562548819e-5	TRUE
S.CEREALE.LO7.r2.6RG00617950	chr6R_809870394_G_A	downstream_gene_variant	trna uridine 5 carboxymethylaminomethyl modification enzyme mnmg	high	MODIFIER			0.0895522388059701	0.11938202247191	0	0	0.140579710144928	0.0020746887966805	0.00226244343891403	-0.11938202247191	-0.138317266706014	0.0189352442341034	9.99990000099999e-6	4.88189562548819e-5	TRUE
S.CEREALE.LO7.r2.6RG00619370	chr6R_815639035_A_G	missense_variant	uniref100 3 oxo delta 4 5 steroid beta reductase n=1 taxid=49450	high	MODERATE	207/397	p.His207Arg	0.337278106508876	0.358725761772853	0.0406698564593301	0.0444915254237288	0.335243553008596	0.0582329317269076	0.0382978723404255	-0.314234236349124	-0.29694568066817	-0.0172885556809539	0.632753672463275	0.743855905922546	FALSE
S.CEREALE.LO7.r2.6RG00622470	chr6R_830361616_C_G	5_prime_UTR_variant	uniref100 f box fbd lrr repeat protein n=1 tax=arabidopsis thaliana taxid=3702 arath	high	MODIFIER			0.0776119402985075	0.0760233918128655	0	0	0.0674486803519062	0	0.00238095238095238	-0.0760233918128655	-0.0650677279709538	-0.0109556638419117	9.99990000099999e-6	4.88189562548819e-5	TRUE
S.CEREALE.LO7.r2.6RG00622480	chr6R_830361616_C_G	downstream_gene_variant	disease resistance protein	low	MODIFIER			0.0776119402985075	0.0760233918128655	0	0	0.0674486803519062	0	0.00238095238095238	-0.0760233918128655	-0.0650677279709538	-0.0109556638419117	9.99990000099999e-6	4.88189562548819e-5	TRUE
S.CEREALE.LO7.r2.6RG00622490	chr6R_830361616_C_G	downstream_gene_variant	uniref100 f box fbd lrr repeat protein n=1 tax=arabidopsis thaliana taxid=3702 arath	high	MODIFIER			0.0776119402985075	0.0760233918128655	0	0	0.0674486803519062	0	0.00238095238095238	-0.0760233918128655	-0.0650677279709538	-0.0109556638419117	9.99990000099999e-6	4.88189562548819e-5	TRUE
S.CEREALE.LO7.r2.6RG00623480	chr6R_834147377_T_C	missense_variant	rrna n glycosidase	high	MODERATE	74/196	p.Val74Ala	0.0619469026548673	0.0786516853932584	0.00239234449760766	0.00216450216450216	0.0925925925925926	0.006	0.0150862068965517	-0.0764871832287563	-0.0775063856960409	0.0010192024672846	9.99990000099999e-6	4.88189562548819e-5	TRUE
S.CEREALE.LO7.r2.6RG00624640	chr6R_837661799_C_T	synonymous_variant	unknown protein	high	LOW	180/231	p.Leu180Leu	0.455621301775148	0.462962962962963	0	0	0.465116279069768	0	0	-0.462962962962963	-0.465116279069768	0.00215331610680447	0.040619593804062	0.0933188707328613	FALSE
S.CEREALE.LO7.r2.6RG00624640	chr6R_837661805_G_C	synonymous_variant	unknown protein	high	LOW	178/231	p.Ala178Ala	0.477810650887574	0.484375	0.334158415841584	0.308370044052863	0.489766081871345	0.353909465020576	0.325327510917031	-0.176004955947137	-0.164438570954314	-0.0115663849928221	0.752932470675293	0.832250828435112	FALSE
S.CEREALE.LO7.r2.6RG00624640	chr6R_837661807_C_G	missense_variant	unknown protein	high	MODERATE	178/231	p.Ala178Pro	0.269911504424779	0.240056818181818	0	0	0.268221574344023	0	0	-0.240056818181818	-0.268221574344023	0.0281647561622052	0.00727992720072799	0.0211478876946768	TRUE
S.CEREALE.LO7.r2.6RG00625900	chr6R_842821636_G_T	synonymous_variant	uniref100 f box lrr repeat protein n=2 tax=arabidopsis thaliana taxid=3702 arath	high	LOW	442/460	p.Val442Val	0.022189349112426	0.0240112994350283	0	0	0.021551724137931	0	0	-0.0240112994350283	-0.021551724137931	-0.00245957529709721	0.909610903890961	0.936246655102995	FALSE
S.CEREALE.LO7.r2.6RG00625910	chr6R_842821636_G_T	downstream_gene_variant		low	MODIFIER			0.022189349112426	0.0240112994350283	0	0	0.021551724137931	0	0	-0.0240112994350283	-0.021551724137931	-0.00245957529709721	0.909610903890961	0.936246655102995	FALSE
S.CEREALE.LO7.r2.6RG00625920	chr6R_842821636_G_T	upstream_gene_variant	eukaryotic translation initiation factor 4e 1	high	MODIFIER			0.022189349112426	0.0240112994350283	0	0	0.021551724137931	0	0	-0.0240112994350283	-0.021551724137931	-0.00245957529709721	0.909610903890961	0.936246655102995	FALSE
S.CEREALE.LO7.r2.6RG00625930	chr6R_842821636_G_T	downstream_gene_variant	uniref100 wall associated receptor kinase n=1 tax=arabidopsis thaliana taxid=3702 arath	high	MODIFIER			0.022189349112426	0.0240112994350283	0	0	0.021551724137931	0	0	-0.0240112994350283	-0.021551724137931	-0.00245957529709721	0.909610903890961	0.936246655102995	FALSE
S.CEREALE.LO7.r2.6RG00627270	chr6R_847214177_G_C	downstream_gene_variant	unknown protein	low	MODIFIER			0.016566265060241	0.0288184438040346	0	0	0.0361271676300578	0	0	-0.0288184438040346	-0.0361271676300578	0.00730872382602323	0.195948040519595	0.318132730912876	FALSE
S.CEREALE.LO7.r2.6RG00627280	chr6R_847214177_G_C	synonymous_variant	uniref100 pectin acetylesterase n=1 tax=arabidopsis thaliana taxid=3702 arath	high	LOW	628/962	p.Leu628Leu	0.016566265060241	0.0288184438040346	0	0	0.0361271676300578	0	0	-0.0288184438040346	-0.0361271676300578	0.00730872382602323	0.195948040519595	0.318132730912876	FALSE
S.CEREALE.LO7.r2.6RG00628300	chr6R_850876867_C_G	intron_variant	unknown protein	low	MODIFIER			0.0594059405940594	0.0835913312693498	0.00497512437810945	0.00742574257425743	0.097667638483965	0.00641025641025641	0.00261780104712042	-0.0761655886950924	-0.0950498374368446	0.0188842487417522	4.79995200048e-4	0.001854047393592	TRUE
S.CEREALE.LO7.r2.6RG00630240	chr6R_859772853_A_G	intron_variant	uniref100 protein eceriferum n=2 tax=arabidopsis thaliana taxid=3702 arath	high	MODIFIER			0.0559105431309904	0.0482866043613707	0	0	0.0664556962025316	0.00211864406779661	0	-0.0482866043613707	-0.0664556962025316	0.0181690918411609	9.99990000099999e-6	4.88189562548819e-5	TRUE
S.CEREALE.LO7.r2.6RG00630240	chr6R_859772886_C_G	intron_variant	uniref100 protein eceriferum n=2 tax=arabidopsis thaliana taxid=3702 arath	high	MODIFIER			0.143518518518519	0.179190751445087	0.00259067357512953	0.00239234449760766	0.183823529411765	0.00211864406779661	0	-0.176798406947479	-0.183823529411765	0.00702512246428569	9.99990000099999e-6	4.88189562548819e-5	TRUE
S.CEREALE.LO7.r2.6RG00630750	chr6R_861966284_C_G	missense_variant	beta fructofuranosidase insoluble isoenzyme	high	MODERATE	228/690	p.Gly228Arg	0.160060975609756	0.149425287356322	0	0.00216450216450216	0.128358208955224	0.00204918032786885	0	-0.14726078519182	-0.128358208955224	-0.0189025762365958	9.99990000099999e-6	4.88189562548819e-5	TRUE
S.CEREALE.LO7.r2.6RG00631220	chr6R_863266346_G_T	missense_variant	uniref100 dihydroflavonol 4 reductase n=2 tax=arabidopsis thaliana taxid=3702 repid=dfra arath	high	MODERATE	196/355	p.Glu196Asp	0.0360501567398119	0.0390625	0	0	0.0343642611683849	0	0	-0.0390625	-0.0343642611683849	-0.00469823883161512	0.93060069399306	0.950889953309769	FALSE
S.CEREALE.LO7.r2.6RG00631690	chr6R_865312001_G_A	downstream_gene_variant	uniref100 ubiquitin nedd protein rub n=2 tax=arabidopsis thaliana taxid=3702 arath	high	MODIFIER			0.346268656716418	0.371794871794872	0.00824175824175824	0.021505376344086	0.356481481481481	0.0167464114832536	0.0108108108108108	-0.350289495450786	-0.345670670670671	-0.00461882478011516	0.00686993130068699	0.0201231737682623	TRUE
S.CEREALE.LO7.r2.6RG00631700	chr6R_865312001_G_A	synonymous_variant	acetyl transferase	high	LOW	218/416	p.Leu218Leu	0.346268656716418	0.371794871794872	0.00824175824175824	0.021505376344086	0.356481481481481	0.0167464114832536	0.0108108108108108	-0.350289495450786	-0.345670670670671	-0.00461882478011516	0.00686993130068699	0.0201231737682623	TRUE
S.CEREALE.LO7.r2.6RG00632880	chr6R_870474936_T_G	3_prime_UTR_variant	uniref100 dead box atp dependent rna helicase n=1 taxid=39947	low	MODIFIER			0.0112540192926045	0.0228571428571429	0	0	0.0304347826086957	0	0	-0.0228571428571429	-0.0304347826086957	0.0075776397515528	0.146408535914641	0.25476534838612	FALSE
S.CEREALE.LO7.r2.6RG00636040	chr6R_879835780_G_C	missense_variant	uniref100 f box fbd lrr repeat protein n=1 tax=arabidopsis thaliana taxid=3702 arath	high	MODERATE	258/514	p.Phe258Leu	0.0162721893491124	0.0294117647058824	0	0	0.023876404494382	0	0	-0.0294117647058824	-0.023876404494382	-0.00553536021150033	0.841141588584114	0.891308270652233	FALSE
S.CEREALE.LO7.r2.6RG00636410	chr6R_881970577_G_C	missense_variant	uniref100 f box fbd lrr repeat protein n=1 tax=arabidopsis thaliana taxid=3702 arath	high	MODERATE	284/535	p.Ala284Pro	0.0411764705882353	0.0476839237057221	0	0	0.0632183908045977	0	0.00216450216450216	-0.0476839237057221	-0.0610538886400955	0.0133699649343735	9.99990000099999e-6	4.88189562548819e-5	TRUE
S.CEREALE.LO7.r2.6RG00637620	chr6R_889171977_G_T	3_prime_UTR_variant	uniref100 callose synthase n=1 tax=arabidopsis thaliana taxid=3702 arath	high	MODIFIER			0.124251497005988	0.120234604105572	0.00240384615384615	0	0.12719298245614	0.00204918032786885	0	-0.120234604105572	-0.12719298245614	0.00695837835056851	0.155508444915551	0.265991330354336	FALSE
S.CEREALE.LO7.r2.6RG00640080	chr6R_898583569_C_G	missense_variant	uniref100 heavy metal associated isoprenylated plant protein n=1 tax=arabidopsis thaliana taxid=3702 arath	high	MODERATE	136/244|94/202	p.Asp136Glu|p.Asp94Glu	0.0780254777070064	0.130311614730878	0	0	0.0925373134328358	0.00697674418604651	0.00510204081632653	-0.130311614730878	-0.0874352726165093	-0.0428763421143689	9.99990000099999e-6	4.88189562548819e-5	TRUE
S.CEREALE.LO7.r2.6RG00640290	chr6R_899642601_A_G	missense_variant	uniref100 lecithin cholesterol acyltransferase n=1 taxid=3702	high	MODERATE	241/417	p.Lys241Glu	0.0692307692307692	0.0585714285714286	0	0	0.0897058823529412	0.00204081632653061	0	-0.0585714285714286	-0.0897058823529412	0.0311344537815126	9.99990000099999e-6	4.88189562548819e-5	TRUE
S.CEREALE.LO7.r2.6RG00640690	chr6R_902362349_C_T	upstream_gene_variant	uniref100 tyrosine dopa decarboxylase n=1 tax=papaver somniferum taxid=3469 repid=tydc1 papso	high	MODIFIER			0.0213414634146341	0.0261627906976744	0.00242718446601942	0	0.0276967930029155	0	0	-0.0261627906976744	-0.0276967930029155	0.00153400230524103	1.9999800002e-5	9.31116516649403e-5	TRUE
S.CEREALE.LO7.r2.6RG00640910	chr6R_903329795_C_T	upstream_gene_variant	uniref100 disease resistance protein rpp n=3 tax=arabidopsis thaliana taxid=3702 arath	high	MODIFIER			0.0447761194029851	0.0257879656160458	0	0	0.0267062314540059	0	0	-0.0257879656160458	-0.0267062314540059	9.1826583796008e-4	0.51919480805192	0.644865636149292	FALSE
S.CEREALE.LO7.r2.6RG00640920	chr6R_903329795_C_T	synonymous_variant	disease resistance protein	low	LOW	201/309	p.Ala201Ala	0.0447761194029851	0.0257879656160458	0	0	0.0267062314540059	0	0	-0.0257879656160458	-0.0267062314540059	9.1826583796008e-4	0.51919480805192	0.644865636149292	FALSE
S.CEREALE.LO7.r2.6RG00642290	chr6R_907855151_G_A	upstream_gene_variant		low	MODIFIER			0.194029850746269	0.177464788732394	0	0	0.17524115755627	0	0	-0.177464788732394	-0.17524115755627	-0.00222363117612429	0.241817581824182	0.371174148520524	FALSE
S.CEREALE.LO7.r2.6RG00645470	chr6R_919041785_G_A	missense_variant	unknown protein	high	MODERATE	252/406	p.Ser252Leu	0.0290519877675841	0.0273775216138329	0	0	0.0409356725146199	0	0	-0.0273775216138329	-0.0409356725146199	0.013558150900787	0.0596694033059669	0.126729880737446	FALSE
S.CEREALE.LO7.r2.6RG00646590	chr6R_924088582_G_T	downstream_gene_variant	uniref100 cytokinin dehydrogenase n=1 tax=oryza sativa subsp japonica taxid=39947 orysj	high	MODIFIER			0.154654654654655	0.132311977715877	0	0	0.140532544378698	0.00206611570247934	0.00448430493273543	-0.132311977715877	-0.136048239445963	0.00373626173008534	9.99990000099999e-6	4.88189562548819e-5	TRUE
S.CEREALE.LO7.r2.6RG00647610	chr6R_927624853_C_T	downstream_gene_variant	dependent dna	low	MODIFIER			0.0294117647058824	0.0302593659942363	0	0	0.027536231884058	0	0	-0.0302593659942363	-0.027536231884058	-0.00272313411017834	0.873551264487355	0.912491142547713	FALSE
S.CEREALE.LO7.r2.6RG00647620	chr6R_927624853_C_T	synonymous_variant	uniref100 protein trichome birefringence n=1 tax=arabidopsis thaliana taxid=3702 arath	high	LOW	311/417|193/299	p.Cys311Cys|p.Cys193Cys	0.0294117647058824	0.0302593659942363	0	0	0.027536231884058	0	0	-0.0302593659942363	-0.027536231884058	-0.00272313411017834	0.873551264487355	0.912491142547713	FALSE
S.CEREALE.LO7.r2.6RG00649220	chr6R_931321171_G_C	downstream_gene_variant	uniref100 cbl interacting serine threonine protein kinase n=1 tax=arabidopsis thaliana taxid=3702 arath	high	MODIFIER			0.0694864048338369	0.0758928571428571	0.0170731707317073	0.0229357798165138	0.0527859237536657	0.0101214574898785	0.00460829493087558	-0.0529570773263434	-0.0481776288227901	-0.00477944850355326	0.00349996500035	0.0112350474668769	TRUE
S.CEREALE.LO7.r2.6RG00649230	chr6R_931321171_G_C	intron_variant	elongator protein n=1 taxid=3702	high	MODIFIER			0.0694864048338369	0.0758928571428571	0.0170731707317073	0.0229357798165138	0.0527859237536657	0.0101214574898785	0.00460829493087558	-0.0529570773263434	-0.0481776288227901	-0.00477944850355326	0.00349996500035	0.0112350474668769	TRUE
S.CEREALE.LO7.r2.6RG00649370	chr6R_931677013_A_G	upstream_gene_variant	uniref100 cytochrome p450 n=1 tax=cichorium intybus taxid=13427 cicin	high	MODIFIER			0.461538461538462	0.446575342465753	0.00304878048780488	0.019774011299435	0.497142857142857	0.0105820105820106	0.00802139037433155	-0.426801331166318	-0.489121466768526	0.0623201356022072	9.99990000099999e-6	4.88189562548819e-5	TRUE
S.CEREALE.LO7.r2.6RG00649380	chr6R_931677013_A_G	missense_variant	unknown protein	high	MODERATE	230/254	p.Tyr230His	0.461538461538462	0.446575342465753	0.00304878048780488	0.019774011299435	0.497142857142857	0.0105820105820106	0.00802139037433155	-0.426801331166318	-0.489121466768526	0.0623201356022072	9.99990000099999e-6	4.88189562548819e-5	TRUE
S.CEREALE.LO7.r2.6RG00651850	chr6R_937879224_A_C	intron_variant	uniref100 abc transporter g family member n=1 tax=arabidopsis thaliana taxid=3702 arath	high	MODIFIER			0.125	0.120448179271709	0	0.00256410256410256	0.140625	0.00242718446601942	0	-0.117884076707606	-0.140625	0.0227409232923939	9.99990000099999e-6	4.88189562548819e-5	TRUE
S.CEREALE.LO7.r2.7RG00664530	chr7R_32582152_C_G	downstream_gene_variant	uniref100 f box fbd lrr repeat protein n=1 tax=arabidopsis thaliana taxid=3702 arath	high	MODIFIER			0.109792284866469	0.13179347826087	0.0232558139534884	0.0099009900990099	0.102040816326531	0.014218009478673	0.00966183574879227	-0.12189248816186	-0.0923789805777383	-0.0295135075841213	0.929020709792902	0.950657291098122	FALSE
S.CEREALE.LO7.r2.7RG00664530	chr7R_32582157_G_C	downstream_gene_variant	uniref100 f box fbd lrr repeat protein n=1 tax=arabidopsis thaliana taxid=3702 arath	high	MODIFIER			0.116417910447761	0.137228260869565	0	0.00669642857142857	0.124269005847953	0	0	-0.130531832298137	-0.124269005847953	-0.00626282645018343	9.99990000099999e-6	4.88189562548819e-5	TRUE
S.CEREALE.LO7.r2.7RG00667240	chr7R_41838304_C_T	synonymous_variant	uniref100 aspartic proteinase protein n=1 tax=arabidopsis thaliana taxid=3702 arath	high	LOW	265/455	p.Ile265Ile	0.0471976401179941	0.0630252100840336	0	0	0.0655270655270655	0	0	-0.0630252100840336	-0.0655270655270655	0.00250185544303191	0.363306366936331	0.488600276521135	FALSE
S.CEREALE.LO7.r2.7RG00670820	chr7R_59046851_C_T	synonymous_variant	uniref100 seed linoleate 9s lipoxygenase n=1 tax=glycine max taxid=3847 soybn	high	LOW	697/866	p.Leu697Leu	0.0942249240121581	0.0965909090909091	0	0.00220264317180617	0.0794797687861272	0.00208333333333333	0.00223214285714286	-0.0943882659191029	-0.0772476259289843	-0.0171406399901186	0.014219857801422	0.0371619332133816	TRUE
S.CEREALE.LO7.r2.7RG00671390	chr7R_62344558_G_A	missense_variant		low	MODERATE	84/123	p.Gly84Ser	0.0529411764705882	0.0410764872521247	0	0	0.0623229461756374	0	0.00220264317180617	-0.0410764872521247	-0.0601203030038312	0.0190438157517066	9.99990000099999e-6	4.88189562548819e-5	TRUE
S.CEREALE.LO7.r2.7RG00671400	chr7R_62344558_G_A	downstream_gene_variant	q0jg75 photosystem ii reaction center psb protein n=4 taxid=4527	high	MODIFIER			0.0529411764705882	0.0410764872521247	0	0	0.0623229461756374	0	0.00220264317180617	-0.0410764872521247	-0.0601203030038312	0.0190438157517066	9.99990000099999e-6	4.88189562548819e-5	TRUE
S.CEREALE.LO7.r2.7RG00672310	chr7R_70334020_C_T	synonymous_variant	uniref100 inorganic phosphate transporter n=2 tax=oryza taxid=4527 orysj	high	LOW	26/536	p.Val26Val	0.0811209439528024	0.0712250712250712	0.00242718446601942	0	0.0776699029126214	0.00202429149797571	0	-0.0712250712250712	-0.0776699029126214	0.00644483168755013	0.182738172618274	0.30085464953313	FALSE
S.CEREALE.LO7.r2.7RG00672310	chr7R_70334023_G_C	synonymous_variant	uniref100 inorganic phosphate transporter n=2 tax=oryza taxid=4527 orysj	high	LOW	27/536	p.Val27Val	0.141592920353982	0.153846153846154	0.0849514563106796	0.0662393162393162	0.174757281553398	0.0991902834008097	0.104910714285714	-0.0876068376068376	-0.0698465672676838	-0.0177602703391538	0.216317836821632	0.344053030057935	FALSE
S.CEREALE.LO7.r2.7RG00673030	chr7R_75196870_T_A	downstream_gene_variant	unknown protein	high	MODIFIER			0.136085626911315	0.173134328358209	0	0	0.17814371257485	0	0	-0.173134328358209	-0.17814371257485	0.00500938421664132	0.231807681923181	0.359736866207497	FALSE
S.CEREALE.LO7.r2.7RG00673040	chr7R_75196870_T_A	splice_region_variant&intron_variant	uniref100 proteasome subunit alpha type a n=2 tax=arabidopsis thaliana taxid=3702 arath	high	LOW			0.136085626911315	0.173134328358209	0	0	0.17814371257485	0	0	-0.173134328358209	-0.17814371257485	0.00500938421664132	0.231807681923181	0.359736866207497	FALSE
S.CEREALE.LO7.r2.7RG00673830	chr7R_80575031_T_C	intron_variant	uniref100 vacuolar protein sorting associated homolog n=2 tax=arabidopsis thaliana taxid=3702 arath	high	MODIFIER			0.0256024096385542	0.0234806629834254	0	0	0.0229226361031519	0	0	-0.0234806629834254	-0.0229226361031519	-5.5802688027355e-4	0.664283357166428	0.762168234761372	FALSE
S.CEREALE.LO7.r2.7RG00673840	chr7R_80575031_T_C	downstream_gene_variant	dhh mothra rnd 1 sativa dna transposon helitron rpa homolog	high	MODIFIER			0.0256024096385542	0.0234806629834254	0	0	0.0229226361031519	0	0	-0.0234806629834254	-0.0229226361031519	-5.5802688027355e-4	0.664283357166428	0.762168234761372	FALSE
S.CEREALE.LO7.r2.7RG00673960	chr7R_81738640_T_A	missense_variant	uniref100 purine permease n=1 tax=arabidopsis thaliana taxid=3702 arath	high	MODERATE	334/388	p.Lys334Met	0.241017964071856	0.204081632653061	0.00537634408602151	0	0.225290697674419	0.00678733031674208	0.00253807106598985	-0.204081632653061	-0.222752626608429	0.0186709939553675	9.99990000099999e-6	4.88189562548819e-5	TRUE
S.CEREALE.LO7.r2.7RG00674270	chr7R_84180200_G_C	synonymous_variant	uniref100 homeobox leucine zipper protein hox n=1 tax=oryza sativa subsp indica taxid=39946 orysi	high	LOW	221/316	p.Gly221Gly	0.263235294117647	0.295013850415512	0.00515463917525773	0	0.303116147308782	0	0	-0.295013850415512	-0.303116147308782	0.00810229689326941	9.99990000099999e-6	4.88189562548819e-5	TRUE
S.CEREALE.LO7.r2.7RG00676010	chr7R_95707243_A_G	intron_variant	uniref100 ap ethylene responsive transcription factor ail n=1 tax=arabidopsis thaliana taxid=3702 arath	high	MODIFIER			0.0821114369501466	0.0858725761772853	0	0	0.0606936416184971	0	0.00432900432900433	-0.0858725761772853	-0.0563646372894928	-0.0295079388877925	9.99990000099999e-6	4.88189562548819e-5	TRUE
S.CEREALE.LO7.r2.7RG00676180	chr7R_96651689_T_A	synonymous_variant	uniref100 abscisic acid 8 hydroxylase n=1 tax=oryza sativa subsp japonica taxid=39947 repid=abah2 orysj	high	LOW	326/463	p.Pro326Pro	0.0758513931888545	0.0705521472392638	0	0	0.0784883720930233	0	0	-0.0705521472392638	-0.0784883720930233	0.00793622485375946	0.125978740212598	0.229437964687711	FALSE
S.CEREALE.LO7.r2.7RG00677810	chr7R_110767998_G_A	downstream_gene_variant	f4isq7 dna topoisomerase 3 n=2 taxid=3702	high	MODIFIER			0.539393939393939	0.574229691876751	0.409090909090909	0.333333333333333	0.559154929577465	0.372093023255814	0.328205128205128	-0.240896358543417	-0.230949801372337	-0.00994655717108073	0.976010239897601	0.980193140925734	FALSE
S.CEREALE.LO7.r2.7RG00677820	chr7R_110767998_G_A	downstream_gene_variant		low	MODIFIER			0.539393939393939	0.574229691876751	0.409090909090909	0.333333333333333	0.559154929577465	0.372093023255814	0.328205128205128	-0.240896358543417	-0.230949801372337	-0.00994655717108073	0.976010239897601	0.980193140925734	FALSE
S.CEREALE.LO7.r2.7RG00678420	chr7R_115568132_T_C	3_prime_UTR_variant	uniref100 type i inositol polyphosphate 5 phosphatase n=1 tax=arabidopsis thaliana taxid=3702 arath	high	MODIFIER			0.0287009063444109	0.02	0	0	0.0266457680250784	0	0	-0.02	-0.0266457680250784	0.00664576802507837	0.21369786302137	0.340656684136106	FALSE
S.CEREALE.LO7.r2.7RG00679560	chr7R_124245384_T_C	intron_variant	uniref100 kinesin protein kin n=1 tax=arabidopsis thaliana taxid=3702 arath	high	MODIFIER			0.0360501567398119	0.0343137254901961	0.00242718446601942	0.00232558139534884	0.0446153846153846	0.00421940928270042	0	-0.0319881440948472	-0.0446153846153846	0.0126272405205374	0.013109868901311	0.0349099918091728	TRUE
S.CEREALE.LO7.r2.7RG00680720	chr7R_134265191_A_G	downstream_gene_variant	uniref100 protein indeterminate domain 4 chloroplastic n=3 tax=arabidopsis thaliana taxid=3702 arath	high	MODIFIER			0.343076923076923	0.318713450292398	0.1975	0.115023474178404	0.351063829787234	0.148706896551724	0.165865384615385	-0.203689976113994	-0.185198445171849	-0.0184915309421445	0.644463555364446	0.751339766867671	FALSE
S.CEREALE.LO7.r2.7RG00680720	chr7R_134265207_G_A	downstream_gene_variant	uniref100 protein indeterminate domain 4 chloroplastic n=3 tax=arabidopsis thaliana taxid=3702 arath	high	MODIFIER			0.146604938271605	0.140350877192982	0.0050251256281407	0.00938967136150235	0.204268292682927	0.00431034482758621	0.00241545893719807	-0.13096120583148	-0.201852833745729	0.0708916279142486	9.99990000099999e-6	4.88189562548819e-5	TRUE
S.CEREALE.LO7.r2.7RG00681160	chr7R_138802991_T_C	intron_variant	uniref100 mitochondrial outer membrane protein porin n=3 tax=oryza taxid=4527 repid=vdac1 orysj	high	MODIFIER			0.184131736526946	0.226470588235294	0.0637755102040816	0.106334841628959	0.196793002915452	0.0779220779220779	0.0833333333333333	-0.120135746606335	-0.113459669582119	-0.00667607702421627	0.835841641583584	0.888967530264275	FALSE
S.CEREALE.LO7.r2.7RG00681170	chr7R_138802991_T_C	downstream_gene_variant	ribosomal rna large subunit methyltransferase n	high	MODIFIER			0.184131736526946	0.226470588235294	0.0637755102040816	0.106334841628959	0.196793002915452	0.0779220779220779	0.0833333333333333	-0.120135746606335	-0.113459669582119	-0.00667607702421627	0.835841641583584	0.888967530264275	FALSE
S.CEREALE.LO7.r2.7RG00683260	chr7R_157975251_C_T	synonymous_variant	unknown protein	high	LOW	363/540	p.Cys363Cys	0.0507462686567164	0.0645604395604396	0	0	0.0507042253521127	0	0	-0.0645604395604396	-0.0507042253521127	-0.0138562142083269	0.724622753772462	0.811162095385416	FALSE
S.CEREALE.LO7.r2.7RG00683260	chr7R_157975299_G_A	synonymous_variant	unknown protein	high	LOW	379/540	p.Ala379Ala	0.102985074626866	0.14010989010989	0.0619047619047619	0.0683760683760684	0.125352112676056	0.06	0.0454545454545455	-0.0717338217338217	-0.0798975672215109	0.00816374548768915	0.340216597834022	0.466222745179956	FALSE
S.CEREALE.LO7.r2.7RG00683260	chr7R_157975305_G_A	synonymous_variant	unknown protein	high	LOW	381/540	p.Ser381Ser	0.101492537313433	0.0906593406593407	0.0261904761904762	0.0320512820512821	0.0816901408450704	0.036	0.0323275862068966	-0.0586080586080586	-0.0493625546381739	-0.00924550396988474	0.508474915250848	0.633790541527209	FALSE
S.CEREALE.LO7.r2.7RG00683270	chr7R_157975251_C_T	downstream_gene_variant	unknown protein	high	MODIFIER			0.0507462686567164	0.0645604395604396	0	0	0.0507042253521127	0	0	-0.0645604395604396	-0.0507042253521127	-0.0138562142083269	0.724622753772462	0.811162095385416	FALSE
S.CEREALE.LO7.r2.7RG00683270	chr7R_157975299_G_A	downstream_gene_variant	unknown protein	high	MODIFIER			0.102985074626866	0.14010989010989	0.0619047619047619	0.0683760683760684	0.125352112676056	0.06	0.0454545454545455	-0.0717338217338217	-0.0798975672215109	0.00816374548768915	0.340216597834022	0.466222745179956	FALSE
S.CEREALE.LO7.r2.7RG00683270	chr7R_157975305_G_A	downstream_gene_variant	unknown protein	high	MODIFIER			0.101492537313433	0.0906593406593407	0.0261904761904762	0.0320512820512821	0.0816901408450704	0.036	0.0323275862068966	-0.0586080586080586	-0.0493625546381739	-0.00924550396988474	0.508474915250848	0.633790541527209	FALSE
S.CEREALE.LO7.r2.7RG00684020	chr7R_168219698_C_T	missense_variant	uniref100 chaperone protein dnaj 20 chloroplastic n=1 tax=arabidopsis thaliana taxid=3702 arath	high	MODERATE	294/537	p.Pro294Leu	0.0482866043613707	0.05	0	0	0.0574534161490683	0	0	-0.05	-0.0574534161490683	0.00745341614906832	0.145378546214538	0.254124108882981	FALSE
S.CEREALE.LO7.r2.7RG00684130	chr7R_169427558_A_G	intron_variant	uniref100 low molecular mass early light inducible protein hv chloroplastic n=1 tax=hordeum vulgare taxid=4513 horvu	high	MODIFIER			0.11178247734139	0.169230769230769	0.0025	0	0.199640287769784	0.00432900432900433	0.005	-0.169230769230769	-0.194640287769784	0.0254095185390149	9.99990000099999e-6	4.88189562548819e-5	TRUE
S.CEREALE.LO7.r2.7RG00686450	chr7R_196431467_A_C	downstream_gene_variant	uniref100 kda class i heat shock protein n=2 tax=oryza taxid=39947 orysj	high	MODIFIER			0.138138138138138	0.150429799426934	0.00746268656716418	0.00921658986175115	0.114825581395349	0.0102880658436214	0.00233644859813084	-0.141213209565183	-0.112489132797218	-0.028724076767965	0.0610993890061099	0.128601408596692	FALSE
S.CEREALE.LO7.r2.7RG00686460	chr7R_196431467_A_C	intron_variant	uniref100 glycine rich rna binding protein 3 mitochondrial n=2 tax=arabidopsis thaliana taxid=3702 arath	high	MODIFIER			0.138138138138138	0.150429799426934	0.00746268656716418	0.00921658986175115	0.114825581395349	0.0102880658436214	0.00233644859813084	-0.141213209565183	-0.112489132797218	-0.028724076767965	0.0610993890061099	0.128601408596692	FALSE
S.CEREALE.LO7.r2.7RG00687810	chr7R_218049334_G_T	3_prime_UTR_variant	uniref100 phosphatidylinositol 4 phosphate 5 kinase n=1 tax=arabidopsis thaliana taxid=3702 arath	high	MODIFIER			0.0785498489425982	0.0771513353115727	0	0	0.110887096774194	0	0	-0.0771513353115727	-0.110887096774194	0.0337357614626208	0.001579984200158	0.00563821772949783	TRUE
S.CEREALE.LO7.r2.7RG00695120	chr7R_315556811_C_T	synonymous_variant	unknown protein	high	LOW	379/430	p.Asp379Asp	0.0305810397553517	0.0751533742331288	0	0	0.0782208588957055	0	0	-0.0751533742331288	-0.0782208588957055	0.0030674846625767	0.329786702132979	0.456351546504181	FALSE
S.CEREALE.LO7.r2.7RG00695130	chr7R_315556811_C_T	upstream_gene_variant	unknown protein	high	MODIFIER			0.0305810397553517	0.0751533742331288	0	0	0.0782208588957055	0	0	-0.0751533742331288	-0.0782208588957055	0.0030674846625767	0.329786702132979	0.456351546504181	FALSE
S.CEREALE.LO7.r2.7RG00695280	chr7R_317368275_A_T	missense_variant	uniref100 f box fbd lrr repeat protein n=1 tax=arabidopsis thaliana taxid=3702 arath	high	MODERATE	277/497	p.Ser277Cys	0.0207715133531157	0.0396600566572238	0	0	0.0558823529411765	0	0	-0.0396600566572238	-0.0558823529411765	0.0162222962839527	0.044559554404456	0.100401816494656	FALSE
S.CEREALE.LO7.r2.7RG00695290	chr7R_317368275_A_T	downstream_gene_variant		low	MODIFIER			0.0207715133531157	0.0396600566572238	0	0	0.0558823529411765	0	0	-0.0396600566572238	-0.0558823529411765	0.0162222962839527	0.044559554404456	0.100401816494656	FALSE
S.CEREALE.LO7.r2.7RG00695470	chr7R_318947722_G_T	upstream_gene_variant	unknown protein	high	MODIFIER			0.0297619047619048	0.047752808988764	0	0	0.0345821325648415	0	0	-0.047752808988764	-0.0345821325648415	-0.0131706764239225	0.549734502654974	0.664026383791145	FALSE
S.CEREALE.LO7.r2.7RG00697060	chr7R_339688210_C_A	intron_variant	chlorophyll a b binding protein 3c chloroplastic	high	MODIFIER			0.4	0.406876790830946	0.207446808510638	0.216748768472906	0.41	0.213963963963964	0.238461538461538	-0.190128022358039	-0.171538461538462	-0.0185895608195777	0.659913400865991	0.760371463388476	FALSE
S.CEREALE.LO7.r2.7RG00697070	chr7R_339688210_C_A	upstream_gene_variant	uniref100 chlorophyll a b binding protein 16 chloroplastic n=1 tax=nicotiana taxid=4097 repid=cb21 tobac	high	MODIFIER			0.4	0.406876790830946	0.207446808510638	0.216748768472906	0.41	0.213963963963964	0.238461538461538	-0.190128022358039	-0.171538461538462	-0.0185895608195777	0.659913400865991	0.760371463388476	FALSE
S.CEREALE.LO7.r2.7RG00697080	chr7R_339688210_C_A	downstream_gene_variant	uniref100 cation chloride cotransporter n=7 tax=oryza taxid=4527 repid=ccc1 orysj	high	MODIFIER			0.4	0.406876790830946	0.207446808510638	0.216748768472906	0.41	0.213963963963964	0.238461538461538	-0.190128022358039	-0.171538461538462	-0.0185895608195777	0.659913400865991	0.760371463388476	FALSE
S.CEREALE.LO7.r2.7RG00698890	chr7R_384268811_T_C	downstream_gene_variant	dtm 1 dna transposon tir mutator transposase	low	MODIFIER			0.0375375375375375	0.0372492836676218	0.0132275132275132	0	0.0524781341107872	0.0172413793103448	0.00663716814159292	-0.0372492836676218	-0.0458409659691943	0.00859168230157247	0.0873091269087309	0.172995678493919	FALSE
S.CEREALE.LO7.r2.7RG00698900	chr7R_384268811_T_C	downstream_gene_variant	dtm hvul 1 hordeum vulgare dna transposon tir mutator transposase	low	MODIFIER			0.0375375375375375	0.0372492836676218	0.0132275132275132	0	0.0524781341107872	0.0172413793103448	0.00663716814159292	-0.0372492836676218	-0.0458409659691943	0.00859168230157247	0.0873091269087309	0.172995678493919	FALSE
S.CEREALE.LO7.r2.7RG00698910	chr7R_384268811_T_C	downstream_gene_variant		low	MODIFIER			0.0375375375375375	0.0372492836676218	0.0132275132275132	0	0.0524781341107872	0.0172413793103448	0.00663716814159292	-0.0372492836676218	-0.0458409659691943	0.00859168230157247	0.0873091269087309	0.172995678493919	FALSE
S.CEREALE.LO7.r2.7RG00703000	chr7R_501223123_G_T	upstream_gene_variant		low	MODIFIER			0.191616766467066	0.186609686609687	0.00241545893719807	0	0.167142857142857	0.00202429149797571	0	-0.186609686609687	-0.167142857142857	-0.0194668294668295	0.760262397376026	0.836407614014627	FALSE
S.CEREALE.LO7.r2.7RG00707220	chr7R_576400056_C_T	downstream_gene_variant	uniref100 rna binding protein chloroplastic n=1 tax=arabidopsis thaliana taxid=3702 arath	high	MODIFIER			0.0632530120481928	0.0602240896358543	0	0	0.0773638968481375	0.00201612903225806	0.00218340611353712	-0.0602240896358543	-0.0751804907346004	0.0149564010987461	9.99990000099999e-6	4.88189562548819e-5	TRUE
S.CEREALE.LO7.r2.7RG00707230	chr7R_576400056_C_T	missense_variant	uniref100 aaa atpase n=1 tax=arabidopsis thaliana taxid=3702 arath	low	MODERATE	25/166	p.Glu25Lys	0.0632530120481928	0.0602240896358543	0	0	0.0773638968481375	0.00201612903225806	0.00218340611353712	-0.0602240896358543	-0.0751804907346004	0.0149564010987461	9.99990000099999e-6	4.88189562548819e-5	TRUE
S.CEREALE.LO7.r2.7RG00707240	chr7R_576400056_C_T	downstream_gene_variant	uniref100 fructokinase n=1 tax=solanum taxid=4081 repid=scrk2	high	MODIFIER			0.0632530120481928	0.0602240896358543	0	0	0.0773638968481375	0.00201612903225806	0.00218340611353712	-0.0602240896358543	-0.0751804907346004	0.0149564010987461	9.99990000099999e-6	4.88189562548819e-5	TRUE
S.CEREALE.LO7.r2.7RG00707300	chr7R_576759707_G_T	intron_variant	unknown protein	high	MODIFIER			0.210294117647059	0.142651296829971	0.0175879396984925	0	0.173410404624277	0.00862068965517241	0	-0.142651296829971	-0.173410404624277	0.0307591077943063	9.99990000099999e-6	4.88189562548819e-5	TRUE
S.CEREALE.LO7.r2.7RG00710260	chr7R_610634596_A_G	downstream_gene_variant	uniref100 t complex protein subunit gamma n=2 tax=arabidopsis thaliana taxid=3702 arath	high	MODIFIER			0.199074074074074	0.250737463126844	0	0	0.304985337243402	0	0	-0.250737463126844	-0.304985337243402	0.0542478741165581	0.002229977700223	0.00761006953037266	TRUE
S.CEREALE.LO7.r2.7RG00710270	chr7R_610634596_A_G	missense_variant	unknown protein	high	MODERATE	306/1224	p.Asp306Gly	0.199074074074074	0.250737463126844	0	0	0.304985337243402	0	0	-0.250737463126844	-0.304985337243402	0.0542478741165581	0.002229977700223	0.00761006953037266	TRUE
S.CEREALE.LO7.r2.7RG00710280	chr7R_610634596_A_G	downstream_gene_variant	unknown protein	high	MODIFIER			0.199074074074074	0.250737463126844	0	0	0.304985337243402	0	0	-0.250737463126844	-0.304985337243402	0.0542478741165581	0.002229977700223	0.00761006953037266	TRUE
S.CEREALE.LO7.r2.7RG00710690	chr7R_615138939_C_G	downstream_gene_variant	heat repeat containing protein 5a	high	MODIFIER			0.442647058823529	0.423611111111111	0.27020202020202	0.242009132420091	0.412676056338028	0.275423728813559	0.280952380952381	-0.18160197869102	-0.131723675385647	-0.0498783033053726	0.242837571624284	0.371927696845036	FALSE
S.CEREALE.LO7.r2.7RG00711120	chr7R_619628946_T_C	intron_variant	hexosyltransferase	high	MODIFIER			0.247663551401869	0.306646525679758	0.302439024390244	0.0677083333333333	0.298507462686567	0.310924369747899	0.0741758241758242	-0.238938192346425	-0.224331638510743	-0.014606553835682	0.440315596844032	0.562803390147917	FALSE
S.CEREALE.LO7.r2.7RG00711610	chr7R_623674896_T_C	intron_variant	unknown protein	high	MODIFIER			0.134615384615385	0.107954545454545	0	0.00476190476190476	0.127873563218391	0.00833333333333333	0.0115207373271889	-0.103192640692641	-0.116352825891202	0.0131601851985612	9.99990000099999e-6	4.88189562548819e-5	TRUE
S.CEREALE.LO7.r2.7RG00716310	chr7R_679590021_C_T	intron_variant	growth regulator	high	MODIFIER			0.040625	0.0384615384615385	0	0	0.0423197492163009	0	0	-0.0384615384615385	-0.0423197492163009	0.00385821075476248	0.427405725942741	0.552217101682194	FALSE
S.CEREALE.LO7.r2.7RG00720690	chr7R_727135523_C_T	downstream_gene_variant	uniref100 pentatricopeptide repeat containing protein chloroplastic n=1 tax=arabidopsis thaliana taxid=3702 arath	high	MODIFIER			0.136904761904762	0.132947976878613	0.0025	0	0.157434402332362	0.0021551724137931	0.00231481481481482	-0.132947976878613	-0.155119587517547	0.022171610638934	9.99990000099999e-6	4.88189562548819e-5	TRUE
S.CEREALE.LO7.r2.7RG00720700	chr7R_727135523_C_T	synonymous_variant	unknown protein	high	LOW	528/891|522/885	p.Thr528Thr|p.Thr522Thr	0.136904761904762	0.132947976878613	0.0025	0	0.157434402332362	0.0021551724137931	0.00231481481481482	-0.132947976878613	-0.155119587517547	0.022171610638934	9.99990000099999e-6	4.88189562548819e-5	TRUE
S.CEREALE.LO7.r2.7RG00720710	chr7R_727135523_C_T	upstream_gene_variant	unknown protein	high	MODIFIER			0.136904761904762	0.132947976878613	0.0025	0	0.157434402332362	0.0021551724137931	0.00231481481481482	-0.132947976878613	-0.155119587517547	0.022171610638934	9.99990000099999e-6	4.88189562548819e-5	TRUE
S.CEREALE.LO7.r2.7RG00723520	chr7R_756177623_C_T	downstream_gene_variant	uniref100 atpase 1 plasma membrane type n=4 tax=arabidopsis thaliana taxid=3702 repid=pma1 arath	high	MODIFIER			0.0477611940298508	0.0347432024169184	0	0	0.0386904761904762	0	0	-0.0347432024169184	-0.0386904761904762	0.00394727377355776	0.286467135328647	0.411833120932594	FALSE
S.CEREALE.LO7.r2.7RG00723530	chr7R_756177623_C_T	intron_variant	uniref100 peptidyl prolyl cis trans isomerase cyp chloroplastic n=2 tax=arabidopsis thaliana taxid=3702 arath	high	MODIFIER			0.0477611940298508	0.0347432024169184	0	0	0.0386904761904762	0	0	-0.0347432024169184	-0.0386904761904762	0.00394727377355776	0.286467135328647	0.411833120932594	FALSE
S.CEREALE.LO7.r2.7RG00723690	chr7R_757877101_T_A	missense_variant	uniref100 subtilisin protease sbt n=1 tax=arabidopsis thaliana taxid=3702 arath	high	MODERATE	47/840|30/819	p.Glu47Asp|p.Glu30Asp	0.207352941176471	0.216480446927374	0	0	0.222379603399433	0	0	-0.216480446927374	-0.222379603399433	0.00589915647205913	0.0873591264087359	0.172995678493919	FALSE
S.CEREALE.LO7.r2.7RG00723900	chr7R_759893371_C_G	downstream_gene_variant	uniref100 nuclear transcription factor y subunit c 1 n=2 tax=arabidopsis thaliana taxid=3702 arath	high	MODIFIER			0.055045871559633	0.0446685878962536	0	0	0.0344311377245509	0	0	-0.0446685878962536	-0.0344311377245509	-0.0102374501717027	0.733792662073379	0.819582850130294	FALSE
S.CEREALE.LO7.r2.7RG00723910	chr7R_759893371_C_G	downstream_gene_variant	uniref100 pentatricopeptide repeat containing protein mitochondrial n=1 tax=arabidopsis thaliana taxid=3702 arath	high|low	MODIFIER			0.055045871559633	0.0446685878962536	0	0	0.0344311377245509	0	0	-0.0446685878962536	-0.0344311377245509	-0.0102374501717027	0.733792662073379	0.819582850130294	FALSE
S.CEREALE.LO7.r2.7RG00725370	chr7R_770902189_C_A	3_prime_UTR_variant	unknown protein	high	MODIFIER			0.110619469026549	0.0771349862258953	0.0147783251231527	0.013215859030837	0.0793201133144476	0.00423728813559322	0.00462962962962963	-0.0639191271950583	-0.074690483684818	0.0107713564897596	2.9999700003e-5	1.3606315549747e-4	TRUE
S.CEREALE.LO7.r2.7RG00725380	chr7R_770902189_C_A	downstream_gene_variant	cytoplasmic 60s subunit biogenesis factor rei homolog n=2 tax=arabidopsis thaliana taxid=3702 arath	high	MODIFIER			0.110619469026549	0.0771349862258953	0.0147783251231527	0.013215859030837	0.0793201133144476	0.00423728813559322	0.00462962962962963	-0.0639191271950583	-0.074690483684818	0.0107713564897596	2.9999700003e-5	1.3606315549747e-4	TRUE
S.CEREALE.LO7.r2.7RG00729750	chr7R_802363072_C_T	upstream_gene_variant	uniref100 beta glucosidase n=1 tax=oryza sativa subsp japonica taxid=39947 orysj	high	MODIFIER			0.0358208955223881	0.0269121813031161	0	0	0.0396600566572238	0	0	-0.0269121813031161	-0.0396600566572238	0.0127478753541077	0.0679693203067969	0.142209619570471	FALSE
S.CEREALE.LO7.r2.7RG00729760	chr7R_802363072_C_T	upstream_gene_variant	uniref100 50s ribosomal protein l24 chloroplastic n=1 taxid=3562 repid=rk24	high	MODIFIER			0.0358208955223881	0.0269121813031161	0	0	0.0396600566572238	0	0	-0.0269121813031161	-0.0396600566572238	0.0127478753541077	0.0679693203067969	0.142209619570471	FALSE
S.CEREALE.LO7.r2.7RG00733680	chr7R_832114454_A_C	downstream_gene_variant	uniref100 pentatricopeptide repeat containing protein chloroplastic n=1 tax=arabidopsis thaliana taxid=3702 arath	low	MODIFIER			0.0443686006825939	0.0509554140127389	0	0	0.0459016393442623	0	0	-0.0509554140127389	-0.0459016393442623	-0.00505377466847656	0.785832141678583	0.855170271826694	FALSE
S.CEREALE.LO7.r2.7RG00733690	chr7R_832114454_A_C	synonymous_variant	unknown protein	high	LOW	184/462	p.Val184Val	0.0443686006825939	0.0509554140127389	0	0	0.0459016393442623	0	0	-0.0509554140127389	-0.0459016393442623	-0.00505377466847656	0.785832141678583	0.855170271826694	FALSE
S.CEREALE.LO7.r2.7RG00733700	chr7R_832114454_A_C	upstream_gene_variant	uniref100 protein far sequence n=1 tax=arabidopsis thaliana taxid=3702 arath	high	MODIFIER			0.0443686006825939	0.0509554140127389	0	0	0.0459016393442623	0	0	-0.0509554140127389	-0.0459016393442623	-0.00505377466847656	0.785832141678583	0.855170271826694	FALSE
S.CEREALE.LO7.r2.7RG00734150	chr7R_833402542_A_C	missense_variant	uniref100 auxin responsive protein saur n=2 tax=arabidopsis thaliana taxid=3702 arath	high	MODERATE	134/138	p.Ser134Ala	0.0275229357798165	0.059593023255814	0	0	0.0479651162790698	0	0	-0.059593023255814	-0.0479651162790698	-0.0116279069767442	0.735072649273507	0.819582850130294	FALSE
S.CEREALE.LO7.r2.7RG00738850	chr7R_858701478_T_C	synonymous_variant	uniref100 senescence specific cysteine protease sag n=2 tax=arabidopsis thaliana taxid=3702 arath	high	LOW	28/340	p.Asn28Asn	0.258566978193146	0.295714285714286	0.00242718446601942	0.00218340611353712	0.30316091954023	0.0122448979591837	0.00684931506849315	-0.293530879600749	-0.296311604471737	0.00278072487098818	9.99990000099999e-6	4.88189562548819e-5	TRUE
S.CEREALE.LO7.r2.7RG00738860	chr7R_858701478_T_C	downstream_gene_variant	uniref100 f box fbd lrr repeat protein n=1 tax=arabidopsis thaliana taxid=3702 arath	high	MODIFIER			0.258566978193146	0.295714285714286	0.00242718446601942	0.00218340611353712	0.30316091954023	0.0122448979591837	0.00684931506849315	-0.293530879600749	-0.296311604471737	0.00278072487098818	9.99990000099999e-6	4.88189562548819e-5	TRUE
S.CEREALE.LO7.r2.7RG00738860	chr7R_858709089_A_C	missense_variant	uniref100 f box fbd lrr repeat protein n=1 tax=arabidopsis thaliana taxid=3702 arath	high	MODERATE	125/500	p.Ser125Ala	0.325443786982249	0.326815642458101	0.0532994923857868	0.0537383177570094	0.348870056497175	0.0955555555555556	0.0525	-0.273077324701091	-0.296370056497175	0.0232927317960839	0.635873641263587	0.746275742584811	FALSE
S.CEREALE.LO7.r2.7RG00740180	chr7R_863321726_T_C	upstream_gene_variant		low	MODIFIER			0.140909090909091	0.132102272727273	0.0100502512562814	0.0202702702702703	0.148648648648649	0.0101626016260163	0.0091743119266055	-0.111832002457002	-0.139474336722043	0.0276423342650407	1.9999800002e-5	9.31116516649403e-5	TRUE
S.CEREALE.LO7.r2.7RG00740190	chr7R_863321726_T_C	synonymous_variant	uniref100 g type lectin s receptor serine threonine protein kinase n=1 tax=arabidopsis thaliana taxid=3702 arath	high	LOW	747/819	p.Asp747Asp	0.140909090909091	0.132102272727273	0.0100502512562814	0.0202702702702703	0.148648648648649	0.0101626016260163	0.0091743119266055	-0.111832002457002	-0.139474336722043	0.0276423342650407	1.9999800002e-5	9.31116516649403e-5	TRUE
S.CEREALE.LO7.r2.7RG00747870	chr7R_888142782_T_A	downstream_gene_variant		low	MODIFIER			0.0290322580645161	0.0260115606936416	0	0	0.023121387283237	0	0	-0.0260115606936416	-0.023121387283237	-0.00289017341040463	0.781492185078149	0.851765900945642	FALSE
S.CEREALE.LO7.r2.7RG00747880	chr7R_888142782_T_A	3_prime_UTR_variant	uniref100 o49603 cell wall vacuolar inhibitor of fructosidase n=2 tax=arabidopsis thaliana taxid=3702 repid=cvif2 arath	high	MODIFIER			0.0290322580645161	0.0260115606936416	0	0	0.023121387283237	0	0	-0.0260115606936416	-0.023121387283237	-0.00289017341040463	0.781492185078149	0.851765900945642	FALSE
S.CEREALE.LO7.r2.7RG00747890	chr7R_888142782_T_A	3_prime_UTR_variant	uniref100 chaperonin subunit alpha 1 chloroplastic n=2 tax=arabidopsis thaliana taxid=3702 arath	high	MODIFIER			0.0290322580645161	0.0260115606936416	0	0	0.023121387283237	0	0	-0.0260115606936416	-0.023121387283237	-0.00289017341040463	0.781492185078149	0.851765900945642	FALSE
