"Sample","chr1R","chr2R","chr3R","chr4R","chr5R","chr6R","chr7R","chrB","mean_A_cov","ratio_B_cov"
"3234905_NF_EG_23_1_S1_L001_R1_001_trim",0.384578,0.3888,0.380835,0.439209,0.392485,0.447471,0.413874,0.00904447,0.406750285714286,0.0222359278349791
"3234906_NF_EG_23_14_S13_L001_R1_001_trim",0.363823,0.383037,0.347654,0.434203,0.368215,0.425805,0.383248,0.0111216,0.386569285714286,0.0287700042683163
"3234907_NF_EG_23_27_S25_L001_R1_001_trim",0.390983,0.381208,0.355835,0.417996,0.384159,0.43632,0.398017,0.0107483,0.394931142857143,0.0272156303558161
"3234908_NF_EG_23_39_S37_L001_R1_001_trim",0.320077,0.288804,0.27969,0.338484,0.308704,0.332212,0.300575,0.00896859,0.309792285714286,0.0289503335414605
"3234909_NF_EG_23_53_S48_L001_R1_001_trim",0.293901,0.286789,0.275134,0.323208,0.290108,0.337092,0.290291,0.0072946,0.299503285714286,0.0243556593464512
"3234910_NF_EG_23_77_S60_L001_R1_001_trim",0.324399,0.323327,0.307927,0.358719,0.335687,0.378876,0.333012,0.00872071,0.337421,0.0258451904297599
"3234911_NF_EG_23_93_S72_L001_R1_001_trim",0.374394,0.392225,0.369504,0.431655,0.373378,0.432407,0.381386,0.0120666,0.393564142857143,0.0306598053176302
"3234912_NF_EG_23_105_S83_L001_R1_001_trim",0.335478,0.360948,0.313746,0.388394,0.341505,0.403402,0.34809,0.0113141,0.355937571428571,0.0317867539371872
"3234913_NF_EG_23_2_S2_L001_R1_001_trim",0.308412,0.310976,0.281844,0.346086,0.312437,0.354756,0.312138,0.011329,0.318092714285714,0.035615402337773
"3234914_NF_EG_23_15_S14_L001_R1_001_trim",0.24628,0.24051,0.224817,0.269436,0.237887,0.279781,0.244935,0.00867788,0.249092285714286,0.0348380118441473
"3234915_NF_EG_23_28_S26_L001_R1_001_trim",0.2392,0.229868,0.203503,0.253077,0.234527,0.250327,0.227924,0.00678626,0.234060857142857,0.0289935706586687
"3234916_NF_EG_23_40_S38_L001_R1_001_trim",0.332038,0.33559,0.319873,0.362116,0.343678,0.373153,0.328577,0.00947624,0.342146428571429,0.0276964457573512
"3234917_NF_EG_23_56_S49_L001_R1_001_trim",0.272559,0.272862,0.246636,0.3105,0.284812,0.318249,0.263101,0.00841905,0.281245571428571,0.0299348713554347
"3234918_NF_EG_23_78_S61_L001_R1_001_trim",0.328685,0.322438,0.304696,0.386803,0.346574,0.392864,0.34233,0.00882405,0.346341428571429,0.0254778934082388
"3234919_NF_EG_23_94_S73_L001_R1_001_trim",0.232434,0.220705,0.203052,0.25594,0.22976,0.257621,0.231305,0.00862132,0.232973857142857,0.0370055254513535
"3234920_NF_EG_23_106_S84_L001_R1_001_trim",0.311065,0.311049,0.293768,0.336912,0.304125,0.336523,0.302888,0.0113751,0.313761428571429,0.0362539782273156
"3234921_NF_EG_23_3_S3_L001_R1_001_trim",0.43077,0.442455,0.417481,0.497546,0.437696,0.500766,0.456151,0.0125307,0.454695,0.0275584732622967
"3234922_NF_EG_23_16_S15_L001_R1_001_trim",0.33701,0.335721,0.305426,0.369318,0.329091,0.378197,0.332351,0.0116446,0.341016285714286,0.0341467562923262
"3234923_NF_EG_23_29_S27_L001_R1_001_trim",0.368882,0.366949,0.342896,0.418943,0.369269,0.413647,0.363452,0.0110399,0.377719714285714,0.0292277569384404
"3234924_NF_EG_23_41_S39_L001_R1_001_trim",0.308067,0.308152,0.291968,0.340881,0.310541,0.356752,0.303171,0.0107976,0.317076,0.0340536653672936
"3234925_NF_EG_23_58_S50_L001_R1_001_trim",0.284135,0.287056,0.260431,0.312348,0.269866,0.331126,0.268048,0.00920112,0.287572857142857,0.0319957874029438
"3234926_NF_EG_23_79_S62_L001_R1_001_trim",0.220126,0.213116,0.201804,0.249984,0.223209,0.250662,0.231329,0.00648391,0.227175714285714,0.0285413870949485
"3234927_NF_EG_23_95_S74_L001_R1_001_trim",0.296622,0.302817,0.284034,0.332987,0.318352,0.339351,0.303279,0.00850936,0.311063142857143,0.0273557320929788
"3234928_NF_EG_23_107_S85_L001_R1_001_trim",0.334461,0.343244,0.325155,0.38239,0.339805,0.410253,0.349257,0.0109873,0.354937857142857,0.0309555596251255
"3234929_NF_EG_23_4_S4_L001_R1_001_trim",0.297271,0.303309,0.279581,0.334253,0.295121,0.352487,0.300249,0.0107434,0.308895857142857,0.0347800067614096
"3234930_NF_EG_23_17_S16_L001_R1_001_trim",0.320487,0.323867,0.30164,0.355458,0.322736,0.376818,0.324029,0.00943969,0.332147857142857,0.0284201442128828
"3234931_NF_EG_23_30_S28_L001_R1_001_trim",0.322295,0.326122,0.306611,0.355602,0.32183,0.377201,0.323062,0.00982235,0.333246142857143,0.0294747597550159
"3234932_NF_EG_23_43_S40_L001_R1_001_trim",0.284493,0.282098,0.259927,0.311133,0.276452,0.321763,0.276281,0.0100714,0.287449571428571,0.0350371021600311
"3234933_NF_EG_23_59_S51_L001_R1_001_trim",0.23323,0.231007,0.205022,0.257312,0.231901,0.266031,0.228012,0.00822819,0.236073571428571,0.0348543462540431
"3234934_NF_EG_23_82_S63_L001_R1_001_trim",0.253795,0.254284,0.240324,0.291718,0.253717,0.305864,0.259065,0.00866298,0.265538142857143,0.0326242396169073
"3234935_NF_EG_23_96_S75_L001_R1_001_trim",0.217699,0.212266,0.2012,0.243663,0.230493,0.253661,0.216085,0.00561712,0.225009571428571,0.0249639158207238
"3234936_NF_EG_23_108_S86_L001_R1_001_trim",0.302353,0.29428,0.266175,0.319158,0.298453,0.33945,0.297974,0.00910126,0.302549,0.0300819371407607
"3234937_NF_EG_23_5_S5_L001_R1_001_trim",0.246637,0.248307,0.227133,0.278389,0.243211,0.283381,0.251591,0.00877191,0.254092714285714,0.034522477453393
"3234938_NF_EG_23_18_S17_L001_R1_001_trim",0.245093,0.244096,0.218686,0.277641,0.255324,0.281766,0.247866,0.0085906,0.252924571428571,0.0339650669426006
"3234939_NF_EG_23_31_S29_L001_R1_001_trim",0.257326,0.265859,0.245017,0.292661,0.269087,0.307848,0.269472,0.00827893,0.272467142857143,0.0303850582245828
"3234940_NF_EG_23_44_S41_L001_R1_001_trim",0.267969,0.262604,0.244165,0.300997,0.258801,0.310277,0.26796,0.0107087,0.273253285714286,0.0391896476999623
"3234941_NF_EG_23_60_S52_L001_R1_001_trim",0.245388,0.248084,0.228507,0.274987,0.250967,0.289286,0.256148,0.00974623,0.256195285714286,0.0380421910294993
"3234942_NF_EG_23_83_S64_L001_R1_001_trim",0.40815,0.419967,0.376299,0.438861,0.396223,0.468163,0.406833,0.0117391,0.416356571428571,0.0281948233931356
"3234943_NF_EG_23_97_S76_L001_R1_001_trim",0.35561,0.362924,0.318214,0.401089,0.346268,0.407871,0.357169,0.0138321,0.364163571428571,0.0379832061338213
"3234944_NF_EG_23_109_S87_L001_R1_001_trim",0.39644,0.41639,0.381297,0.463476,0.41426,0.482917,0.434324,0.0100507,0.427014857142857,0.0235371201537317
"3234945_NF_EG_23_6_S6_L001_R1_001_trim",0.268851,0.263347,0.241481,0.291108,0.273481,0.304853,0.268234,0.0106735,0.273050714285714,0.0390898080157794
"3234946_NF_EG_23_19_S18_L001_R1_001_trim",0.270117,0.279875,0.248577,0.300558,0.271629,0.314622,0.271717,0.00894578,0.279585,0.0319966378739918
"3234947_NF_EG_23_32_S30_L001_R1_001_trim",0.278004,0.286622,0.258045,0.316051,0.282088,0.330282,0.288431,0.010623,0.291360428571429,0.036459995793134
"3234948_NF_EG_23_45_S42_L001_R1_001_trim",0.273046,0.263947,0.245896,0.303192,0.279968,0.32244,0.270061,0.00801336,0.279792857142857,0.0286403308570116
"3234949_NF_EG_23_62_S53_L001_R1_001_trim",0.269391,0.263958,0.244692,0.293855,0.263331,0.308924,0.254797,0.00790699,0.271278285714286,0.0291471541084853
"3234950_NF_EG_23_84_S65_L001_R1_001_trim",0.308686,0.306264,0.282275,0.34649,0.309672,0.361529,0.31246,0.0103744,0.318196571428571,0.032603745393683
"3234951_NF_EG_23_98_S77_L001_R1_001_trim",0.301345,0.267966,0.265678,0.314943,0.286933,0.335953,0.284663,0.00773149,0.293925857142857,0.0263042186051779
"3234952_NF_EG_23_110_S88_L001_R1_001_trim",0.269394,0.269251,0.27624,0.307926,0.277884,0.308073,0.283551,0.00907403,0.284617,0.0318815460777115
"3234953_NF_EG_23_7_S7_L001_R1_001_trim",0.287236,0.28109,0.252706,0.320721,0.288683,0.32522,0.293053,0.00941874,0.292672714285714,0.0321818179155751
"3234954_NF_EG_23_20_S19_L001_R1_001_trim",0.290138,0.293937,0.256695,0.337591,0.299896,0.343701,0.296072,0.00886502,0.302575714285714,0.0292985179624462
"3234955_NF_EG_23_33_S31_L001_R1_001_trim",0.241657,0.233096,0.216766,0.263092,0.228467,0.280052,0.236719,0.00926233,0.242835571428571,0.0381423938243926
"3234957_NF_EG_23_64_S54_L001_R1_001_trim",0.217653,0.211514,0.189545,0.240704,0.223519,0.237602,0.216352,0.00647018,0.219555571428571,0.0294694411893117
"3234958_NF_EG_23_85_S66_L001_R1_001_trim",0.394733,0.397231,0.421845,0.445275,0.400132,0.452552,0.394666,0.0109873,0.415204857142857,0.02646235902828
"3234959_NF_EG_23_99_S78_L001_R1_001_trim",0.31263,0.330363,0.300937,0.360833,0.319398,0.363185,0.32474,0.0098412,0.330298,0.0297949124729789
"3234960_NF_EG_23_111_S89_L001_R1_001_trim",0.307768,0.311301,0.273775,0.360198,0.314893,0.359881,0.303644,0.00773731,0.31878,0.0242716293368467
"3234961_NF_EG_23_8_S8_L001_R1_001_trim",0.27378,0.276606,0.262221,0.321525,0.266799,0.320105,0.278863,0.0114991,0.285699857142857,0.0402488825685697
"3234962_NF_EG_23_22_S20_L001_R1_001_trim",0.249179,0.246709,0.223475,0.27166,0.249459,0.282617,0.249076,0.00804431,0.253167857142857,0.0317746102952587
"3234963_NF_EG_23_34_S32_L001_R1_001_trim",0.263482,0.287299,0.266839,0.32476,0.294916,0.340738,0.281245,0.0096117,0.294182714285714,0.0326725518980187
"3234964_NF_EG_23_47_S43_L001_R1_001_trim",0.226566,0.222984,0.209015,0.251952,0.224889,0.250937,0.225941,0.00717939,0.230326285714286,0.0311705195858794
"3234965_NF_EG_23_66_S55_L001_R1_001_trim",0.280316,0.284237,0.256035,0.308666,0.276865,0.318388,0.286132,0.00750781,0.287234142857143,0.0261382923538238
"3234966_NF_EG_23_86_S67_L001_R1_001_trim",0.240949,0.246736,0.230302,0.288658,0.248761,0.29249,0.252275,0.00914246,0.257167285714286,0.0355506338009
"3234967_NF_EG_23_100_S79_L001_R1_001_trim",0.250335,0.250399,0.229964,0.271063,0.255401,0.275546,0.25301,0.00841626,0.255102571428571,0.0329916705773252
"3234968_NF_EG_23_112_S90_L001_R1_001_trim",0.203975,0.200418,0.180374,0.222283,0.200877,0.228085,0.204019,0.00732207,0.205718714285714,0.0355926296031127
"3234969_NF_EG_23_9_S9_L001_R1_001_trim",0.251979,0.25731,0.23576,0.29202,0.265245,0.302995,0.264701,0.0079817,0.267144285714286,0.0298778616157133
"3234970_NF_EG_23_23_S21_L001_R1_001_trim",0.200339,0.205558,0.194269,0.233836,0.205748,0.239923,0.206114,0.00523075,0.212255285714286,0.0246436736894319
"3234971_NF_EG_23_35_S33_L001_R1_001_trim",0.310917,0.304584,0.306388,0.34648,0.316465,0.347285,0.31562,0.00853334,0.321105571428571,0.0265748736841777
"3234972_NF_EG_23_48_S44_L001_R1_001_trim",0.234214,0.23953,0.217048,0.274154,0.232988,0.276658,0.231548,0.00776733,0.243734285714286,0.0318680237260717
"3234973_NF_EG_23_70_S56_L001_R1_001_trim",0.227048,0.218513,0.196982,0.244101,0.22826,0.243285,0.219758,0.006692,0.225421,0.0296866751544887
"3234974_NF_EG_23_88_S68_L001_R1_001_trim",0.254534,0.251432,0.228984,0.279077,0.262368,0.281649,0.265082,0.00760976,0.260446571428571,0.0292181231576973
"3234975_NF_EG_23_101_S80_L001_R1_001_trim",0.204346,0.209803,0.198316,0.238147,0.219614,0.248284,0.214424,0.00787301,0.218990571428571,0.0359513651598829
"3234976_NF_EG_23_113_S91_L001_R1_001_trim",0.257436,0.256612,0.222549,0.286822,0.269614,0.284748,0.240607,0.00763583,0.259769714285714,0.0293946121509821
"3234977_NF_EG_23_10_S10_L001_R1_001_trim",0.196441,0.195824,0.16873,0.211087,0.203898,0.21256,0.194718,0.00588875,0.197608285714286,0.0298001168256392
"3234978_NF_EG_23_24_S22_L001_R1_001_trim",0.238771,0.233998,0.210938,0.261496,0.233341,0.27881,0.23637,0.00848655,0.241960571428571,0.0350741029825402
"3234979_NF_EG_23_36_S34_L001_R1_001_trim",0.260594,0.25228,0.225607,0.298136,0.26035,0.299785,0.268331,0.00798217,0.266440428571429,0.0299585541233286
"3234980_NF_EG_23_49_S45_L001_R1_001_trim",0.249641,0.246716,0.214536,0.27803,0.254036,0.280178,0.244194,0.00840183,0.252475857142857,0.0332777561192555
"3234981_NF_EG_23_72_S57_L001_R1_001_trim",0.264775,0.26422,0.236705,0.288356,0.264369,0.305417,0.264054,0.00871559,0.269699428571429,0.0323159379542093
"3234982_NF_EG_23_89_S69_L001_R1_001_trim",0.243617,0.224221,0.215369,0.258113,0.244398,0.280108,0.240748,0.0066906,0.243796285714286,0.0274434041535849
"3234983_NF_EG_23_102_S81_L001_R1_001_trim",0.228749,0.219589,0.191136,0.252314,0.222036,0.270417,0.225508,0.00916364,0.229964142857143,0.0398481253909771
"3234984_NF_EG_23_114_S92_L001_R1_001_trim",0.319489,0.346209,0.300801,0.375764,0.341062,0.377144,0.330541,0.00923277,0.341572857142857,0.0270301629855166
"3234985_NF_EG_23_12_S11_L001_R1_001_trim",0.243794,0.23028,0.219392,0.271809,0.252653,0.280356,0.242939,0.00805991,0.248746142857143,0.0324021506722574
"3234986_NF_EG_23_25_S23_L001_R1_001_trim",0.293124,0.292944,0.265334,0.318147,0.293713,0.334253,0.299343,0.00908637,0.299551142857143,0.0303332843711877
"3234987_NF_EG_23_37_S35_L001_R1_001_trim",0.235018,0.238253,0.211135,0.267035,0.243379,0.282334,0.240851,0.00626768,0.245429285714286,0.025537620670487
"3234988_NF_EG_23_50_S46_L001_R1_001_trim",0.256895,0.253142,0.224929,0.284262,0.263058,0.296348,0.254108,0.00921462,0.261820285714286,0.0351944463541513
"3234989_NF_EG_23_73_S58_L001_R1_001_trim",0.284232,0.283887,0.257069,0.319451,0.282772,0.3249,0.280491,0.00926978,0.290400285714286,0.0319206986219022
"3234990_NF_EG_23_90_S70_L001_R1_001_trim",0.203778,0.205012,0.181127,0.227361,0.211233,0.231038,0.20284,0.0064469,0.208912714285714,0.0308592994066558
"3234991_NF_EG_23_103_S82_L001_R1_001_trim",0.284142,0.278198,0.264197,0.312903,0.290251,0.320423,0.296893,0.00812229,0.292429571428571,0.0277752005733249
"3234992_NF_EG_23_115_S93_L001_R1_001_trim",0.219217,0.221332,0.185685,0.242628,0.21603,0.241182,0.21158,0.00834364,0.219664857142857,0.037983499538908
"3234993_NF_EG_23_13_S12_L001_R1_001_trim",0.283219,0.302478,0.270363,0.333318,0.29986,0.341543,0.312201,0.00968176,0.306140285714286,0.0316252399693511
"3234994_NF_EG_23_26_S24_L001_R1_001_trim",0.223974,0.220608,0.187722,0.244432,0.228234,0.243872,0.217768,0.00751665,0.223801428571429,0.0335862467365841
"3234995_NF_EG_23_38_S36_L001_R1_001_trim",0.27801,0.280573,0.251947,0.311103,0.289332,0.330816,0.286472,0.0100928,0.289750428571429,0.0348327353638821
"3234996_NF_EG_23_51_S47_L001_R1_001_trim",0.279977,0.262821,0.272291,0.300242,0.283986,0.321114,0.279776,0.00852403,0.285743857142857,0.0298310174896898
"3234997_NF_EG_23_76_S59_L001_R1_001_trim",0.264812,0.263835,0.252934,0.301236,0.279616,0.318917,0.273598,0.00958819,0.279278285714286,0.0343320282687826
"3234998_Lo7_S71_L001_R1_001_trim",0.389635,0.36753,0.340965,0.42292,0.376212,0.415312,0.354483,0.000414307,0.381008142857143,0.00108739670730697
"3235001_NF_EG_23_117_S94_L001_R1_001_trim",0.290075,0.257798,0.252709,0.318825,0.284513,0.308012,0.283723,0.00775942,0.285093571428571,0.0272170991478988
"3235002_NF_EG_23_129_S106_L001_R1_001_trim",0.26891,0.258511,0.239502,0.309072,0.267116,0.306815,0.269589,0.00701018,0.274216428571429,0.0255644055920376
"3235003_NF_EG_23_141_S117_L001_R1_001_trim",0.407348,0.403968,0.383899,0.449423,0.380876,0.461507,0.408515,0.00989124,0.413648,0.0239122152168027
"3235004_NF_EG_23_153_S129_L001_R1_001_trim",0.323286,0.333529,0.292346,0.355816,0.331066,0.383873,0.313858,0.00861108,0.333396285714286,0.0258283621293236
"3235005_NF_EG_23_166_S141_L001_R1_001_trim",0.324256,0.327079,0.311698,0.359179,0.329862,0.374386,0.325968,0.0130253,0.336061142857143,0.0387587207770015
"3235006_NF_EG_23_179_S153_L001_R1_001_trim",0.488977,0.485697,0.498108,0.574854,0.514593,0.590815,0.502326,0.0118548,0.522195714285714,0.0227018331933566
"3235007_NF_EG_23_191_S165_L001_R1_001_trim",0.321084,0.309035,0.306615,0.354003,0.308726,0.376213,0.317991,0.0116199,0.327666714285714,0.0354625584271823
"3235008_NF_EG_23_295_S176_L001_R1_001_trim",0.290615,0.295464,0.257412,0.333323,0.325609,0.340785,0.295506,0.00891529,0.305530571428571,0.0291796986413331
"3235009_NF_EG_23_118_S95_L001_R1_001_trim",0.187391,0.187204,0.16616,0.207295,0.202244,0.218787,0.18477,0.00550191,0.193407285714286,0.0284472737398724
"3235010_NF_EG_23_130_S107_L001_R1_001_trim",0.175984,0.175732,0.153599,0.187892,0.1703,0.192576,0.18183,0.00455086,0.176844714285714,0.0257336501030363
"3235011_NF_EG_23_142_S118_L001_R1_001_trim",0.20324,0.211717,0.193935,0.234643,0.22447,0.261592,0.215246,0.00849912,0.220691857142857,0.0385112532470937
"3235012_NF_EG_23_154_S130_L001_R1_001_trim",0.239352,0.241435,0.218975,0.264124,0.245476,0.276514,0.232005,0.00976998,0.245411571428571,0.0398105922354342
"3235013_NF_EG_23_168_S142_L001_R1_001_trim",0.317663,0.320694,0.297379,0.349223,0.302771,0.36389,0.321734,0.0110806,0.324764857142857,0.0341188393888501
"3235014_NF_EG_23_180_S154_L001_R1_001_trim",0.233835,0.228607,0.216253,0.257673,0.24247,0.276036,0.225691,0.00779759,0.240080714285714,0.0324790353244296
"3235015_NF_EG_23_192_S166_L001_R1_001_trim",0.450174,0.463806,0.43975,0.520233,0.452689,0.541134,0.475218,0.0128517,0.477572,0.0269104972653338
"3235016_NF_EG_23_296_S177_L001_R1_001_trim",0.285634,0.275002,0.264387,0.32684,0.297802,0.32764,0.282192,0.00761627,0.294213857142857,0.0258868500415393
"3235017_NF_EG_23_119_S96_L001_R1_001_trim",0.228882,0.223887,0.205917,0.2616,0.231176,0.253587,0.225867,0.00626349,0.232988,0.0268833158789294
"3235018_NF_EG_23_131_S108_L001_R1_001_trim",0.256366,0.271535,0.237592,0.293498,0.264347,0.308682,0.263649,0.0102376,0.270809857142857,0.0378036461006642
"3235019_NF_EG_23_143_S119_L001_R1_001_trim",0.269182,0.26139,0.249792,0.297433,0.269968,0.298375,0.271014,0.00669502,0.273879142857143,0.024445161943172
"3235020_NF_EG_23_156_S131_L001_R1_001_trim",0.273581,0.264068,0.244256,0.295379,0.274585,0.300007,0.265767,0.00824006,0.273949,0.0300788102895064
"3235021_NF_EG_23_169_S143_L001_R1_001_trim",0.234189,0.227764,0.207983,0.263606,0.23334,0.263271,0.234323,0.00681629,0.237782285714286,0.0286660967175255
"3235022_NF_EG_23_181_S155_L001_R1_001_trim",0.267624,0.272153,0.256875,0.298782,0.273191,0.31126,0.265048,0.00798217,0.277847571428571,0.0287285937356197
"3235023_NF_EG_23_260_S167_L001_R1_001_trim",0.213577,0.218529,0.205498,0.232454,0.211323,0.238146,0.215003,0.00550447,0.219218571428571,0.0251095058421797
"3235024_NF_EG_23_297_S178_L001_R1_001_trim",0.272084,0.272548,0.249713,0.304242,0.275216,0.312702,0.278738,0.00897651,0.280749,0.0319734353461633
"3235025_NF_EG_23_120_S97_L001_R1_001_trim",0.246837,0.246236,0.226567,0.272212,0.248432,0.289721,0.251655,0.0101412,0.254522857142857,0.0398439657398157
"3235027_NF_EG_23_144_S120_L001_R1_001_trim",0.282399,0.279613,0.256757,0.312614,0.285086,0.335069,0.285682,0.00751363,0.291031428571429,0.0258172460509911
"3235028_NF_EG_23_157_S132_L001_R1_001_trim",0.202578,0.191627,0.187493,0.227987,0.211363,0.22906,0.202998,0.00579635,0.207586571428571,0.0279225672456104
"3235029_NF_EG_23_170_S144_L001_R1_001_trim",0.000478751,0.00022503,0.000275171,0.000562747,0.000313697,0.000467419,0.000393416,0,0.000388033,0
"3235030_NF_EG_23_155_S156_L001_R1_001_trim",0.240878,0.236521,0.221503,0.270593,0.245196,0.27533,0.244221,0.00917691,0.247748857142857,0.0370411799506643
"3235031_NF_EG_23_265_S168_L001_R1_001_trim",0.353688,0.356907,0.344982,0.401555,0.351768,0.415688,0.356906,0.00973064,0.368784857142857,0.0263856820895187
"3235032_NF_EG_23_299_S179_L001_R1_001_trim",0.336812,0.321115,0.304362,0.366283,0.333381,0.364705,0.334433,0.00975135,0.337298714285714,0.0289101309521742
"3235033_NF_EG_23_121_S98_L001_R1_001_trim",0.307618,0.302702,0.284886,0.345994,0.320316,0.35083,0.306867,0.00955747,0.317030428571429,0.0301468538621574
"3235034_NF_EG_23_133_S109_L001_R1_001_trim",0.285404,0.301906,0.274387,0.328924,0.298215,0.34655,0.291409,0.00873909,0.303827857142857,0.0287632940645431
"3235035_NF_EG_23_145_S121_L001_R1_001_trim",0.231624,0.241971,0.217401,0.271194,0.25008,0.285346,0.24005,0.0101717,0.248238,0.0409755960006123
"3235036_NF_EG_23_158_S133_L001_R1_001_trim",0.225419,0.239568,0.232487,0.254987,0.220304,0.257444,0.238031,0.00704695,0.23832,0.0295692766028869
"3235037_NF_EG_23_171_S145_L001_R1_001_trim",0.226316,0.22266,0.19867,0.256003,0.229563,0.265586,0.227158,0.00713423,0.232279428571429,0.0307139984107811
"3235038_NF_EG_23_183_S157_L001_R1_001_trim",0.307178,0.331105,0.276265,0.389651,0.344178,0.395031,0.344386,0.0101396,0.341113428571429,0.0297250097789005
"3235039_NF_EG_23_284_S169_L001_R1_001_trim",0.0119956,0.0114866,0.00973368,0.0123215,0.0124033,0.0136225,0.0119214,0.000414773,0.0119263685714286,0.0347778116629442
"3235040_NF_EG_23_300_S180_L001_R1_001_trim",0.214448,0.21914,0.196959,0.242858,0.211049,0.255568,0.220878,0.00664451,0.222985714285714,0.0297979178678967
"3235041_NF_EG_23_122_S99_L001_R1_001_trim",0.284376,0.279751,0.253413,0.301352,0.280337,0.308514,0.273019,0.00731648,0.282966,0.025856392640812
"3235042_NF_EG_23_134_S110_L001_R1_001_trim",0.245673,0.243172,0.233148,0.27244,0.252695,0.273234,0.258537,0.00727878,0.254128428571429,0.0286421320153646
"3235043_NF_EG_23_146_S122_L001_R1_001_trim",0.258898,0.260514,0.235618,0.293103,0.263167,0.307162,0.265798,0.00820259,0.26918,0.0304725091017163
"3235044_NF_EG_23_159_S134_L001_R1_001_trim",0.284223,0.264267,0.252353,0.304691,0.271817,0.314245,0.266716,0.00738119,0.279758857142857,0.0263841155035561
"3235045_NF_EG_23_172_S146_L001_R1_001_trim",0.223078,0.223142,0.212635,0.270346,0.234916,0.260758,0.223288,0.00743915,0.235451857142857,0.0315952062993769
"3235046_NF_EG_23_184_S158_L001_R1_001_trim",0.407893,0.38981,0.388599,0.421147,0.404429,0.454351,0.42306,0.0107503,0.412755571428571,0.0260451965864266
"3235047_NF_EG_23_285_S170_L001_R1_001_trim",0.195703,0.18063,0.164546,0.20107,0.193775,0.203867,0.182715,0.00556033,0.188900857142857,0.0294351761241347
"3235048_NF_EG_23_301_S181_L001_R1_001_trim",0.288497,0.293712,0.262529,0.325327,0.28526,0.339606,0.279959,0.0102273,0.296412857142857,0.034503564044359
"3235049_NF_EG_23_123_S100_L001_R1_001_trim",0.256584,0.247351,0.232812,0.286167,0.268916,0.290703,0.25915,0.00717823,0.263097571428571,0.0272835281641846
"3235050_NF_EG_23_135_S111_L001_R1_001_trim",0.21612,0.206594,0.203447,0.241583,0.22221,0.242973,0.219983,0.00601351,0.221844285714286,0.0271068960854138
"3235051_NF_EG_23_147_S123_L001_R1_001_trim",0.228466,0.207397,0.185615,0.244654,0.232522,0.249872,0.220293,0.00631167,0.224117,0.0281623883953471
"3235052_NF_EG_23_160_S135_L001_R1_001_trim",0.268121,0.263461,0.250142,0.310129,0.26079,0.310963,0.276837,0.00785462,0.277206142857143,0.0283349420725061
"3235053_NF_EG_23_173_S147_L001_R1_001_trim",0.217188,0.223538,0.196816,0.243383,0.22943,0.258342,0.231995,0.00666663,0.228670285714286,0.0291538971894656
"3235054_NF_EG_23_185_S159_L001_R1_001_trim",0.306646,0.29615,0.265778,0.325447,0.30413,0.333841,0.295934,0.00903912,0.303989428571429,0.0297349813856309
"3235055_NF_EG_23_289_S171_L001_R1_001_trim",0.247267,0.249357,0.224686,0.277124,0.250903,0.28741,0.24052,0.008305,0.253895285714286,0.0327103355882937
"3235056_NF_EG_23_302_S182_L001_R1_001_trim",0.252525,0.266267,0.253407,0.290646,0.269756,0.303509,0.267406,0.00812299,0.271930857142857,0.029871527215952
"3235057_NF_EG_23_124_S101_L001_R1_001_trim",0.206789,0.212985,0.189618,0.235033,0.211338,0.236932,0.21721,0.00615968,0.215700714285714,0.0285566045545912
"3235058_NF_EG_23_136_S112_L001_R1_001_trim",0.263721,0.258503,0.23724,0.294676,0.269685,0.299462,0.261334,0.00749873,0.269231571428571,0.0278523427256727
"3235059_NF_EG_23_148_S124_L001_R1_001_trim",0.221454,0.228118,0.199606,0.256332,0.233267,0.264213,0.230006,0.00913082,0.233285142857143,0.0391401693574265
"3235060_NF_EG_23_161_S136_L001_R1_001_trim",0.256625,0.247194,0.238325,0.277029,0.253827,0.291284,0.259731,0.0088322,0.260573571428571,0.033895225642333
"3235061_NF_EG_23_190_S148_L001_R1_001_trim",0.196571,0.184586,0.174713,0.217502,0.201083,0.222035,0.190508,0.00747732,0.198142571428571,0.0377370695559763
"3235062_NF_EG_23_186_S160_L001_R1_001_trim",0.25971,0.250027,0.197411,0.293416,0.261823,0.29732,0.260209,0.00944947,0.259988,0.0363457928827484
"3235063_NF_EG_23_290_S172_L001_R1_001_trim",0.217597,0.220526,0.199277,0.242915,0.219595,0.254911,0.217543,0.00876051,0.224623428571429,0.0390008738434612
"3235064_NF_EG_23_303_S183_L001_R1_001_trim",0.251971,0.243501,0.21273,0.258327,0.250773,0.286926,0.240292,0.00810437,0.249217142857143,0.0325193119024144
"3235065_NF_EG_23_125_S102_L001_R1_001_trim",0.212161,0.227172,0.194294,0.240898,0.232545,0.24811,0.23863,0.00726993,0.227687142857143,0.0319294708905076
"3235066_NF_EG_23_137_S113_L001_R1_001_trim",0.251809,0.257267,0.242051,0.286423,0.258566,0.296972,0.255822,0.00827917,0.26413,0.0313450573581191
"3235067_NF_EG_23_149_S125_L001_R1_001_trim",0.232232,0.222248,0.20129,0.247683,0.23697,0.263506,0.222334,0.00586734,0.232323285714286,0.0252550663699537
"3235068_NF_EG_23_162_S137_L001_R1_001_trim",0.246848,0.242359,0.221537,0.26924,0.253925,0.291201,0.250511,0.0101019,0.253660142857143,0.0398245458912685
"3235069_NF_EG_23_175_S149_L001_R1_001_trim",0.28933,0.303541,0.275065,0.327163,0.301264,0.345292,0.29871,0.00854311,0.305766428571429,0.0279399868713981
"3235070_NF_EG_23_187_S161_L001_R1_001_trim",0.329836,0.316054,0.300188,0.344216,0.32887,0.360649,0.33832,0.0079703,0.331161857142857,0.024067687229335
"3235071_NF_EG_23_291_S173_L001_R1_001_trim",0.214637,0.215836,0.19696,0.238528,0.217616,0.247317,0.210664,0.123373,0.220222571428571,0.560219596019092
"3235072_NF_EG_23_304_S184_L001_R1_001_trim",0.253229,0.24075,0.22407,0.280545,0.246935,0.290872,0.24287,0.00704811,0.254181571428571,0.0277286427980898
"3235073_NF_EG_23_126_S103_L001_R1_001_trim",0.252111,0.251187,0.233474,0.285916,0.26406,0.295093,0.254269,0.00717148,0.262301428571429,0.0273406059549809
"3235074_NF_EG_23_138_S114_L001_R1_001_trim",0.207265,0.194509,0.180343,0.224518,0.208497,0.230866,0.205339,0.0056269,0.207333857142857,0.0271393205024057
"3235075_NF_EG_23_150_S126_L001_R1_001_trim",0.234086,0.227726,0.209326,0.253339,0.23062,0.2646,0.225201,0.00864855,0.234985428571429,0.0368046225358654
"3235076_NF_EG_23_163_S138_L001_R1_001_trim",0.227811,0.224843,0.210519,0.248797,0.222581,0.259827,0.224278,0.00886525,0.231236571428571,0.0383384425103296
"3235077_NF_EG_23_176_S150_L001_R1_001_trim",0.248553,0.239086,0.210146,0.267481,0.252759,0.27524,0.241886,0.00739073,0.247878714285714,0.02981591227507
"3235078_NF_EG_23_188_S162_L001_R1_001_trim",0.256816,0.241474,0.223136,0.274651,0.265756,0.287769,0.247024,0.0075653,0.256660857142857,0.0294758619768388
"3235079_NF_EG_23_292_S174_L001_R1_001_trim",0.253763,0.253028,0.223853,0.275495,0.258566,0.297318,0.252886,0.00918622,0.259272714285714,0.035430724074871
"3235080_NF_EG_23_305_S185_L001_R1_001_trim",0.193074,0.180754,0.15674,0.201557,0.196829,0.213392,0.183408,0.00627839,0.189393428571429,0.033149988610255
"3235081_NF_EG_23_127_S104_L001_R1_001_trim",0.255192,0.25377,0.220567,0.296501,0.258997,0.294304,0.255616,0.00774336,0.262135285714286,0.0295395561833666
"3235082_NF_EG_23_139_S115_L001_R1_001_trim",0.223303,0.218424,0.204834,0.253616,0.231166,0.254118,0.238269,0.00772963,0.231961428571429,0.0333229108287708
"3235083_NF_EG_23_151_S127_L001_R1_001_trim",0.22291,0.221669,0.20138,0.248045,0.221707,0.252883,0.222672,0.00667361,0.227323714285714,0.0293572978999111
"3235084_NF_EG_23_164_S139_L001_R1_001_trim",0.205787,0.218174,0.182607,0.234992,0.214815,0.237218,0.212895,0.00794237,0.215212571428571,0.036904767910531
"3235085_NF_EG_23_177_S151_L001_R1_001_trim",0.195528,0.19488,0.172564,0.220115,0.206715,0.224926,0.20074,0.0060291,0.202209714285714,0.0298160749660183
"3235086_NF_EG_23_189_S163_L001_R1_001_trim",0.227348,0.217982,0.132109,0.251364,0.231993,0.262065,0.224959,0.00667663,0.221117142857143,0.0301949903735577
"3235087_NF_EG_23_293_S175_L001_R1_001_trim",0.245355,0.216786,0.205184,0.248581,0.228272,0.260874,0.229686,0.00590551,0.233534,0.0252875812515522
"3235088_NF_EG_23_306_S186_L001_R1_001_trim",0.241076,0.228574,0.203166,0.261657,0.238378,0.265436,0.230759,0.00649439,0.238435142857143,0.027237553668383
"3235089_NF_EG_23_128_S105_L001_R1_001_trim",0.21935,0.202529,0.180563,0.225938,0.213474,0.244992,0.214628,0.00613361,0.214496285714286,0.028595413573595
"3235090_NF_EG_23_140_S116_L001_R1_001_trim",0.218094,0.230303,0.203886,0.253691,0.236241,0.259211,0.229268,0.00643503,0.232956285714286,0.027623337057719
"3235091_NF_EG_23_152_S128_L001_R1_001_trim",0.265514,0.252211,0.233944,0.287332,0.24962,0.299786,0.254749,0.00889108,0.263308,0.0337668433925289
"3235092_NF_EG_23_165_S140_L001_R1_001_trim",0.213321,0.205638,0.181807,0.235959,0.212686,0.248385,0.209491,0.00805572,0.215326714285714,0.0374116143773548
"3235093_NF_EG_23_178_S152_L001_R1_001_trim",0.203511,0.201973,0.174707,0.229184,0.20619,0.225318,0.197545,0.00622811,0.205489714285714,0.0303086216341729
"3235094_Lo7_S164_L001_R1_001_trim",0.292639,0.273565,0.248725,0.317471,0.283862,0.315038,0.268034,0.000305843,0.285619142857143,0.00107080707875723
"3235617_NF_EG_23_408_S187_L002_R1_001_trim",0.234117,0.231077,0.208474,0.256123,0.242419,0.27222,0.23138,0.00776431,0.239401428571429,0.0324321790656459
"3235618_NF_EG_23_420_S199_L002_R1_001_trim",0.347117,0.369714,0.333651,0.400981,0.358205,0.401553,0.354872,0.0090184,0.366584714285714,0.024601134877029
"3235619_NF_EG_23_432_S211_L002_R1_001_trim",0.45012,0.460683,0.453375,0.504325,0.432282,0.516685,0.471488,0.0154146,0.469851142857143,0.0328074119523569
"3235620_NF_EG_23_444_S223_L002_R1_001_trim",0.359241,0.342926,0.338135,0.388587,0.361688,0.395172,0.350836,0.156171,0.362369285714286,0.430971956390186
"3235621_NF_EG_23_457_S234_L002_R1_001_trim",0.36802,0.373387,0.355798,0.42247,0.352969,0.414904,0.376787,0.0131477,0.380619285714286,0.0345429159621444
"3235622_NF_EG_23_469_S246_L002_R1_001_trim",0.531417,0.544001,0.50913,0.607616,0.530447,0.609744,0.552877,0.0142992,0.555033142857143,0.0257627858516557
"3235623_NPK_EG_23_1_S258_L002_R1_001_trim",0.420607,0.448585,0.42783,0.48219,0.4423,0.503968,0.469424,0.010745,0.456414857142857,0.0235421784191325
"3235624_NPK_EG_23_26_S269_L002_R1_001_trim",0.267929,0.265968,0.227851,0.293353,0.264092,0.308896,0.265233,0.00952674,0.270474571428571,0.0352223129504649
"3235625_NF_EG_23_409_S188_L002_R1_001_trim",0.337881,0.341043,0.315138,0.387491,0.344259,0.391078,0.353291,0.00806712,0.352883,0.02286060819025
"3235626_NF_EG_23_421_S200_L002_R1_001_trim",0.361804,0.407787,0.370111,0.441796,0.385256,0.435834,0.378389,0.0097865,0.397282428571429,0.0246336089798657
"3235627_NF_EG_23_433_S212_L002_R1_001_trim",0.292478,0.29998,0.264551,0.336602,0.297413,0.338835,0.282091,0.009962,0.301707142857143,0.0330187741187055
"3235629_NF_EG_23_458_S235_L002_R1_001_trim",0.454274,0.471958,0.445584,0.521102,0.465045,0.529744,0.472259,0.0129166,0.479995142857143,0.0269098556354439
"3235630_NF_EG_23_470_S247_L002_R1_001_trim",0.349888,0.352167,0.329842,0.386277,0.348342,0.408975,0.369945,0.00951394,0.363633714285714,0.0261635256199724
"3235631_NPK_EG_23_5_S259_L002_R1_001_trim",0.32837,0.335896,0.296825,0.360593,0.338255,0.376912,0.342332,0.00900514,0.339883285714286,0.0264948009463753
"3235632_NPK_EG_23_27_S270_L002_R1_001_trim",0.338909,0.351212,0.325982,0.37834,0.354599,0.396689,0.347906,0.00946599,0.356233857142857,0.0265724040828717
"3235633_NF_EG_23_410_S189_L002_R1_001_trim",0.365363,0.35316,0.328284,0.369214,0.335192,0.400227,0.353382,0.0106426,0.357831714285714,0.029741913796669
"3235634_NF_EG_23_422_S201_L002_R1_001_trim",0.352781,0.3543,0.337958,0.395102,0.356135,0.413057,0.358921,0.0105883,0.366893428571429,0.0288593340066831
"3235635_NF_EG_23_434_S213_L002_R1_001_trim",0.349128,0.345105,0.32131,0.389597,0.34157,0.386707,0.349721,0.0102939,0.354734,0.0290186449565026
"3235636_NF_EG_23_447_S224_L002_R1_001_trim",0.3442,0.354341,0.314609,0.385481,0.343429,0.38585,0.339007,0.00927793,0.352416714285714,0.0263265890177902
"3235637_NF_EG_23_459_S236_L002_R1_001_trim",0.280749,0.277775,0.259921,0.303032,0.275443,0.306722,0.277984,0.00847189,0.283089428571429,0.0299265502168421
"3235638_NF_EG_23_471_S248_L002_R1_001_trim",0.378563,0.391671,0.368922,0.435868,0.374261,0.435964,0.388363,0.0095314,0.396230285714286,0.0240552031069955
"3235639_NPK_EG_23_7_S260_L002_R1_001_trim",0.284851,0.281716,0.264387,0.307031,0.294036,0.321868,0.296873,0.00876772,0.292966,0.0299274318521603
"3235640_NPK_EG_23_29_S271_L002_R1_001_trim",0.249693,0.238637,0.219689,0.2717,0.248797,0.286,0.245991,0.00765724,0.251501,0.0304461612478678
"3235641_NF_EG_23_411_S190_L002_R1_001_trim",0.291967,0.281821,0.273799,0.316949,0.293783,0.341118,0.296415,0.0073919,0.299407428571429,0.0246884321984568
"3235642_NF_EG_23_423_S202_L002_R1_001_trim",0.33339,0.352222,0.332908,0.377866,0.352711,0.397008,0.349234,0.00952046,0.356477,0.0267070806812221
"3235643_NF_EG_23_435_S214_L002_R1_001_trim",0.316709,0.320794,0.301038,0.358115,0.311124,0.361598,0.312864,0.168146,0.326034571428571,0.515730584223759
"3235644_NF_EG_23_448_S225_L002_R1_001_trim",0.366175,0.339059,0.304418,0.393235,0.332759,0.407103,0.344031,0.00979069,0.355254285714286,0.0275596675218556
"3235645_NF_EG_23_460_S237_L002_R1_001_trim",0.333489,0.32041,0.302372,0.380664,0.340287,0.369789,0.319458,0.0092081,0.338067,0.0272375002588244
"3235646_NF_EG_23_472_S249_L002_R1_001_trim",0.380647,0.355624,0.31892,0.41269,0.346586,0.426868,0.359383,0.0111709,0.371531142857143,0.0300671968279529
"3235647_NPK_EG_23_9_S261_L002_R1_001_trim",0.270186,0.266655,0.249999,0.288329,0.265093,0.296684,0.269164,0.0065442,0.272301428571429,0.0240329256968381
"3235648_NPK_EG_23_31_S272_L002_R1_001_trim",0.350908,0.354424,0.32324,0.370956,0.333303,0.389524,0.367675,0.0084826,0.355718571428571,0.0238463793608912
"3235649_NF_EG_23_412_S191_L002_R1_001_trim",0.359084,0.370221,0.336357,0.39576,0.368731,0.408655,0.358986,0.0109519,0.371113428571429,0.0295109234989379
"3235650_NF_EG_23_424_S203_L002_R1_001_trim",0.324354,0.322522,0.307891,0.355865,0.326009,0.363566,0.325337,0.00924581,0.332220571428571,0.0278303356117966
"3235651_NF_EG_23_436_S215_L002_R1_001_trim",0.362764,0.34936,0.325193,0.394378,0.356192,0.401663,0.358242,0.0105783,0.363970285714286,0.0290636362780007
"3235652_NF_EG_23_449_S226_L002_R1_001_trim",0.361963,0.371482,0.369118,0.416246,0.377741,0.432052,0.382291,0.00957842,0.387270428571429,0.0247331561961317
"3235653_NF_EG_23_461_S238_L002_R1_001_trim",0.334477,0.341089,0.327531,0.392492,0.356446,0.383243,0.357687,0.0092749,0.356137857142857,0.0260430050161154
"3235654_NF_EG_23_473_S250_L002_R1_001_trim",0.440694,0.456028,0.453344,0.491428,0.445486,0.509146,0.447073,0.0106556,0.463314142857143,0.0229986504065893
"3235655_NPK_EG_23_12_S262_L002_R1_001_trim",0.344369,0.326289,0.294212,0.372033,0.352069,0.381932,0.343438,0.00978324,0.344906,0.0283649458113225
"3235656_NPK_EG_23_32_S273_L002_R1_001_trim",0.328488,0.326248,0.307594,0.374733,0.349031,0.386583,0.322333,0.00817233,0.342144285714286,0.0238856246946777
"3235657_NF_EG_23_413_S192_L002_R1_001_trim",0.37313,0.386143,0.346871,0.410717,0.37276,0.42788,0.378646,0.0108411,0.385163857142857,0.0281467219702783
"3235658_NF_EG_23_425_S204_L002_R1_001_trim",0.35469,0.342339,0.327143,0.380345,0.347734,0.403023,0.342801,0.0105225,0.356867857142857,0.0294857039920739
"3235659_NF_EG_23_437_S216_L002_R1_001_trim",0.389184,0.380145,0.357343,0.424846,0.382572,0.441933,0.390939,0.01088,0.395280285714286,0.0275247726567983
"3235660_NF_EG_23_450_S227_L002_R1_001_trim",0.323496,0.319658,0.301589,0.384166,0.33267,0.363436,0.325318,0.00819421,0.335761857142857,0.0244048268904874
"3235661_NF_EG_23_462_S239_L002_R1_001_trim",0.345714,0.331064,0.314709,0.379227,0.348914,0.392953,0.348527,0.00932541,0.351586857142857,0.026523773032309
"3235662_NF_EG_23_474_S251_L002_R1_001_trim",0.391533,0.371515,0.36231,0.416723,0.364937,0.425925,0.368969,0.010269,0.385987428571429,0.0266044934105922
"3235663_NPK_EG_23_13_S263_L002_R1_001_trim",0.338857,0.334612,0.320915,0.373345,0.336074,0.37606,0.336966,0.0180533,0.345261285714286,0.0522888048761414
"3235664_NPK_EG_23_33_S274_L002_R1_001_trim",0.254847,0.256955,0.229104,0.294907,0.255452,0.288663,0.263106,0.00752783,0.263290571428571,0.0285913390637395
"3235665_NF_EG_23_414_S193_L002_R1_001_trim",0.333838,0.321689,0.294244,0.356383,0.329301,0.373162,0.322631,0.00945552,0.333035428571429,0.0283919342772627
"3235666_NF_EG_23_426_S205_L002_R1_001_trim",0.30615,0.307358,0.290487,0.346908,0.302126,0.343665,0.300603,0.00922346,0.313899571428571,0.0293834743323274
"3235667_NF_EG_23_438_S217_L002_R1_001_trim",0.269876,0.273832,0.241664,0.301432,0.27008,0.288769,0.275746,0.0074999,0.274485571428571,0.0273234762795234
"3235668_NF_EG_23_451_S228_L002_R1_001_trim",0.293341,0.298289,0.276622,0.337605,0.298824,0.336014,0.301494,0.00731136,0.306027,0.0238912252840436
"3235669_NF_EG_23_463_S240_L002_R1_001_trim",0.29687,0.301557,0.274495,0.328545,0.306833,0.335641,0.298553,0.00831315,0.306070571428571,0.0271608928659777
"3235670_NF_EG_23_475_S252_L002_R1_001_trim",0.441776,0.457748,0.409815,0.47559,0.431757,0.506739,0.435564,0.00981606,0.451284142857143,0.0217513957788394
"3235671_NPK_EG_23_14_S264_L002_R1_001_trim",0.34736,0.346485,0.347986,0.392854,0.343166,0.403271,0.353724,0.00917854,0.362120857142857,0.025346620662557
"3235672_NPK_EG_23_34_S275_L002_R1_001_trim",0.197998,0.197727,0.172013,0.222153,0.195464,0.230663,0.19898,0.00648252,0.202142571428571,0.0320690488608465
"3235673_NF_EG_23_415_S194_L002_R1_001_trim",0.266077,0.280248,0.255985,0.300303,0.288627,0.309346,0.27698,0.00779596,0.282509428571429,0.0275953975745942
"3235674_NF_EG_23_427_S206_L002_R1_001_trim",0.302874,0.309539,0.282471,0.356536,0.309042,0.348046,0.29933,0.0073621,0.315405428571429,0.0233417035126671
"3235675_NF_EG_23_439_S218_L002_R1_001_trim",0.336236,0.334771,0.313211,0.338693,0.348581,0.37509,0.340692,0.00827986,0.341039142857143,0.024278327498226
"3235676_NF_EG_23_452_S229_L002_R1_001_trim",0.370065,0.375707,0.364899,0.417462,0.385319,0.441156,0.404644,0.0101987,0.394178857142857,0.0258732801498377
"3235677_NF_EG_23_464_S241_L002_R1_001_trim",0.293338,0.298558,0.264982,0.336911,0.300415,0.349909,0.309685,0.00903051,0.307685428571429,0.0293498136779772
"3235678_NF_EG_23_476_S253_L002_R1_001_trim",0.416504,0.417217,0.402994,0.465963,0.409549,0.470103,0.41531,0.0146406,0.428234285714286,0.034188294791903
"3235679_NPK_EG_23_16_S265_L002_R1_001_trim",0.277103,0.285653,0.261214,0.314813,0.287212,0.328812,0.280863,0.00817815,0.29081,0.0281219696709192
"3235680_NPK_EG_23_35_S276_L002_R1_001_trim",0.271514,0.263843,0.241596,0.305578,0.273052,0.314631,0.272539,0.0085871,0.277536142857143,0.0309404746769147
"3235681_NF_EG_23_416_S195_L002_R1_001_trim",0.396678,0.402476,0.383681,0.435982,0.39052,0.455526,0.411326,0.0117493,0.410884142857143,0.0285951653385782
"3235682_NF_EG_23_428_S207_L002_R1_001_trim",0.34497,0.344305,0.297627,0.365094,0.331396,0.360029,0.332238,0.00932052,0.339379857142857,0.0274633859489093
"3235683_NF_EG_23_440_S219_L002_R1_001_trim",0.281646,0.283666,0.259084,0.31739,0.287251,0.324987,0.284776,0.00896184,0.291257142857143,0.0307695114773396
"3235684_NF_EG_23_453_S230_L002_R1_001_trim",0.283725,0.281444,0.25584,0.312871,0.28419,0.330589,0.291529,0.0101296,0.291455428571429,0.034755228439732
"3235685_NF_EG_23_465_S242_L002_R1_001_trim",0.35414,0.375405,0.364495,0.404743,0.368591,0.394353,0.361801,0.00827754,0.374789714285714,0.0220858248892331
"3235686_NF_EG_23_477_S254_L002_R1_001_trim",0.347849,0.351448,0.327647,0.393768,0.376788,0.399597,0.360184,0.00853892,0.365325857142857,0.0233734345189285
"3235687_NPK_EG_23_18_S266_L002_R1_001_trim",0.292878,0.29219,0.266337,0.338352,0.296718,0.344391,0.294669,0.00914688,0.303647857142857,0.0301233148360295
"3235688_NPK_EG_23_37_S277_L002_R1_001_trim",0.288396,0.286342,0.254693,0.324209,0.29181,0.325764,0.277187,0.12306,0.292628714285714,0.420532893705871
"3235689_NF_EG_23_417_S196_L002_R1_001_trim",0.312889,0.31744,0.308973,0.355739,0.330352,0.384386,0.318455,0.00859991,0.332604857142857,0.0258562369589998
"3235690_NF_EG_23_429_S208_L002_R1_001_trim",0.29279,0.283061,0.256502,0.319154,0.292641,0.348146,0.299932,0.00817699,0.298889428571429,0.0273579097095629
"3235691_NF_EG_23_441_S220_L002_R1_001_trim",0.357647,0.359578,0.34771,0.397798,0.355406,0.41633,0.368835,0.00902469,0.371900571428571,0.0242664053064875
"3235692_NF_EG_23_454_S231_L002_R1_001_trim",0.322176,0.328425,0.303359,0.369699,0.334266,0.367571,0.31999,0.010617,0.335069428571429,0.0316859704129549
"3235693_NF_EG_23_466_S243_L002_R1_001_trim",0.356487,0.352689,0.33026,0.389254,0.363297,0.404908,0.345967,0.0106619,0.363266,0.02935011809528
"3235694_NF_EG_23_478_S255_L002_R1_001_trim",0.327408,0.31094,0.333528,0.369353,0.327127,0.36573,0.334355,0.00866624,0.338348714285714,0.0256133380565528
"3235695_NPK_EG_23_21_S267_L002_R1_001_trim",0.275151,0.261316,0.247042,0.30507,0.275268,0.311891,0.277918,0.0106053,0.279093714285714,0.0379990643183856
"3235696_NPK_EG_23_39_S278_L002_R1_001_trim",0.288595,0.294236,0.270344,0.327795,0.296323,0.334551,0.286883,0.0108137,0.299818142857143,0.0360675304601313
"3235697_NF_EG_23_418_S197_L002_R1_001_trim",0.329616,0.330433,0.305925,0.356269,0.328312,0.360901,0.329575,0.00862551,0.334433,0.0257914440261577
"3235698_NF_EG_23_430_S209_L002_R1_001_trim",0.291196,0.290267,0.27111,0.322662,0.292504,0.321616,0.29252,0.0085075,0.297410714285714,0.0286052236565596
"3235699_NF_EG_23_442_S221_L002_R1_001_trim",0.360881,0.365889,0.362106,0.405995,0.369908,0.425523,0.371176,0.0136389,0.380211142857143,0.0358719102694067
"3235700_NF_EG_23_455_S232_L002_R1_001_trim",0.317434,0.316674,0.299981,0.358536,0.323835,0.358399,0.312196,0.00868137,0.326722142857143,0.0265711100082858
"3235701_NF_EG_23_467_S244_L002_R1_001_trim",0.329069,0.345703,0.335277,0.378132,0.344089,0.405345,0.352061,0.0106223,0.355668,0.0298657736990677
"3235702_NF_EG_23_479_S256_L002_R1_001_trim",0.328986,0.327166,0.301897,0.370675,0.333956,0.382441,0.333705,0.0092074,0.339832285714286,0.0270939530676056
"3235703_NPK_EG_23_22_S268_L002_R1_001_trim",0.31904,0.321095,0.291256,0.357905,0.312206,0.361199,0.330061,0.0109393,0.327537428571429,0.0333986257622902
"3235704_NPK_EG_23_41_S279_L002_R1_001_trim",0.249283,0.263853,0.229226,0.28711,0.267241,0.303378,0.259387,0.00708047,0.265639714285714,0.0266544105388717
"3235705_NF_EG_23_419_S198_L002_R1_001_trim",0.284706,0.285431,0.262487,0.315389,0.28713,0.329461,0.287696,0.00898652,0.293185714285714,0.030651288797934
"3235706_NF_EG_23_431_S210_L002_R1_001_trim",0.305667,0.299492,0.281942,0.336125,0.30511,0.344222,0.297293,0.0120363,0.309978714285714,0.0388294403624949
"3235707_NF_EG_23_443_S222_L002_R1_001_trim",0.302654,0.301804,0.273221,0.343311,0.307148,0.356985,0.303176,0.0102304,0.312614142857143,0.0327253268406191
"3235708_NF_EG_23_456_S233_L002_R1_001_trim",0.414096,0.435408,0.411743,0.474443,0.417731,0.471551,0.437003,0.0188833,0.437425,0.0431692290106875
"3235709_NF_EG_23_468_S245_L002_R1_001_trim",0.291212,0.279287,0.266909,0.319617,0.286567,0.337952,0.29508,0.00943201,0.296660571428571,0.0317939453651696
"3235710_Lo7_S257_L002_R1_001_trim",0.423886,0.40256,0.37204,0.460879,0.408096,0.450536,0.387404,0.000449454,0.415057285714286,0.00108287220937833
"3235713_NF_EG_23_308_S280_L002_R1_001_trim",0.300888,0.307591,0.278028,0.322336,0.295119,0.327135,0.296288,0.00866857,0.303912142857143,0.0285232762287973
"3235714_NF_EG_23_320_S292_L002_R1_001_trim",0.322877,0.311311,0.298244,0.353941,0.321501,0.364815,0.317227,0.00940222,0.327130857142857,0.0287414647524189
"3235715_NF_EG_23_333_S304_L002_R1_001_trim",0.356565,0.351727,0.340353,0.404089,0.366094,0.407393,0.355648,0.00965895,0.368838428571429,0.026187482788631
"3235716_NF_EG_23_345_S316_L002_R1_001_trim",0.284599,0.289814,0.271886,0.319983,0.277318,0.33961,0.295931,0.0107943,0.297020142857143,0.036341979692575
"3235717_NF_EG_23_358_S328_L002_R1_001_trim",0.292345,0.286682,0.262171,0.336087,0.299203,0.335966,0.287295,0.0086695,0.299964142857143,0.0289017877851115
"3235718_NF_EG_23_370_S340_L002_R1_001_trim",0.293527,0.300874,0.269397,0.328699,0.301393,0.350351,0.29831,0.011815,0.306078714285714,0.0386011814887954
"3235719_NF_EG_23_382_S352_L002_R1_001_trim",0.327315,0.316774,0.305278,0.36315,0.322167,0.381272,0.335712,0.0110464,0.335952571428571,0.0328808318180968
"3235720_NF_EG_23_395_S363_L002_R1_001_trim",0.312647,0.315113,0.294397,0.345074,0.313762,0.359077,0.315107,0.0108798,0.322168142857143,0.0337705643503814
"3235721_NF_EG_23_309_S281_L002_R1_001_trim",0.280495,0.276459,0.269825,0.317512,0.287422,0.334864,0.287753,0.00970387,0.293475714285714,0.0330653254345699
"3235722_NF_EG_23_322_S293_L002_R1_001_trim",0.338181,0.335331,0.299081,0.361359,0.341123,0.376678,0.338811,0.00961612,0.341509142857143,0.0281577234493617
"3235723_NF_EG_23_334_S305_L002_R1_001_trim",0.349176,0.343071,0.321491,0.390289,0.348119,0.40485,0.340857,0.00867532,0.356836142857143,0.0243117749523291
"3235724_NF_EG_23_346_S317_L002_R1_001_trim",0.3195,0.316415,0.288862,0.353809,0.32322,0.367236,0.324819,0.00991731,0.327694428571429,0.0302638956763291
"3235725_NF_EG_23_359_S329_L002_R1_001_trim",0.326011,0.314276,0.294968,0.350772,0.325258,0.374169,0.327562,0.0113443,0.330430857142857,0.0343318420624847
"3235726_NF_EG_23_371_S341_L002_R1_001_trim",0.297816,0.29912,0.266292,0.326357,0.303052,0.350246,0.294783,0.00758741,0.305380857142857,0.0248457289398812
"3235727_NF_EG_23_383_S353_L002_R1_001_trim",0.359767,0.357759,0.32678,0.38345,0.334303,0.409344,0.361612,0.0127062,0.361859285714286,0.0351136491493339
"3235728_NF_EG_23_396_S364_L002_R1_001_trim",0.402381,0.391087,0.395429,0.4489,0.383148,0.454532,0.424849,0.0104622,0.414332285714286,0.0252507476745718
"3235729_NF_EG_23_310_S282_L002_R1_001_trim",0.283874,0.296051,0.285358,0.331693,0.301805,0.354915,0.296147,0.00818071,0.307120428571429,0.0266368148743885
"3235730_NF_EG_23_323_S294_L002_R1_001_trim",0.247216,0.239103,0.224023,0.26849,0.246392,0.270651,0.247272,0.00699318,0.249021,0.0280826918211717
"3235731_NF_EG_23_335_S306_L002_R1_001_trim",0.280783,0.27533,0.259702,0.315343,0.290932,0.331846,0.285408,0.00899583,0.291334857142857,0.0308779735052056
"3235732_NF_EG_23_347_S318_L002_R1_001_trim",0.39363,0.380293,0.352267,0.432198,0.389165,0.487786,0.388836,0.00991382,0.403453571428571,0.024572393707897
"3235733_NF_EG_23_360_S330_L002_R1_001_trim",0.323237,0.308602,0.29253,0.351775,0.311699,0.371859,0.313434,0.0115538,0.324733714285714,0.0355793054177137
"3235734_NF_EG_23_372_S342_L002_R1_001_trim",0.397076,0.418807,0.384827,0.455729,0.365402,0.443707,0.41006,0.0112261,0.410801142857143,0.0273273339064295
"3235735_NF_EG_23_385_S354_L002_R1_001_trim",0.304907,0.307341,0.295832,0.342557,0.318105,0.350566,0.315652,0.00791048,0.31928,0.0247759959909797
"3235737_NF_EG_23_311_S283_L002_R1_001_trim",0.25934,0.25862,0.229028,0.283186,0.258073,0.29821,0.25605,0.00724317,0.263215285714286,0.0275180447075642
"3235738_NF_EG_23_324_S295_L002_R1_001_trim",0.253139,0.245772,0.22827,0.283892,0.25192,0.290012,0.248735,0.131694,0.257391428571429,0.511648739551767
"3235739_NF_EG_23_336_S307_L002_R1_001_trim",0.289041,0.290443,0.273636,0.334414,0.284308,0.337327,0.303312,0.00851472,0.301783,0.0282147105701779
"3235740_NF_EG_23_348_S319_L002_R1_001_trim",0.282022,0.281312,0.259145,0.305915,0.272689,0.336661,0.280543,0.0108628,0.288326714285714,0.0376753157504359
"3235741_NF_EG_23_361_S331_L002_R1_001_trim",0.336821,0.325228,0.31838,0.374509,0.327006,0.373957,0.329421,0.00990544,0.340760285714286,0.0290686456587412
"3235742_NF_EG_23_373_S343_L002_R1_001_trim",0.261168,0.241511,0.223537,0.27647,0.254751,0.285414,0.244443,0.00707255,0.255327714285714,0.0276998915679234
"3235743_NF_EG_23_386_S355_L002_R1_001_trim",0.311891,0.298795,0.269887,0.344786,0.305687,0.343771,0.316231,0.00901701,0.313006857142857,0.0288077075445175
"3235744_NF_EG_23_398_S365_L002_R1_001_trim",0.316039,0.299421,0.277594,0.348128,0.306371,0.363382,0.316665,0.0120247,0.318228571428571,0.0377863620039504
"3235745_NF_EG_23_312_S284_L002_R1_001_trim",0.244379,0.247723,0.213557,0.264814,0.252745,0.283785,0.246294,0.00654652,0.250471,0.0261368381968372
"3235746_NF_EG_23_325_S296_L002_R1_001_trim",0.338672,0.343111,0.317237,0.380505,0.333911,0.390555,0.34494,0.0125065,0.349847285714286,0.0357484551422641
"3235747_NF_EG_23_337_S308_L002_R1_001_trim",0.292265,0.286557,0.258268,0.320211,0.29764,0.333736,0.295282,0.0091001,0.297708428571429,0.0305671560716885
"3235748_NF_EG_23_349_S320_L002_R1_001_trim",0.296584,0.294837,0.289808,0.333521,0.304669,0.348985,0.307783,0.00755948,0.310883857142857,0.0243160904830329
"3235749_NF_EG_23_362_S332_L002_R1_001_trim",0.326978,0.317249,0.298113,0.356634,0.323887,0.359088,0.328128,0.00910103,0.330011,0.0275779595225614
"3235750_NF_EG_23_374_S344_L002_R1_001_trim",0.285051,0.285014,0.273499,0.306551,0.29057,0.326638,0.281009,0.00731997,0.292618857142857,0.0250153734843766
"3235751_NF_EG_23_387_S356_L002_R1_001_trim",0.364508,0.346221,0.33069,0.403908,0.348866,0.40891,0.338594,0.00989613,0.363099571428571,0.0272545901419406
"3235752_NF_EG_23_399_S366_L002_R1_001_trim",0.329363,0.323112,0.294579,0.356667,0.326737,0.360925,0.321485,0.0092486,0.330409714285714,0.0279913077616189
"3235753_NF_EG_23_313_S285_L002_R1_001_trim",0.276605,0.267394,0.254827,0.303763,0.277926,0.303842,0.275953,0.00890156,0.280044285714286,0.0317862582958818
"3235754_NF_EG_23_326_S297_L002_R1_001_trim",0.251287,0.253757,0.217801,0.283383,0.261219,0.29329,0.248183,0.00814789,0.258417142857143,0.0315299902704376
"3235755_NF_EG_23_338_S309_L002_R1_001_trim",0.357034,0.352323,0.330433,0.395384,0.35459,0.412918,0.358139,0.0108441,0.365831571428571,0.0296423295497811
"3235756_NF_EG_23_350_S321_L002_R1_001_trim",0.269555,0.270962,0.251492,0.306695,0.274444,0.309207,0.281292,0.010201,0.280521,0.0363644789516649
"3235757_NF_EG_23_363_S333_L002_R1_001_trim",0.323901,0.324458,0.299494,0.360344,0.328303,0.369668,0.333696,0.00892041,0.334266285714286,0.0266865381919633
"3235758_NF_EG_23_375_S345_L002_R1_001_trim",0.342744,0.334604,0.326504,0.366454,0.336613,0.396114,0.346315,0.00776361,0.349906857142857,0.0221876474882295
"3235759_NF_EG_23_388_S357_L002_R1_001_trim",0.281415,0.280495,0.27399,0.307295,0.27985,0.330273,0.281368,0.00726155,0.290669428571429,0.0249821594093634
"3235760_NF_EG_23_400_S367_L002_R1_001_trim",0.291101,0.294829,0.272358,0.326546,0.290168,0.334506,0.287786,0.00966686,0.299613428571429,0.0322644417044058
"3235761_NF_EG_23_314_S286_L002_R1_001_trim",0.300592,0.291054,0.274319,0.326759,0.281725,0.3208,0.28941,0.0102681,0.297808428571429,0.0344788764013683
"3235762_NF_EG_23_327_S298_L002_R1_001_trim",0.294273,0.294839,0.27575,0.333574,0.303718,0.348757,0.288015,0.00953955,0.305560857142857,0.0312198037706774
"3235763_NF_EG_23_339_S310_L002_R1_001_trim",0.277891,0.267358,0.244495,0.301446,0.271413,0.302092,0.269815,0.00812368,0.276358571428571,0.0293954334689405
"3235764_NF_EG_23_351_S322_L002_R1_001_trim",0.294309,0.298721,0.26476,0.334304,0.294509,0.334502,0.290993,0.00833573,0.301728285714286,0.0276266110758118
"3235765_NF_EG_23_364_S334_L002_R1_001_trim",0.296836,0.307669,0.291444,0.333746,0.294667,0.343712,0.302264,0.00883569,0.310048285714286,0.0284977869806454
"3235766_NF_EG_23_376_S346_L002_R1_001_trim",0.246251,0.243057,0.223174,0.284997,0.254194,0.281188,0.248728,0.00712353,0.254512714285714,0.0279888964289744
"3235767_NF_EG_23_389_S358_L002_R1_001_trim",0.277588,0.276472,0.258615,0.304468,0.276971,0.326223,0.273343,0.00734884,0.284811428571429,0.0258024758236026
"3235768_NF_EG_23_401_S368_L002_R1_001_trim",0.301532,0.295921,0.27443,0.334864,0.301689,0.350498,0.300266,0.00913013,0.308457142857143,0.0295993469803631
"3235769_NF_EG_23_315_S287_L002_R1_001_trim",0.301318,0.301233,0.288503,0.31637,0.313996,0.339327,0.327448,0.00781761,0.312599285714286,0.0250084064720009
"3235770_NF_EG_23_328_S299_L002_R1_001_trim",0.299412,0.299206,0.279685,0.332541,0.292186,0.331113,0.277637,0.00801406,0.301682857142857,0.0265645190313385
"3235771_NF_EG_23_340_S311_L002_R1_001_trim",0.292232,0.290439,0.267414,0.335874,0.293124,0.342478,0.295743,0.00838926,0.302472,0.0277356581766246
"3235772_NF_EG_23_352_S323_L002_R1_001_trim",0.25024,0.239336,0.215937,0.287326,0.257669,0.285276,0.254844,0.0075255,0.255804,0.0294190083032322
"3235773_NF_EG_23_365_S335_L002_R1_001_trim",0.282366,0.296652,0.279305,0.344829,0.306767,0.341789,0.300688,0.00891087,0.307485142857143,0.0289798392117436
"3235774_NF_EG_23_377_S347_L002_R1_001_trim",0.378548,0.387975,0.365209,0.430988,0.377326,0.445276,0.389024,0.010805,0.396335142857143,0.0272622809123303
"3235775_NF_EG_23_390_S359_L002_R1_001_trim",0.306542,0.304275,0.260472,0.334086,0.301144,0.357527,0.315415,0.010033,0.311351571428571,0.0322240223614921
"3235776_NF_EG_23_402_S369_L002_R1_001_trim",0.324957,0.317129,0.291254,0.346891,0.313328,0.365569,0.312514,0.0105809,0.324520285714286,0.032604741416121
"3235777_NF_EG_23_316_S288_L002_R1_001_trim",0.270538,0.272918,0.241096,0.301348,0.269409,0.309104,0.273246,0.00802639,0.276808428571429,0.028996190764216
"3235778_NF_EG_23_329_S300_L002_R1_001_trim",0.260128,0.247626,0.229754,0.282879,0.263024,0.291256,0.251512,0.00832967,0.260882714285714,0.0319287923034927
"3235779_NF_EG_23_341_S312_L002_R1_001_trim",0.305147,0.272337,0.283452,0.340284,0.309782,0.338052,0.286295,0.00978417,0.305049857142857,0.0320740028913306
"3235780_NF_EG_23_353_S324_L002_R1_001_trim",0.216444,0.213961,0.18849,0.240308,0.212688,0.253285,0.213922,0.00717706,0.219871142857143,0.0326421189553882
"3235781_NF_EG_23_366_S336_L002_R1_001_trim",0.267726,0.269218,0.255108,0.29357,0.276201,0.302907,0.272591,0.00794353,0.276760142857143,0.028701856842516
"3235782_NF_EG_23_378_S348_L002_R1_001_trim",0.261939,0.260607,0.242151,0.28956,0.262724,0.302077,0.261572,0.0074566,0.268661428571429,0.027754635414728
"3235783_NF_EG_23_391_S360_L002_R1_001_trim",0.23344,0.241157,0.219164,0.264371,0.239649,0.281831,0.234461,0.008818,0.244867571428571,0.0360113017356904
"3235784_NF_EG_23_403_S370_L002_R1_001_trim",0.310124,0.296285,0.28237,0.337008,0.307527,0.341551,0.295738,0.00899629,0.310086142857143,0.0290122283992052
"3235785_NF_EG_23_317_S289_L002_R1_001_trim",0.300729,0.294776,0.273257,0.331354,0.301162,0.322937,0.302919,0.00939175,0.303876285714286,0.0309064920216592
"3235786_NF_EG_23_330_S301_L002_R1_001_trim",0.251513,0.238439,0.221055,0.271228,0.243709,0.280571,0.252805,0.0073777,0.251331428571429,0.0293544664984198
"3235787_NF_EG_23_342_S313_L002_R1_001_trim",0.305364,0.297014,0.274883,0.3393,0.307951,0.338997,0.307045,0.00879798,0.310079142857143,0.0283733369453144
"3235788_NF_EG_23_354_S325_L002_R1_001_trim",0.32786,0.314526,0.24944,0.358216,0.320195,0.374984,0.320609,0.00891971,0.32369,0.0275563347647441
"3235789_NF_EG_23_367_S337_L002_R1_001_trim",0.252688,0.234518,0.229355,0.257682,0.261889,0.294759,0.25089,0.00570767,0.254540142857143,0.0224234572037753
"3235790_NF_EG_23_379_S349_L002_R1_001_trim",0.385214,0.373205,0.354169,0.418488,0.375668,0.426735,0.381406,0.010354,0.387840714285714,0.0266965267405433
"3235791_NF_EG_23_392_S361_L002_R1_001_trim",0.285285,0.290758,0.262749,0.322898,0.283261,0.321463,0.29682,0.00805851,0.294747714285714,0.0273403646896086
"3235792_NF_EG_23_404_S371_L002_R1_001_trim",0.550663,0.587022,0.561254,0.639016,0.554629,0.660785,0.584169,0.0190014,0.591076857142857,0.0321470884376168
"3235793_NF_EG_23_318_S290_L002_R1_001_trim",0.313745,0.273845,0.246071,0.297264,0.326003,0.316865,0.329243,0.00630702,0.300433714285714,0.0209930500476454
"3235794_NF_EG_23_331_S302_L002_R1_001_trim",0.228708,0.226788,0.207094,0.251958,0.238821,0.271434,0.231887,0.00697549,0.23667,0.0294734862889255
"3235795_NF_EG_23_343_S314_L002_R1_001_trim",0.270458,0.253733,0.251953,0.289628,0.277694,0.313238,0.276743,0.00858059,0.276206714285714,0.0310658269918958
"3235796_NF_EG_23_356_S326_L002_R1_001_trim",0.269578,0.258448,0.252658,0.297504,0.266287,0.311819,0.27236,0.00842813,0.275522,0.0305896806788569
"3235797_NF_EG_23_368_S338_L002_R1_001_trim",0.243913,0.253801,0.21787,0.269889,0.242749,0.281266,0.253117,0.00718265,0.251800714285714,0.0285251375095384
"3235798_NF_EG_23_380_S350_L002_R1_001_trim",0.269252,0.271674,0.248332,0.305736,0.269961,0.310038,0.267994,0.00875097,0.277569571428571,0.0315271229297983
"3235799_NF_EG_23_393_S362_L002_R1_001_trim",0.323081,0.316308,0.296179,0.354951,0.315853,0.369526,0.321838,0.0115103,0.328248,0.0350658648339061
"3235800_NF_EG_23_405_S372_L002_R1_001_trim",0.392804,0.399382,0.361311,0.434976,0.384243,0.427653,0.403091,0.0101075,0.400494285714286,0.0252375635821449
"3235801_NF_EG_23_319_S291_L002_R1_001_trim",0.280737,0.288371,0.269069,0.315267,0.28807,0.334926,0.301057,0.00698527,0.296785285714286,0.0235364431332512
"3235802_NF_EG_23_332_S303_L002_R1_001_trim",0.282375,0.284938,0.261786,0.321753,0.273546,0.330853,0.29294,0.0100456,0.292598714285714,0.0343323449814983
"3235803_NF_EG_23_344_S315_L002_R1_001_trim",0.293627,0.283376,0.264963,0.32415,0.28212,0.332515,0.291619,0.00983864,0.296052857142857,0.0332327142353923
"3235804_NF_EG_23_357_S327_L002_R1_001_trim",0.309333,0.313966,0.281656,0.348679,0.310486,0.369643,0.309572,0.0107355,0.320476428571429,0.0334985635226125
"3235805_NF_EG_23_369_S339_L002_R1_001_trim",0.301121,0.298009,0.274387,0.333815,0.301473,0.320055,0.297809,0.00699761,0.303809857142857,0.023032860308774
"3235806_Lo7_S351_L002_R1_001_trim",0.342992,0.323691,0.296569,0.374894,0.335658,0.366769,0.313741,0.000290248,0.336330571428571,0.000862984291814941
"3236963_NPK_EG_23_46_S1_L001_R1_001_trim",0.340293,0.36557,0.350271,0.393802,0.34339,0.398932,0.372823,0.0131987,0.366440142857143,0.0360187066217402
"3236964_NPK_EG_23_60_S13_L001_R1_001_trim",0.243395,0.241919,0.225423,0.278096,0.250261,0.272115,0.244831,0.00908497,0.250862857142857,0.0362148869046263
"3236965_NPK_EG_23_76_S25_L001_R1_001_trim",0.27181,0.276614,0.243271,0.297331,0.269684,0.313424,0.285321,0.00821353,0.279636428571429,0.0293721745838346
"3236966_NPK_EG_23_89_S37_L001_R1_001_trim",0.299074,0.314995,0.274613,0.342496,0.310357,0.348926,0.305859,0.00906821,0.31376,0.0289017401835798
"3236967_NPK_EG_23_102_S49_L001_R1_001_trim",0.158409,0.152861,0.138386,0.170391,0.156022,0.174851,0.158307,0.00531198,0.158461,0.0335223177942838
"3236968_NPK_EG_23_118_S61_L001_R1_001_trim",0.433627,0.482741,0.437859,0.499285,0.42718,0.504934,0.436851,0.0106686,0.460353857142857,0.0231747813871131
"3236969_NPK_EG_23_131_S73_L001_R1_001_trim",0.275049,0.283437,0.267908,0.310622,0.288965,0.320723,0.285617,0.00737607,0.290331571428571,0.0254056765638893
"3236970_NPK_EG_23_145_S84_L001_R1_001_trim",0.301311,0.301341,0.256416,0.344408,0.294886,0.336609,0.310636,0.00962078,0.306515285714286,0.0313876026690815
"3236971_NPK_EG_23_47_S2_L001_R1_001_trim",0.233225,0.222033,0.209288,0.257476,0.240009,0.261947,0.229018,0.00639407,0.236142285714286,0.0270771919593272
"3236972_NPK_EG_23_62_S14_L001_R1_001_trim",0.156765,0.155859,0.134338,0.175944,0.157709,0.181534,0.155765,0.00560595,0.159702,0.0351025660292294
"3236973_NPK_EG_23_77_S26_L001_R1_001_trim",0.33723,0.350541,0.324428,0.384307,0.355372,0.403811,0.335851,0.0100795,0.355934285714286,0.0283184295656502
"3236974_NPK_EG_23_90_S38_L001_R1_001_trim",0.170332,0.165186,0.141443,0.174954,0.170524,0.186525,0.164769,0.00539298,0.167676142857143,0.0321630728623972
"3236975_NPK_EG_23_103_S50_L001_R1_001_trim",0.243229,0.236573,0.221013,0.271558,0.240006,0.284601,0.232969,0.00895416,0.247135571428571,0.0362317733066119
"3236976_NPK_EG_23_120_S62_L001_R1_001_trim",0.297166,0.271527,0.271583,0.304292,0.300314,0.33617,0.292938,0.00672016,0.296284285714286,0.0226814594091582
"3236977_NPK_EG_23_132_S74_L001_R1_001_trim",0.300034,0.311976,0.296996,0.344208,0.320396,0.354315,0.32654,0.00841579,0.322066428571429,0.0261306030477297
"3236978_NPK_EG_23_146_S85_L001_R1_001_trim",0.321063,0.316617,0.296084,0.354729,0.328592,0.364698,0.326339,0.0102567,0.329731714285714,0.0311061980259276
"3236979_NPK_EG_23_48_S3_L001_R1_001_trim",0.174203,0.168923,0.155639,0.199529,0.175289,0.203427,0.174781,0.00521818,0.178827285714286,0.0291799988975795
"3236980_NPK_EG_23_63_S15_L001_R1_001_trim",0.238915,0.216263,0.208964,0.26684,0.241021,0.265877,0.233546,0.00803803,0.238775142857143,0.0336635962345925
"3236981_NPK_EG_23_78_S27_L001_R1_001_trim",0.339142,0.332766,0.317485,0.371828,0.342521,0.378117,0.337823,0.00954932,0.345668857142857,0.0276256301447876
"3236982_NPK_EG_23_91_S39_L001_R1_001_trim",0.1801,0.171746,0.152412,0.19391,0.180198,0.199074,0.168669,0.00537413,0.178015571428571,0.0301891006324487
"3236983_NPK_EG_23_104_S51_L001_R1_001_trim",0.317179,0.315183,0.291306,0.361053,0.31456,0.363591,0.317703,0.00843139,0.325796428571429,0.0258793199083564
"3236984_NPK_EG_23_121_S63_L001_R1_001_trim",0.295491,0.293894,0.266972,0.343616,0.295717,0.350583,0.302323,0.0114465,0.306942285714286,0.0372920269794787
"3236985_NPK_EG_23_133_S75_L001_R1_001_trim",0.181992,0.176012,0.158959,0.195967,0.187403,0.211815,0.178073,0.006827,0.184317285714286,0.0370393909260507
"3236986_NPK_EG_23_147_S86_L001_R1_001_trim",0.311091,0.317917,0.303376,0.338835,0.316858,0.361327,0.308363,0.00778176,0.322538142857143,0.0241266348564755
"3236987_NPK_EG_23_49_S4_L001_R1_001_trim",0.303524,0.307419,0.300162,0.347642,0.307295,0.366254,0.316784,0.0133984,0.321297142857143,0.0417009621711989
"3236988_NPK_EG_23_64_S16_L001_R1_001_trim",0.315948,0.324131,0.302696,0.354001,0.318169,0.384187,0.314691,0.0116248,0.330546142857143,0.0351684636205967
"3236989_NPK_EG_23_79_S28_L001_R1_001_trim",0.159291,0.151622,0.131228,0.164856,0.158536,0.169579,0.153024,0.00490442,0.155448,0.0315502290154907
"3236990_NPK_EG_23_92_S40_L001_R1_001_trim",0.323909,0.36908,0.34957,0.394764,0.330412,0.405916,0.360782,0.0135937,0.362061857142857,0.0375452418746126
"3236991_NPK_EG_23_105_S52_L001_R1_001_trim",0.312535,0.310066,0.292541,0.32929,0.320386,0.347395,0.311106,0.0108088,0.317617,0.0340309240374413
"3236992_NPK_EG_23_122_S64_L001_R1_001_trim",0.306166,0.312368,0.290794,0.34192,0.306644,0.370572,0.315779,0.010448,0.320606142857143,0.0325882714126768
"3236993_NPK_EG_23_135_S76_L001_R1_001_trim",0.182732,0.185405,0.166401,0.206304,0.189398,0.220461,0.178507,0.00759393,0.189886857142857,0.0399918673375424
"3236994_NPK_EG_23_149_S87_L001_R1_001_trim",0.212357,0.211527,0.18554,0.232434,0.213003,0.240246,0.206406,0.00975997,0.214501857142857,0.0455006316961625
"3236995_NPK_EG_23_50_S5_L001_R1_001_trim",0.258801,0.259655,0.242456,0.303865,0.265863,0.305896,0.265113,0.0101957,0.271664142857143,0.0375305327113468
"3236996_NPK_EG_23_65_S17_L001_R1_001_trim",0.225963,0.227011,0.207777,0.2536,0.232948,0.248119,0.218388,0.00633588,0.230543714285714,0.0274823367864539
"3236997_NPK_EG_23_80_S29_L001_R1_001_trim",0.317479,0.308358,0.299617,0.36806,0.31821,0.365646,0.314941,0.00812531,0.327473,0.0248121524522632
"3236998_NPK_EG_23_93_S41_L001_R1_001_trim",0.281148,0.265096,0.257869,0.303563,0.280007,0.313235,0.284497,0.00925046,0.283630714285714,0.0326144508830647
"3236999_NPK_EG_23_106_S53_L001_R1_001_trim",0.252284,0.247849,0.227211,0.276358,0.255283,0.27902,0.249224,0.00808062,0.255318428571429,0.0316491842959128
"3237000_NPK_EG_23_123_S65_L001_R1_001_trim",0.250888,0.25142,0.235103,0.278112,0.249243,0.298993,0.255671,0.00943155,0.259918571428571,0.0362865567787714
"3237001_NPK_EG_23_136_S77_L001_R1_001_trim",0.248729,0.239726,0.232886,0.273791,0.235934,0.276759,0.251867,0.00840718,0.251384571428571,0.0334435003398322
"3237002_NPK_EG_23_150_S88_L001_R1_001_trim",0.165117,0.164098,0.149649,0.180139,0.164232,0.190103,0.171876,0.00467283,0.169316285714286,0.0275982312055038
"3237003_NPK_EG_23_51_S6_L001_R1_001_trim",0.359969,0.352395,0.34555,0.391583,0.34199,0.406747,0.352674,0.0126815,0.364415428571429,0.0347995694082264
"3237004_NPK_EG_23_67_S18_L001_R1_001_trim",0.268854,0.26021,0.239139,0.301529,0.2744,0.298716,0.270396,0.00706301,0.273320571428571,0.0258414870241328
"3237005_NPK_EG_23_81_S30_L001_R1_001_trim",0.278835,0.284521,0.258695,0.327388,0.303096,0.330055,0.291753,0.00925954,0.296334714285714,0.0312468960051448
"3237006_NPK_EG_23_94_S42_L001_R1_001_trim",0.186693,0.178074,0.154974,0.197745,0.179077,0.201456,0.17739,0.00543069,0.182201285714286,0.0298059916466012
"3237007_NPK_EG_23_107_S54_L001_R1_001_trim",0.275977,0.279988,0.255868,0.313949,0.277299,0.317275,0.2803,0.00993011,0.285808,0.0347439889716173
"3237008_NPK_EG_23_124_S66_L001_R1_001_trim",0.308973,0.313174,0.285225,0.347872,0.310838,0.353384,0.310323,0.00946925,0.318541285714286,0.0297269158651334
"3237009_NPK_EG_23_137_S78_L001_R1_001_trim",0.316125,0.339077,0.322981,0.360646,0.331932,0.371153,0.333677,0.00931121,0.339370142857143,0.0274367388999201
"3237010_NPK_EG_23_151_S89_L001_R1_001_trim",0.369529,0.363988,0.391486,0.396334,0.365863,0.413495,0.365643,0.010208,0.380905428571429,0.0267993030140965
"3237011_NPK_EG_23_53_S7_L001_R1_001_trim",0.186608,0.183206,0.165567,0.205224,0.190129,0.215442,0.184872,0.00477292,0.190149714285714,0.0251008528618051
"3237012_NPK_EG_23_69_S19_L001_R1_001_trim",0.231711,0.238792,0.20459,0.261312,0.227824,0.275992,0.233036,0.0067844,0.239036714285714,0.0283822509034775
"3237013_NPK_EG_23_82_S31_L001_R1_001_trim",0.167977,0.168601,0.158663,0.193856,0.172552,0.198145,0.164487,0.00488254,0.174897285714286,0.027916613914616
"3237014_NPK_EG_23_95_S43_L001_R1_001_trim",0.201036,0.201754,0.175871,0.225351,0.204532,0.233306,0.205039,0.00770705,0.206698428571429,0.0372864469907505
"3237015_NPK_EG_23_108_S55_L001_R1_001_trim",0.187923,0.172552,0.161613,0.201189,0.187894,0.200221,0.181559,0.00528614,0.184707285714286,0.0286190118573712
"3237016_NPK_EG_23_125_S67_L001_R1_001_trim",0.2951,0.312561,0.277591,0.336717,0.306915,0.351098,0.305916,0.00747173,0.312271142857143,0.0239270588106124
"3237017_NPK_EG_23_138_S79_L001_R1_001_trim",0.303867,0.295656,0.272663,0.333707,0.291945,0.335796,0.295151,0.0114989,0.304112142857143,0.0378113806701945
"3237018_NPK_EG_23_152_S90_L001_R1_001_trim",0.31793,0.313747,0.28866,0.345539,0.323687,0.360108,0.308452,0.00863552,0.322589,0.0267694186720564
"3237019_NPK_EG_23_55_S8_L001_R1_001_trim",0.202096,0.192523,0.173518,0.218332,0.2069,0.22222,0.19281,0.00646296,0.201199857142857,0.0321220904019387
"3237020_NPK_EG_23_71_S20_L001_R1_001_trim",0.224143,0.222108,0.197374,0.248319,0.229015,0.249935,0.224752,0.00720499,0.227949428571429,0.0316078440957455
"3237021_NPK_EG_23_83_S32_L001_R1_001_trim",0.170446,0.166698,0.145737,0.182756,0.181487,0.192465,0.166955,0.00532176,0.172363428571429,0.0308752270949091
"3237022_NPK_EG_23_96_S44_L001_R1_001_trim",0.225206,0.231034,0.202349,0.246771,0.221183,0.262517,0.218606,0.00707535,0.229666571428571,0.0308070519622857
"3237023_NPK_EG_23_109_S56_L001_R1_001_trim",0.141824,0.137541,0.122722,0.151982,0.141486,0.154071,0.137962,0.00570068,0.141084,0.0404062827818888
"3237024_NPK_EG_23_126_S68_L001_R1_001_trim",0.251764,0.250595,0.237655,0.288474,0.265682,0.287328,0.254601,0.00716263,0.262299857142857,0.0273070297407711
"3237025_NPK_EG_23_140_S80_L001_R1_001_trim",0.179902,0.183144,0.164028,0.205709,0.182238,0.212003,0.182781,0.00555172,0.187115,0.0296700959303102
"3237026_NPK_EG_23_153_S91_L001_R1_001_trim",0.225277,0.214854,0.199963,0.244663,0.219722,0.253846,0.215989,0.00952372,0.224902,0.0423460885185547
"3237027_NPK_EG_23_56_S9_L001_R1_001_trim",0.361814,0.381197,0.356557,0.407833,0.37061,0.432849,0.381252,0.0098426,0.384587428571429,0.025592620217881
"3237028_NPK_EG_23_72_S21_L001_R1_001_trim",0.163807,0.163192,0.146511,0.184621,0.173573,0.182313,0.164887,0.00644923,0.168414857142857,0.0382937117865407
"3237029_NPK_EG_23_84_S33_L001_R1_001_trim",0.239671,0.236891,0.206099,0.24781,0.234656,0.255088,0.241889,0.0077955,0.237443428571429,0.0328309780856072
"3237030_NPK_EG_23_97_S45_L001_R1_001_trim",0.219151,0.217757,0.19836,0.240268,0.220424,0.250242,0.218273,0.00895719,0.223496428571429,0.0400775531727896
"3237031_NPK_EG_23_112_S57_L001_R1_001_trim",0.268123,0.265396,0.240852,0.288103,0.282984,0.307813,0.290817,0.00883359,0.277726857142857,0.0318067546325063
"3237032_NPK_EG_23_127_S69_L001_R1_001_trim",0.177397,0.174543,0.157086,0.19678,0.188283,0.206867,0.177471,0.00489791,0.182632428571429,0.0268184026150887
"3237033_NPK_EG_23_141_S81_L001_R1_001_trim",0.17287,0.170873,0.15744,0.187788,0.175536,0.193797,0.176649,0.00503896,0.176421857142857,0.0285619938572561
"3237034_NPK_EG_23_154_S92_L001_R1_001_trim",0.356064,0.344374,0.33772,0.404029,0.356019,0.40839,0.362393,0.00948019,0.366998428571429,0.0258316909881669
"3237035_NPK_EG_23_57_S10_L001_R1_001_trim",0.251508,0.267474,0.252047,0.295531,0.274555,0.30464,0.271492,0.00766958,0.273892428571429,0.0280021614325123
"3237037_NPK_EG_23_85_S34_L001_R1_001_trim",0.223903,0.216187,0.205472,0.244516,0.228028,0.248716,0.231916,0.00632959,0.228391142857143,0.027713815521993
"3237038_NPK_EG_23_98_S46_L001_R1_001_trim",0.197448,0.194998,0.182349,0.224753,0.207685,0.228055,0.197309,0.00551913,0.204656714285714,0.0269677445925128
"3237039_NPK_EG_23_114_S58_L001_R1_001_trim",0.194938,0.187334,0.159875,0.213219,0.196968,0.217882,0.190934,0.00593856,0.19445,0.0305402931344819
"3237040_NPK_EG_23_128_S70_L001_R1_001_trim",0.232703,0.223844,0.208092,0.245031,0.224034,0.25283,0.228148,0.00855103,0.230668857142857,0.0370705872735313
"3237041_NPK_EG_23_142_S82_L001_R1_001_trim",0.367016,0.349792,0.330657,0.399025,0.349847,0.401883,0.347117,0.0109705,0.363619571428571,0.030170268219886
"3237042_NPK_EG_23_155_S93_L001_R1_001_trim",0.300584,0.293483,0.275033,0.323388,0.295493,0.341267,0.294505,0.00918645,0.303393285714286,0.0302790154975649
"3237043_NPK_EG_23_58_S11_L001_R1_001_trim",0.268287,0.269541,0.243513,0.299824,0.268458,0.31955,0.263609,0.00849819,0.276111714285714,0.0307780856816754
"3237044_NPK_EG_23_74_S23_L001_R1_001_trim",0.20273,0.195785,0.175981,0.209758,0.201149,0.219119,0.211728,0.00729879,0.202321428571429,0.0360752197705207
"3237045_NPK_EG_23_86_S35_L001_R1_001_trim",0.223901,0.226625,0.209785,0.252803,0.230968,0.263379,0.231458,0.10711,0.234131285714286,0.45747837446512
"3237046_NPK_EG_23_99_S47_L001_R1_001_trim",0.284696,0.279833,0.263663,0.321003,0.29173,0.322825,0.276929,0.00777804,0.291525571428571,0.0266804725289965
"3237047_NPK_EG_23_116_S59_L001_R1_001_trim",0.334853,0.324455,0.312834,0.357603,0.328349,0.36918,0.330498,0.171544,0.336824571428571,0.509297760767369
"3237048_NPK_EG_23_129_S71_L001_R1_001_trim",0.277296,0.271758,0.246643,0.297645,0.266088,0.314587,0.273733,0.00880846,0.27825,0.0316566397124888
"3237049_NPK_EG_23_143_S83_L001_R1_001_trim",0.215533,0.206883,0.194518,0.23341,0.217791,0.249064,0.198887,0.00574887,0.216583714285714,0.0265434084873813
"3237050_NPK_EG_23_156_S94_L001_R1_001_trim",0.210617,0.199317,0.178998,0.226064,0.212671,0.235263,0.203125,0.0064213,0.209436428571429,0.0306599002083824
"3237051_NPK_EG_23_59_S12_L001_R1_001_trim",0.251579,0.257075,0.237416,0.328136,0.264151,0.291855,0.248599,0.00837879,0.268401571428571,0.0312173656637097
"3237052_NPK_EG_23_75_S24_L001_R1_001_trim",0.191932,0.18577,0.168469,0.209242,0.192114,0.22034,0.186034,0.00692778,0.193414428571429,0.0358183205419008
"3237053_NPK_EG_23_87_S36_L001_R1_001_trim",0.193874,0.191406,0.175499,0.223303,0.20355,0.220738,0.192532,0.00594531,0.200128857142857,0.0297074099401671
"3237054_NPK_EG_23_100_S48_L001_R1_001_trim",0.211541,0.203722,0.184265,0.243704,0.218581,0.243951,0.198533,0.00610894,0.214899571428571,0.0284269529221956
"3237055_NPK_EG_23_117_S60_L001_R1_001_trim",0.193433,0.189775,0.17521,0.20976,0.198678,0.215557,0.190694,0.00535248,0.196158142857143,0.0272865552356808
"3237056_LO_7_S72_L001_R1_001_trim",0.461671,0.439512,0.406514,0.501892,0.448837,0.494463,0.420922,0.000541858,0.453401571428571,0.00119509510805779
"3237059_NPK_EG_23_158_S95_L001_R1_001_trim",0.330156,0.325016,0.304862,0.366156,0.326289,0.385935,0.33933,0.00883825,0.339677714285714,0.0260195168193043
"3237060_NPK_EG_23_170_S107_L001_R1_001_trim",0.287906,0.285076,0.250331,0.310551,0.291261,0.339843,0.277311,0.00903493,0.291754142857143,0.0309676151005813
"3237061_NPK_EG_23_182_S119_L001_R1_001_trim",0.294432,0.288951,0.263442,0.326593,0.292606,0.335543,0.293755,0.00921019,0.299331714285714,0.0307691753343877
"3237062_NPK_EG_23_194_S131_L001_R1_001_trim",0.192475,0.195666,0.187842,0.216339,0.193038,0.232848,0.202907,0.00701786,0.203016428571429,0.0345679413699806
"3237063_NPK_EG_23_207_S143_L001_R1_001_trim",0.302349,0.303498,0.275124,0.339583,0.321542,0.355167,0.314752,0.0112983,0.316002142857143,0.0357538714701302
"3237064_NPK_EG_23_223_S155_L001_R1_001_trim",0.282773,0.275211,0.249459,0.311347,0.283635,0.31488,0.276823,0.00835016,0.284875428571429,0.0293116189131289
"3237065_NPK_EG_23_239_S167_L001_R1_001_trim",0.247374,0.239501,0.220512,0.31393,0.253354,0.282491,0.237435,0.00801382,0.256371,0.0312586837044752
"3237066_NPK_EG_23_256_S179_L001_R1_001_trim",0.167415,0.164421,0.147582,0.186351,0.170151,0.191345,0.162929,0.00690753,0.170027714285714,0.0406259063648447
"3237067_NPK_EG_23_159_S96_L001_R1_001_trim",0.18695,0.187688,0.164435,0.203512,0.187367,0.220778,0.183732,0.00716798,0.190637428571429,0.0376000665436708
"3237068_NPK_EG_23_171_S108_L001_R1_001_trim",0.329822,0.334173,0.31115,0.367215,0.342164,0.387209,0.340974,0.0102553,0.344672428571429,0.0297537579159011
"3237069_NPK_EG_23_183_S120_L001_R1_001_trim",0.294308,0.286458,0.261825,0.325062,0.292567,0.33344,0.290398,0.00934007,0.297722571428571,0.0313717228599204
"3237070_NPK_EG_23_195_S132_L001_R1_001_trim",0.286645,0.296643,0.293392,0.332523,0.301377,0.354654,0.30464,0.00724829,0.309982,0.0233829383641631
"3237071_NPK_EG_23_208_S144_L001_R1_001_trim",0.202183,0.198858,0.185416,0.222536,0.20905,0.232575,0.204637,0.0073486,0.207893571428571,0.0353478943552848
"3237072_NPK_EG_23_225_S156_L001_R1_001_trim",0.273951,0.289938,0.26417,0.321929,0.286068,0.308747,0.292009,0.0112235,0.290973142857143,0.0385722884586304
"3237073_NPK_EG_23_241_S168_L001_R1_001_trim",0.338832,0.343915,0.312223,0.384564,0.35323,0.382903,0.354255,0.0101212,0.352846,0.02868446857836
"3237074_NPK_EG_23_258_S180_L001_R1_001_trim",0.255553,0.262304,0.244662,0.298002,0.264851,0.307945,0.265026,0.00894858,0.271191857142857,0.0329972296892606
"3237075_NPK_EG_23_160_S97_L001_R1_001_trim",0.275711,0.281504,0.260773,0.304258,0.276071,0.327612,0.276718,0.00944016,0.286092428571429,0.0329968886179142
"3237076_NPK_EG_23_172_S109_L001_R1_001_trim",0.276886,0.273743,0.255288,0.305869,0.283718,0.329818,0.27772,0.00956422,0.286148857142857,0.0334239321991251
"3237077_NPK_EG_23_184_S121_L001_R1_001_trim",0.287283,0.282835,0.266848,0.312355,0.292223,0.330786,0.287916,0.0101638,0.294320857142857,0.0345330606150916
"3237078_NPK_EG_23_196_S133_L001_R1_001_trim",0.136249,0.138394,0.121073,0.148092,0.143214,0.157443,0.138685,0.00488836,0.14045,0.0348049839800641
"3237079_NPK_EG_23_209_S145_L001_R1_001_trim",0.21214,0.209958,0.196265,0.238418,0.218293,0.240539,0.215833,0.00633192,0.218778,0.0289422153964293
"3237080_NPK_EG_23_226_S157_L001_R1_001_trim",0.205249,0.19196,0.175952,0.221428,0.206229,0.229899,0.196025,0.00724549,0.203820285714286,0.0355484243121742
"3237081_NPK_EG_23_242_S169_L001_R1_001_trim",0.408413,0.421027,0.388665,0.463491,0.401709,0.489214,0.425486,0.0150238,0.428286428571429,0.0350788607757492
"3237082_NPK_EG_23_261_S181_L001_R1_001_trim",0.193487,0.191974,0.174541,0.21208,0.198145,0.219172,0.196442,0.00685935,0.197977285714286,0.0346471564919785
"3237083_NPK_EG_23_161_S98_L001_R1_001_trim",0.200961,0.197796,0.172916,0.225178,0.209398,0.222312,0.198279,0.00593135,0.203834285714286,0.0290988828460094
"3237084_NPK_EG_23_173_S110_L001_R1_001_trim",0.280602,0.296558,0.280756,0.323727,0.283571,0.361547,0.314006,0.00982374,0.305823857142857,0.0321222160094957
"3237085_NPK_EG_23_185_S122_L001_R1_001_trim",0.312317,0.31075,0.297419,0.335579,0.320769,0.353533,0.29653,0.00789745,0.318128142857143,0.0248247449253378
"3237086_NPK_EG_23_197_S134_L001_R1_001_trim",0.214218,0.216055,0.200784,0.240302,0.217077,0.252304,0.219799,0.00753784,0.222934142857143,0.0338119585604717
"3237087_NPK_EG_23_210_S146_L001_R1_001_trim",0.310402,0.324826,0.306853,0.356601,0.322379,0.365969,0.331681,0.0100186,0.331244428571429,0.0302453388973443
"3237088_NPK_EG_23_228_S158_L001_R1_001_trim",0.294513,0.291439,0.276035,0.334268,0.296952,0.335274,0.30297,0.01198,0.304493,0.0393440900119215
"3237089_NPK_EG_23_244_S170_L001_R1_001_trim",0.270668,0.279677,0.234648,0.29512,0.26734,0.294626,0.258408,0.00657492,0.271498142857143,0.0242171822275027
"3237090_NPK_EG_23_263_S182_L001_R1_001_trim",0.377495,0.374681,0.356395,0.416252,0.389819,0.423558,0.372538,0.010775,0.387248285714286,0.0278245260146868
"3237091_NPK_EG_23_162_S99_L001_R1_001_trim",0.304884,0.300626,0.272528,0.337723,0.30728,0.33244,0.299949,0.00812857,0.307918571428571,0.0263984402184251
"3237092_NPK_EG_23_174_S111_L001_R1_001_trim",0.253336,0.261676,0.244059,0.285388,0.256771,0.299445,0.261804,0.00835528,0.266068428571429,0.031402748702133
"3237093_NPK_EG_23_186_S123_L001_R1_001_trim",0.314021,0.322767,0.323296,0.339036,0.319519,0.388303,0.342213,0.0115303,0.335593571428571,0.0343579287020226
"3237094_NPK_EG_23_198_S135_L001_R1_001_trim",0.294485,0.289444,0.277061,0.321524,0.300431,0.323791,0.286352,0.00770938,0.299012571428571,0.0257827955633017
"3237095_NPK_EG_23_211_S147_L001_R1_001_trim",0.20854,0.20666,0.193957,0.233645,0.209833,0.251174,0.2155,0.006503,0.217044142857143,0.0299616470382259
"3237096_NPK_EG_23_229_S159_L001_R1_001_trim",0.306436,0.30627,0.289763,0.337217,0.308589,0.33613,0.304304,0.00784926,0.312672714285714,0.0251037575118483
"3237097_NPK_EG_23_246_S171_L001_R1_001_trim",0.319812,0.323606,0.3104,0.365071,0.328382,0.369126,0.340913,0.00803012,0.336758571428571,0.0238453321794758
"3237098_NPK_EG_23_265_S183_L001_R1_001_trim",0.200646,0.200942,0.177497,0.218461,0.200628,0.230548,0.197153,0.00695385,0.203696428571429,0.0341383010432191
"3237099_NPK_EG_23_163_S100_L001_R1_001_trim",0.431617,0.420885,0.403507,0.470959,0.412376,0.485906,0.423547,0.012642,0.435542428571429,0.0290258747958621
"3237100_NPK_EG_23_175_S112_L001_R1_001_trim",0.254349,0.25592,0.221081,0.277695,0.258385,0.273339,0.257117,0.00808854,0.256840857142857,0.0314924194303755
"3237101_NPK_EG_23_187_S124_L001_R1_001_trim",0.315942,0.341597,0.316391,0.361831,0.322156,0.3575,0.344218,0.00905657,0.337090714285714,0.0268668628834544
"3237102_NPK_EG_23_199_S136_L001_R1_001_trim",0.0990112,0.101111,0.094515,0.121343,0.108541,0.119322,0.104546,0.00360727,0.106912742857143,0.0337403185401393
"3237103_NPK_EG_23_212_S148_L001_R1_001_trim",0.330853,0.323151,0.296046,0.360094,0.324599,0.367493,0.325319,0.00879123,0.332507857142857,0.0264391647028749
"3237104_NPK_EG_23_230_S160_L001_R1_001_trim",0.248798,0.239981,0.234769,0.285073,0.250906,0.285558,0.242693,0.00636846,0.255396857142857,0.0249355456885586
"3237105_NPK_EG_23_247_S172_L001_R1_001_trim",0.194138,0.192608,0.177936,0.212739,0.203273,0.216654,0.191429,0.00523727,0.198396714285714,0.0263979674202554
"3237106_NPK_EG_23_266_S184_L001_R1_001_trim",0.314117,0.324339,0.295786,0.361319,0.330541,0.377258,0.325622,0.00798054,0.332711714285714,0.0239863511182139
"3237107_NPK_EG_23_164_S101_L001_R1_001_trim",0.411061,0.402178,0.392692,0.438574,0.399722,0.448026,0.406477,0.154372,0.414104285714286,0.372785323227758
"3237108_NPK_EG_23_176_S113_L001_R1_001_trim",0.288954,0.276897,0.258198,0.306626,0.285905,0.327784,0.282944,0.0095712,0.289615428571429,0.0330479631116732
"3237109_NPK_EG_23_188_S125_L001_R1_001_trim",0.208742,0.188829,0.170918,0.21909,0.19017,0.217425,0.194861,0.00536389,0.198576428571429,0.0270117155323427
"3237110_NPK_EG_23_200_S137_L001_R1_001_trim",0.131476,0.134432,0.126676,0.146282,0.140011,0.151564,0.139447,0.00455738,0.138555428571429,0.0328921071298954
"3237111_NPK_EG_23_213_S149_L001_R1_001_trim",0.28606,0.291792,0.276074,0.325001,0.288472,0.337101,0.287936,0.00764979,0.298919428571429,0.0255914780667127
"3237112_NPK_EG_23_231_S161_L001_R1_001_trim",0.281332,0.282933,0.256996,0.299505,0.287826,0.311417,0.272641,0.00707092,0.284664285714286,0.0248395051815422
"3237114_NPK_EG_23_267_S185_L001_R1_001_trim",0.314384,0.32018,0.299575,0.356048,0.309208,0.36392,0.313858,0.00882615,0.325310428571429,0.0271314695897062
"3237115_NPK_EG_23_165_S102_L001_R1_001_trim",0.306684,0.30797,0.298682,0.327175,0.31023,0.362815,0.30548,0.00875562,0.317005142857143,0.02761980427537
"3237116_NPK_EG_23_177_S114_L001_R1_001_trim",0.376022,0.36338,0.346554,0.418655,0.372514,0.420323,0.38497,0.0111849,0.383202571428571,0.0291879565377208
"3237117_NPK_EG_23_189_S126_L001_R1_001_trim",0.240572,0.253895,0.232665,0.261723,0.233702,0.27825,0.239875,0.00923766,0.248668857142857,0.0371484395196825
"3237118_NPK_EG_23_201_S138_L001_R1_001_trim",0.17167,0.167063,0.152709,0.188786,0.173343,0.197806,0.170052,0.00546467,0.174489857142857,0.0313179808241003
"3237119_NPK_EG_23_215_S150_L001_R1_001_trim",0.271531,0.273,0.253089,0.305413,0.253429,0.31368,0.277209,0.00965918,0.278193,0.0347211468297189
"3237120_NPK_EG_23_234_S162_L001_R1_001_trim",0.424901,0.424525,0.406569,0.479582,0.427681,0.477326,0.44893,0.0109729,0.441359142857143,0.0248616125384122
"3237121_NPK_EG_23_251_S174_L001_R1_001_trim",0.151836,0.14402,0.124412,0.168,0.140037,0.165719,0.154842,0.00383421,0.149838,0.0255890361590518
"3237122_NPK_EG_23_268_S186_L001_R1_001_trim",0.319457,0.327519,0.305765,0.373208,0.349291,0.379453,0.333504,0.00989799,0.341171,0.0290118151894505
"3237123_NPK_EG_23_166_S103_L001_R1_001_trim",0.251493,0.235454,0.225422,0.274402,0.24927,0.276595,0.240394,0.00605354,0.250432857142857,0.0241723073763712
"3237124_NPK_EG_23_178_S115_L001_R1_001_trim",0.139391,0.140034,0.119101,0.150194,0.141808,0.153283,0.136584,0.00448616,0.140056428571429,0.0320310895098404
"3237125_NPK_EG_23_190_S127_L001_R1_001_trim",0.233599,0.22703,0.208612,0.261036,0.237498,0.264862,0.229472,0.00641502,0.237444142857143,0.0270169645913716
"3237126_NPK_EG_23_202_S139_L001_R1_001_trim",0.247606,0.240998,0.215727,0.270725,0.240515,0.274974,0.249759,0.00742797,0.248614857142857,0.029877417968355
"3237127_NPK_EG_23_216_S151_L001_R1_001_trim",0.215878,0.21153,0.20183,0.232213,0.203476,0.249521,0.2151,0.00761697,0.218506857142857,0.0348591806206801
"3237128_NPK_EG_23_235_S163_L001_R1_001_trim",0.349201,0.336134,0.326019,0.382178,0.352128,0.387775,0.356847,0.00981117,0.355754571428571,0.0275784790638169
"3237129_NPK_EG_23_252_S175_L001_R1_001_trim",0.297531,0.300169,0.276321,0.330738,0.291973,0.33566,0.301876,0.148015,0.304895428571429,0.485461525918957
"3237130_NPK_EG_23_269_S187_L001_R1_001_trim",0.318194,0.309983,0.29954,0.351675,0.312232,0.373323,0.327565,0.0077387,0.327501714285714,0.0236294946329616
"3237131_NPK_EG_23_167_S104_L001_R1_001_trim",0.453496,0.47482,0.459962,0.509089,0.440725,0.524159,0.482669,0.0113332,0.477845714285714,0.0237172787391029
"3237132_NPK_EG_23_179_S116_L001_R1_001_trim",0.290238,0.279466,0.273897,0.314433,0.284021,0.321083,0.296083,0.00710886,0.294174428571429,0.0241654586855903
"3237133_NPK_EG_23_191_S128_L001_R1_001_trim",0.191164,0.185279,0.165044,0.204881,0.18877,0.210082,0.186639,0.00573141,0.190265571428571,0.0301232112408295
"3237134_NPK_EG_23_204_S140_L001_R1_001_trim",0.309076,0.32423,0.294962,0.349408,0.321812,0.357729,0.323062,0.00799707,0.325754142857143,0.0245494038229532
"3237135_NPK_EG_23_217_S152_L001_R1_001_trim",0.179415,0.178076,0.16296,0.192275,0.175899,0.208027,0.178241,0.00493608,0.182127571428571,0.0271023215281596
"3237136_NPK_EG_23_236_S164_L001_R1_001_trim",0.149834,0.146145,0.133466,0.16384,0.152158,0.165748,0.143442,0.00461068,0.150661857142857,0.030602835299104
"3237137_NPK_EG_23_253_S176_L001_R1_001_trim",0.209949,0.20238,0.183499,0.227337,0.202064,0.241852,0.200107,0.00665173,0.209598285714286,0.0317356126140617
"3237138_NPK_EG_23_270_S188_L001_R1_001_trim",0.338696,0.346826,0.339184,0.372473,0.341704,0.393767,0.361916,0.00832269,0.356366571428571,0.0233542948953846
"3237139_NPK_EG_23_168_S105_L001_R1_001_trim",0.239182,0.233157,0.213013,0.262867,0.239944,0.306045,0.242325,0.00757927,0.248076142857143,0.0305521922128747
"3237140_NPK_EG_23_180_S117_L001_R1_001_trim",0.185964,0.18748,0.160762,0.200615,0.19074,0.219635,0.189022,0.00651976,0.190602571428571,0.0342060442896138
"3237141_NPK_EG_23_192_S129_L001_R1_001_trim",0.235883,0.23775,0.219347,0.268809,0.24401,0.266399,0.239437,0.00590807,0.244519285714286,0.0241619796276659
"3237142_NPK_EG_23_205_S141_L001_R1_001_trim",0.109712,0.106834,0.0971065,0.12124,0.109609,0.119156,0.109877,0.0034455,0.110504928571429,0.031179604788151
"3237143_NPK_EG_23_221_S153_L001_R1_001_trim",0.133472,0.130711,0.115086,0.144619,0.13519,0.157256,0.131161,0.00489255,0.135356428571429,0.0361456788690178
"3237144_NPK_EG_23_237_S165_L001_R1_001_trim",0.195757,0.193854,0.172793,0.219681,0.206812,0.226484,0.194065,0.00660145,0.201349428571429,0.0327860379184446
"3237145_NPK_EG_23_254_S177_L001_R1_001_trim",0.234772,0.234251,0.216928,0.26282,0.236618,0.261978,0.235649,0.00966733,0.240430857142857,0.0402083580904757
"3237146_NPK_EG_23_272_S189_L001_R1_001_trim",0.2671,0.270708,0.250575,0.288065,0.263389,0.308044,0.255713,0.00759579,0.271942,0.0279316545439836
"3237147_NPK_EG_23_169_S106_L001_R1_001_trim",0.279638,0.285881,0.272759,0.324963,0.291734,0.33164,0.297312,0.0105527,0.297703857142857,0.035446971031135
"3237148_NPK_EG_23_181_S118_L001_R1_001_trim",0.263297,0.274914,0.251335,0.306238,0.261961,0.306144,0.278756,0.00703974,0.277520714285714,0.0253665389198747
"3237149_NPK_EG_23_193_S130_L001_R1_001_trim",0.0954985,0.0964392,0.0867612,0.10781,0.0966222,0.106776,0.0959617,0.00353581,0.0979812571428571,0.0360865955704648
"3237150_NPK_EG_23_206_S142_L001_R1_001_trim",0.258344,0.257866,0.242307,0.292406,0.257391,0.290947,0.263669,0.0096508,0.266132857142857,0.0362630909373943
"3237151_NPK_EG_23_222_S154_L001_R1_001_trim",0.154054,0.147194,0.14416,0.167587,0.154049,0.17177,0.147854,0.00429925,0.155238285714286,0.0276945212337163
"3237152_LO_7_S166_L001_R1_001_trim",0.374825,0.351834,0.324127,0.405251,0.361968,0.399176,0.338979,0.000270696,0.365165714285714,0.000741296319479219
"3237155_NPK_EG_23_274_S191_L002_R1_001_trim",0.244884,0.2451,0.216603,0.276583,0.247011,0.27954,0.241431,0.00649532,0.250164571428571,0.0259641881458605
"3237156_NPK_EG_23_293_S203_L002_R1_001_trim",0.302177,0.31129,0.29219,0.342701,0.320982,0.352393,0.329262,0.00829034,0.321570714285714,0.0257807680603467
"3237157_NPK_EG_23_306_S215_L002_R1_001_trim",0.363779,0.369748,0.358664,0.388975,0.375239,0.423956,0.385052,0.00860642,0.380773285714286,0.0226024784902002
"3237158_NPK_EG_23_321_S227_L002_R1_001_trim",0.296046,0.325091,0.287546,0.345788,0.325197,0.366522,0.305335,0.00789907,0.321646428571429,0.0245582394155073
"3237159_NPK_EG_23_335_S239_L002_R1_001_trim",0.304129,0.315751,0.29393,0.334993,0.296488,0.363037,0.315733,0.0121869,0.317723,0.0383569965032434
"3237160_NPK_EG_23_351_S251_L002_R1_001_trim",0.299065,0.300597,0.280564,0.319737,0.299296,0.34904,0.301909,0.0104096,0.307172571428571,0.0338884424204542
"3237161_NPK_EG_23_365_S263_L002_R1_001_trim",0.275537,0.258855,0.24603,0.285851,0.262193,0.297453,0.26862,0.00789139,0.270648428571429,0.0291573464573704
"3237162_NPK_EG_23_379_S274_L002_R1_001_trim",0.282806,0.278556,0.25171,0.30888,0.278828,0.309276,0.278354,0.00967315,0.284058571428571,0.0340533642458044
"3237163_NPK_EG_23_275_S192_L002_R1_001_trim",0.204098,0.203951,0.177037,0.227643,0.20287,0.234034,0.200379,0.00676206,0.207144571428571,0.0326441574276627
"3237164_NPK_EG_23_294_S204_L002_R1_001_trim",0.272095,0.27504,0.253107,0.302364,0.27058,0.313325,0.278716,0.00864343,0.280746714285714,0.0307872881860467
"3237165_NPK_EG_23_307_S216_L002_R1_001_trim",0.277567,0.271152,0.253212,0.299239,0.275226,0.305226,0.273694,0.00689124,0.279330857142857,0.0246705289579792
"3237166_NPK_EG_23_322_S228_L002_R1_001_trim",0.298183,0.286728,0.253778,0.328069,0.287771,0.328201,0.286892,0.134262,0.295660285714286,0.454109011210743
"3237167_NPK_EG_23_337_S240_L002_R1_001_trim",0.231356,0.222708,0.197498,0.253619,0.235679,0.257447,0.229002,0.00617388,0.232472714285714,0.0265574393062412
"3237168_NPK_EG_23_352_S252_L002_R1_001_trim",0.29466,0.280293,0.270445,0.3189,0.271051,0.319954,0.290535,0.00831943,0.292262571428571,0.0284656018707249
"3237169_NPK_EG_23_366_S264_L002_R1_001_trim",0.294018,0.281124,0.261368,0.324373,0.285178,0.328262,0.29526,0.00826008,0.295654714285714,0.0279382658245647
"3237170_NPK_EG_23_380_S275_L002_R1_001_trim",0.32227,0.322119,0.304688,0.351718,0.308175,0.352011,0.321645,0.0123443,0.326089428571429,0.0378555663520875
"3237171_NPK_EG_23_276_S193_L002_R1_001_trim",0.204948,0.210185,0.19925,0.2325,0.214221,0.258779,0.196717,0.00705324,0.216657142857143,0.0325548463668733
"3237172_NPK_EG_23_295_S205_L002_R1_001_trim",0.26056,0.30369,0.279165,0.345107,0.307838,0.34362,0.307199,0.00891529,0.306739857142857,0.0290646611204748
"3237173_NPK_EG_23_308_S217_L002_R1_001_trim",0.178481,0.177489,0.152456,0.197735,0.179798,0.206947,0.17371,0.00580217,0.180945142857143,0.0320659063204633
"3237174_NPK_EG_23_324_S229_L002_R1_001_trim",0.277624,0.273122,0.259171,0.299731,0.269017,0.320274,0.274484,0.00919483,0.281917571428571,0.0326153135947032
"3237175_NPK_EG_23_338_S241_L002_R1_001_trim",0.25292,0.244323,0.228408,0.282239,0.258727,0.290043,0.247571,0.00665289,0.257747285714286,0.0258116782163703
"3237176_NPK_EG_23_354_S253_L002_R1_001_trim",0.33243,0.339892,0.306543,0.363392,0.326554,0.373229,0.317376,0.0109098,0.337059428571429,0.0323675858771832
"3237177_NPK_EG_23_368_S265_L002_R1_001_trim",0.285414,0.294895,0.280091,0.327515,0.285689,0.339239,0.291416,0.0100954,0.300608428571429,0.0335832233579612
"3237178_NPK_EG_23_381_S276_L002_R1_001_trim",0.257103,0.256149,0.242436,0.268945,0.259986,0.291216,0.248785,0.00670363,0.26066,0.0257179083864037
"3237179_NPK_EG_23_281_S194_L002_R1_001_trim",0.257898,0.251929,0.236135,0.282543,0.262271,0.296274,0.260517,0.00668664,0.263938142857143,0.0253341177884212
"3237180_NPK_EG_23_296_S206_L002_R1_001_trim",0.277039,0.286482,0.268596,0.307332,0.293771,0.314945,0.274558,0.00810902,0.288960428571429,0.028062735233643
"3237181_NPK_EG_23_309_S218_L002_R1_001_trim",0.237467,0.243703,0.220449,0.274457,0.250735,0.279235,0.241895,0.00753295,0.249705857142857,0.0301672939761697
"3237182_NPK_EG_23_325_S230_L002_R1_001_trim",0.279809,0.265594,0.256938,0.300453,0.287256,0.324709,0.271604,0.0091946,0.283766142857143,0.0324020332638093
"3237183_NPK_EG_23_339_S242_L002_R1_001_trim",0.355298,0.3522,0.356914,0.409472,0.359934,0.410642,0.370957,0.013552,0.373631,0.036271080290447
"3237184_NPK_EG_23_355_S254_L002_R1_001_trim",0.286959,0.282354,0.269791,0.309676,0.287929,0.326224,0.28711,0.00831967,0.292863285714286,0.0284080333924703
"3237185_NPK_EG_23_369_S266_L002_R1_001_trim",0.477085,0.493356,0.50104,0.563789,0.500545,0.484369,0.497636,0.0133712,0.502545714285714,0.0266069327026397
"3237186_NPK_EG_23_383_S277_L002_R1_001_trim",0.42816,0.444184,0.421995,0.482889,0.441915,0.4953,0.442185,0.0107969,0.450946857142857,0.0239427325614548
"3237187_NPK_EG_23_282_S195_L002_R1_001_trim",0.268467,0.268653,0.239559,0.299452,0.266146,0.305817,0.254135,0.117605,0.271747,0.432773866868815
"3237188_NPK_EG_23_297_S207_L002_R1_001_trim",0.221114,0.226877,0.200226,0.247363,0.219076,0.26126,0.223637,0.0065009,0.228507571428571,0.0284493855470872
"3237189_NPK_EG_23_310_S219_L002_R1_001_trim",0.223003,0.214745,0.204347,0.256041,0.220629,0.243644,0.221173,0.00730531,0.226226,0.0322920884425309
"3237190_NPK_EG_23_326_S231_L002_R1_001_trim",0.267179,0.262323,0.202908,0.289781,0.262732,0.296562,0.271485,0.00870209,0.26471,0.0328740508480979
"3237191_NPK_EG_23_340_S243_L002_R1_001_trim",0.240435,0.233583,0.21821,0.268981,0.253754,0.273068,0.244124,0.0068,0.247450714285714,0.0274802197262947
"3237192_NPK_EG_23_356_S255_L002_R1_001_trim",0.335081,0.290128,0.320481,0.369808,0.338717,0.338907,0.298697,0.0101827,0.327402714285714,0.0311014526016234
"3237193_NPK_EG_23_370_S267_L002_R1_001_trim",0.231536,0.24032,0.218503,0.252541,0.242497,0.247807,0.241995,0.00665871,0.239314142857143,0.0278241391022798
"3237194_NPK_EG_23_384_S278_L002_R1_001_trim",0.333971,0.322174,0.31751,0.376349,0.351169,0.381732,0.3343,0.00834131,0.345315,0.0241556549816834
"3237195_NPK_EG_23_284_S196_L002_R1_001_trim",0.367196,0.33946,0.339618,0.41257,0.372412,0.417724,0.368854,0.0101864,0.373976285714286,0.0272380907269139
"3237196_NPK_EG_23_298_S208_L002_R1_001_trim",0.299869,0.309081,0.290384,0.332559,0.301966,0.353301,0.313429,0.011659,0.314369857142857,0.0370868890101696
"3237197_NPK_EG_23_311_S220_L002_R1_001_trim",0.288583,0.292679,0.257958,0.322943,0.292338,0.333364,0.296344,0.00889015,0.297744142857143,0.0298583539366733
"3237198_NPK_EG_23_327_S232_L002_R1_001_trim",0.319257,0.314191,0.299401,0.361611,0.316831,0.360816,0.351226,0.00743496,0.331904714285714,0.022400887001562
"3237199_NPK_EG_23_342_S244_L002_R1_001_trim",0.421357,0.420608,0.408947,0.470989,0.380676,0.453007,0.415863,0.00997294,0.424492428571429,0.0234937994855705
"3237200_NPK_EG_23_357_S256_L002_R1_001_trim",0.287118,0.277994,0.271628,0.30806,0.278884,0.319779,0.283665,0.00623509,0.289589714285714,0.02153077161383
"3237201_NPK_EG_23_371_S268_L002_R1_001_trim",0.231598,0.232921,0.220962,0.262748,0.2388,0.259705,0.237991,0.00607333,0.240675,0.0252345694401163
"3237202_NPK_EG_23_385_S279_L002_R1_001_trim",0.271933,0.265556,0.249543,0.31067,0.283287,0.318183,0.276177,0.00721035,0.282192714285714,0.0255511557704487
"3237203_NPK_EG_23_285_S197_L002_R1_001_trim",0.291758,0.301257,0.268751,0.324206,0.289716,0.335599,0.287548,0.0118881,0.299833571428571,0.0396489957524055
"3237204_NPK_EG_23_300_S209_L002_R1_001_trim",0.284355,0.268785,0.259578,0.300498,0.277197,0.320295,0.279599,0.0071091,0.284329571428571,0.0250030271711851
"3237205_NPK_EG_23_312_S221_L002_R1_001_trim",0.316025,0.306474,0.294328,0.35619,0.291756,0.360902,0.318248,0.00763187,0.320560428571429,0.0238078980428473
"3237206_NPK_EG_23_329_S233_L002_R1_001_trim",0.304255,0.303889,0.300593,0.359449,0.321255,0.361312,0.316679,0.00794004,0.323918857142857,0.0245124352130516
"3237207_NPK_EG_23_343_S245_L002_R1_001_trim",0.278201,0.285769,0.263439,0.315736,0.281753,0.315841,0.276755,0.0123021,0.288213428571429,0.0426839931122472
"3237208_NPK_EG_23_359_S257_L002_R1_001_trim",0.278306,0.285022,0.237505,0.311314,0.266374,0.322141,0.277818,0.00919204,0.28264,0.0325220775544863
"3237209_NPK_EG_23_372_S269_L002_R1_001_trim",0.377661,0.377751,0.365986,0.423777,0.346439,0.409257,0.376083,0.00926489,0.382422,0.0242268750228805
"3237210_NPK_EG_23_388_S280_L002_R1_001_trim",0.317463,0.315446,0.300219,0.368122,0.29964,0.368038,0.311659,0.00860922,0.325798142857143,0.0264250125077447
"3237211_NPK_EG_23_287_S198_L002_R1_001_trim",0.202042,0.18687,0.175189,0.215426,0.19583,0.215649,0.188418,0.0812701,0.197060571428571,0.412411774769759
"3237212_NPK_EG_23_301_S210_L002_R1_001_trim",0.270672,0.255534,0.248054,0.274917,0.269475,0.296809,0.261847,0.00673529,0.268186857142857,0.0251141687991528
"3237213_NPK_EG_23_313_S222_L002_R1_001_trim",0.274131,0.259141,0.247446,0.290068,0.27856,0.307873,0.272188,0.00787417,0.275629571428571,0.0285679434147383
"3237214_NPK_EG_23_330_S234_L002_R1_001_trim",0.241894,0.223556,0.205266,0.261863,0.236925,0.263548,0.232917,0.0069073,0.237995571428571,0.0290228089478256
"3237215_NPK_EG_23_345_S246_L002_R1_001_trim",0.287548,0.285521,0.25408,0.312438,0.28439,0.32659,0.291654,0.00818304,0.291745857142857,0.0280485216830108
"3237216_NPK_EG_23_360_S258_L002_R1_001_trim",0.300594,0.315726,0.291259,0.345495,0.309903,0.358032,0.319232,0.0112643,0.320034428571429,0.0351971506637009
"3237217_NPK_EG_23_374_S270_L002_R1_001_trim",0.364024,0.355565,0.343,0.379309,0.342336,0.400651,0.345922,0.0103465,0.361543857142857,0.0286175516347157
"3237218_NPK_EG_23_390_S281_L002_R1_001_trim",0.301704,0.302356,0.283835,0.337934,0.299149,0.340052,0.307379,0.0115964,0.310344142857143,0.0373662602207964
"3237219_NPK_EG_23_289_S199_L002_R1_001_trim",0.260967,0.254676,0.236856,0.293768,0.244613,0.289654,0.265804,0.00681326,0.263762571428571,0.0258310341876731
"3237220_NPK_EG_23_302_S211_L002_R1_001_trim",0.279769,0.296474,0.284132,0.386091,0.313837,0.362569,0.311887,0.00943993,0.319251285714286,0.0295689647071563
"3237221_NPK_EG_23_317_S223_L002_R1_001_trim",0.302093,0.296245,0.272807,0.342102,0.304776,0.343788,0.305126,0.00843418,0.309562428571429,0.027245489831961
"3237222_NPK_EG_23_331_S235_L002_R1_001_trim",0.287285,0.290174,0.270445,0.3299,0.2945,0.348949,0.293527,0.00746801,0.302111428571429,0.0247193892508913
"3237223_NPK_EG_23_347_S247_L002_R1_001_trim",0.267997,0.277509,0.255217,0.31236,0.283351,0.326535,0.279078,0.00748663,0.286006714285714,0.0261764134408433
"3237224_NPK_EG_23_361_S259_L002_R1_001_trim",0.319804,0.328457,0.310832,0.356089,0.316061,0.373417,0.347132,0.00857454,0.335970285714286,0.0255217213086872
"3237225_NPK_EG_23_375_S271_L002_R1_001_trim",0.300499,0.291716,0.274848,0.32622,0.305696,0.329581,0.296155,0.010468,0.303530714285714,0.034487448904912
"3237226_NPK_EG_23_391_S282_L002_R1_001_trim",0.256305,0.264547,0.243232,0.291215,0.263367,0.287266,0.264944,0.00770146,0.267268,0.0288154960563928
"3237228_NPK_EG_23_303_S212_L002_R1_001_trim",0.283523,0.28312,0.25434,0.309665,0.2702,0.321088,0.284214,0.0110152,0.286592857142857,0.0384350123370635
"3237229_NPK_EG_23_318_S224_L002_R1_001_trim",0.270925,0.267541,0.240278,0.290892,0.269822,0.29686,0.266471,0.00831315,0.271827,0.0305825028418811
"3237230_NPK_EG_23_332_S236_L002_R1_001_trim",0.313553,0.318052,0.318405,0.343218,0.325299,0.350848,0.301574,0.00906845,0.324421285714286,0.027952697308482
"3237231_NPK_EG_23_348_S248_L002_R1_001_trim",0.281018,0.284786,0.2576,0.323945,0.289683,0.323816,0.287329,0.00846304,0.292596714285714,0.0289239064787858
"3237232_NPK_EG_23_362_S260_L002_R1_001_trim",0.279556,0.271785,0.274524,0.310282,0.271881,0.315921,0.288508,0.00773312,0.287493857142857,0.0268983834188755
"3237233_NPK_EG_23_376_S272_L002_R1_001_trim",0.265899,0.259235,0.232019,0.290169,0.272722,0.299339,0.26394,0.00834015,0.269046142857143,0.0309989576933962
"3237234_NPK_EG_23_392_S283_L002_R1_001_trim",0.289729,0.298919,0.269997,0.322528,0.294418,0.324823,0.289832,0.00900327,0.298606571428571,0.0301509439558789
"3237235_NPK_EG_23_291_S201_L002_R1_001_trim",0.278268,0.286077,0.26251,0.307686,0.280209,0.327582,0.281975,0.00763955,0.289186714285714,0.0264173615958449
"3237236_NPK_EG_23_304_S213_L002_R1_001_trim",0.260681,0.272622,0.246191,0.286982,0.256561,0.302776,0.265456,0.0104808,0.270181285714286,0.0387917319006445
"3237237_NPK_EG_23_319_S225_L002_R1_001_trim",0.323898,0.334542,0.309813,0.357673,0.32656,0.361264,0.326839,0.0128114,0.334369857142857,0.0383150565947289
"3237238_NPK_EG_23_333_S237_L002_R1_001_trim",0.302417,0.292619,0.29283,0.337489,0.30423,0.338178,0.294945,0.00793864,0.308958285714286,0.0256948603325091
"3237239_NPK_EG_23_349_S249_L002_R1_001_trim",0.290694,0.285107,0.251102,0.30768,0.282142,0.319422,0.265385,0.00848888,0.285933142857143,0.0296883387325309
"3237240_NPK_EG_23_363_S261_L002_R1_001_trim",0.392784,0.395118,0.370254,0.414713,0.389642,0.457935,0.394563,0.0117917,0.402144142857143,0.0293220732153965
"3237241_NPK_EG_23_377_S273_L002_R1_001_trim",0.305037,0.316265,0.30582,0.361071,0.324107,0.368681,0.331326,0.00928468,0.330329571428571,0.0281073231192917
"3237242_NPK_EG_23_393_S284_L002_R1_001_trim",0.282974,0.293002,0.266416,0.301514,0.290077,0.311841,0.286971,0.00832316,0.290399285714286,0.0286610897803271
"3237243_NPK_EG_23_292_S202_L002_R1_001_trim",0.265847,0.272135,0.24687,0.298375,0.276532,0.301662,0.27445,0.00842138,0.276553,0.030451233579097
"3237244_NPK_EG_23_305_S214_L002_R1_001_trim",0.278468,0.276833,0.240806,0.297144,0.267938,0.318947,0.292239,0.00920251,0.281767857142857,0.0326598998669117
"3237245_NPK_EG_23_320_S226_L002_R1_001_trim",0.207349,0.20955,0.191134,0.238344,0.213684,0.232936,0.20939,0.00574491,0.214626714285714,0.0267669848048472
"3237246_NPK_EG_23_334_S238_L002_R1_001_trim",0.315372,0.282797,0.296047,0.33024,0.309533,0.359137,0.327643,0.0118424,0.317252714285714,0.0373279706263911
"3237247_NPK_EG_23_350_S250_L002_R1_001_trim",0.238263,0.247418,0.232347,0.278637,0.252614,0.291516,0.251081,0.0100018,0.255982285714286,0.039072234909112
"3237248_LO7_S262_L002_R1_001_trim",0.354327,0.333902,0.306676,0.387515,0.346527,0.384298,0.323626,0.000249283,0.348124428571429,0.000716074424949043
"3237251_NPK_EG_23_397_S285_L002_R1_001_trim",0.314805,0.318966,0.287838,0.353089,0.320541,0.371241,0.314712,0.00993221,0.325884571428571,0.0304776932410775
"3237252_NPK_EG_23_410_S297_L002_R1_001_trim",0.23772,0.227891,0.229249,0.270913,0.240018,0.272253,0.232349,0.0063254,0.244341857142857,0.0258875007089014
"3237254_NPK_EG_23_441_S321_L002_R1_001_trim",0.237079,0.237852,0.220418,0.261109,0.241341,0.265589,0.238914,0.00821912,0.243186,0.0337976692737246
"3237255_NPK_EG_23_458_S333_L002_R1_001_trim",0.211005,0.208055,0.185341,0.229942,0.213139,0.233387,0.207602,0.00760906,0.212638714285714,0.0357839823550476
"3237256_NPK_EG_23_470_S345_L002_R1_001_trim",0.210851,0.207496,0.191298,0.230631,0.219743,0.236303,0.211769,0.00705091,0.215441571428571,0.0327277133806912
"3237257_NF_EG_23_91_S357_L002_R1_001_trim",0.336354,0.337772,0.330501,0.387316,0.346344,0.391415,0.34657,0.00932052,0.353753142857143,0.0263475256353099
"3237258_NF_EG_23_480_S369_L002_R1_001_trim",0.324534,0.347506,0.31485,0.374015,0.327352,0.36433,0.330605,0.00964568,0.340456,0.0283316493173861
"3237259_NPK_EG_23_398_S286_L002_R1_001_trim",0.230029,0.206758,0.205466,0.254209,0.232673,0.261956,0.225191,0.00641502,0.230897428571429,0.0277829858898385
"3237260_NPK_EG_23_411_S298_L002_R1_001_trim",0.281859,0.275523,0.265738,0.309962,0.272759,0.329834,0.284545,0.00719871,0.288602857142857,0.0249433081545574
"3237261_NPK_EG_23_425_S310_L002_R1_001_trim",0.230786,0.228169,0.207956,0.270655,0.239002,0.271801,0.231187,0.00871163,0.239936571428571,0.0363080540333279
"3237262_NPK_EG_23_443_S322_L002_R1_001_trim",0.26538,0.26807,0.247747,0.291839,0.257459,0.30575,0.257957,0.00945762,0.270600285714286,0.0349505174210565
"3237263_NPK_EG_23_459_S334_L002_R1_001_trim",0.284786,0.276151,0.267946,0.310874,0.279476,0.309938,0.276536,0.00779108,0.286529571428571,0.0271911899395076
"3237264_NPK_EG_23_471_S346_L002_R1_001_trim",0.265639,0.25509,0.241998,0.292773,0.262473,0.306966,0.270585,0.00758671,0.270789142857143,0.0280170390878723
"3237265_NF_EG_23_446_S358_L002_R1_001_trim",0.318961,0.312516,0.292952,0.335684,0.316217,0.368511,0.318893,0.00966407,0.323390571428571,0.0298835861457221
"3237266_NPK_EG_23_25_S370_L002_R1_001_trim",0.285893,0.284719,0.287324,0.332952,0.299269,0.338841,0.293506,0.129731,0.303214857142857,0.427851726074486
"3237267_NPK_EG_23_399_S287_L002_R1_001_trim",0.293751,0.292541,0.272507,0.323732,0.289558,0.29131,0.297003,0.00829569,0.294343142857143,0.0281837379307533
"3237268_NPK_EG_23_412_S299_L002_R1_001_trim",0.244176,0.234673,0.217771,0.260807,0.246325,0.263752,0.24259,0.00605471,0.244299142857143,0.024784000177768
"3237269_NPK_EG_23_427_S311_L002_R1_001_trim",0.24888,0.246091,0.220866,0.272893,0.251818,0.281068,0.249464,0.00716054,0.253011428571429,0.0283012512139486
"3237270_NPK_EG_23_445_S323_L002_R1_001_trim",0.249171,0.257709,0.23069,0.279646,0.259748,0.289244,0.25775,0.00686098,0.260565428571429,0.0263311216595996
"3237271_NPK_EG_23_460_S335_L002_R1_001_trim",0.300098,0.293377,0.266987,0.321066,0.290586,0.324133,0.292631,0.00802546,0.298411142857143,0.0268939689153699
"3237272_NPK_EG_23_472_S347_L002_R1_001_trim",0.282921,0.273256,0.270615,0.292851,0.275882,0.3269,0.285111,0.0103677,0.286790857142857,0.0361507340341593
"3237273_NF_EG_23_116_S359_L002_R1_001_trim",0.278146,0.281251,0.26526,0.309186,0.277391,0.313763,0.273235,0.00985842,0.285461714285714,0.0345349989390621
"3237274_NPK_EG_23_43_S371_L002_R1_001_trim",0.35003,0.340423,0.328201,0.389703,0.362901,0.399178,0.345938,0.00840299,0.359482,0.0233752733099293
"3237275_NPK_EG_23_400_S288_L002_R1_001_trim",0.259228,0.268168,0.244862,0.29387,0.255392,0.305803,0.267406,0.0101468,0.270675571428571,0.0374869440431851
"3237276_NPK_EG_23_413_S300_L002_R1_001_trim",0.271684,0.269168,0.250994,0.30924,0.273779,0.312664,0.278501,0.00776757,0.280861428571429,0.0276562361713707
"3237277_NPK_EG_23_429_S312_L002_R1_001_trim",0.315584,0.324986,0.30696,0.347319,0.305946,0.350121,0.312846,0.0120496,0.323394571428571,0.0372597472702519
"3237278_NPK_EG_23_446_S324_L002_R1_001_trim",0.2827,0.285386,0.261232,0.307593,0.283335,0.328261,0.287212,0.00760277,0.290817,0.0261427977043983
"3237279_NPK_EG_23_461_S336_L002_R1_001_trim",0.331988,0.319974,0.303307,0.350946,0.318164,0.37656,0.321651,0.00991871,0.331798571428571,0.0298937694556508
"3237280_NPK_EG_23_473_S348_L002_R1_001_trim",0.276357,0.276894,0.269123,0.321666,0.287858,0.320935,0.270119,0.0103544,0.288993142857143,0.0358292238273573
"3237281_NF_EG_23_132_S360_L002_R1_001_trim",0.341764,0.350934,0.345281,0.39847,0.349051,0.339745,0.359022,0.00893601,0.354895285714286,0.0251792862844453
"3237282_NPK_EG_23_130_S372_L002_R1_001_trim",0.383543,0.381915,0.36578,0.413772,0.374931,0.445476,0.379278,0.0130926,0.392099285714286,0.0333910325190959
"3237283_NPK_EG_23_401_S289_L002_R1_001_trim",0.271251,0.273611,0.245056,0.306799,0.2682,0.320152,0.274603,0.00773894,0.279953142857143,0.0276436975167273
"3237284_NPK_EG_23_415_S301_L002_R1_001_trim",0.301001,0.28632,0.28181,0.321209,0.287227,0.335989,0.292806,0.0089772,0.300908857142857,0.0298336183429059
"3237285_NPK_EG_23_430_S313_L002_R1_001_trim",0.268534,0.263873,0.249723,0.297926,0.258313,0.29086,0.260093,0.0076072,0.269903142857143,0.0281849255976483
"3237286_NPK_EG_23_447_S325_L002_R1_001_trim",0.286252,0.269871,0.254948,0.309247,0.283136,0.309701,0.280865,0.00684725,0.28486,0.0240372463666362
"3237287_NPK_EG_23_462_S337_L002_R1_001_trim",0.314885,0.330459,0.307456,0.360239,0.310948,0.38257,0.326515,0.0102827,0.333296,0.0308515553742019
"3237288_NPK_EG_23_474_S349_L002_R1_001_trim",0.258598,0.256956,0.243685,0.273828,0.268015,0.293918,0.264201,0.0071901,0.265600142857143,0.0270711450779125
"3237289_NF_EG_23_167_S361_L002_R1_001_trim",0.328768,0.340972,0.327089,0.377782,0.335131,0.391347,0.338735,0.00920647,0.348546285714286,0.0264139093639541
"3237290_NPK_EG_23_144_S373_L002_R1_001_trim",0.206589,0.199979,0.171346,0.223855,0.20229,0.233529,0.204483,0.00527567,0.206010142857143,0.0256087876394435
"3237291_NPK_EG_23_402_S290_L002_R1_001_trim",0.307461,0.319362,0.289887,0.350815,0.30705,0.36151,0.31642,0.0100058,0.321786428571429,0.0310945369710611
"3237292_NPK_EG_23_416_S302_L002_R1_001_trim",0.287532,0.290978,0.280708,0.327379,0.289104,0.334335,0.294812,0.00768633,0.300692571428571,0.0255620880937721
"3237293_NPK_EG_23_431_S314_L002_R1_001_trim",0.27645,0.280916,0.260744,0.304082,0.276334,0.309571,0.271597,0.00912663,0.282813428571429,0.0322708509496922
"3237294_NPK_EG_23_448_S326_L002_R1_001_trim",0.278359,0.277573,0.257082,0.305047,0.265747,0.323596,0.289581,0.00936893,0.285283571428571,0.0328407624493925
"3237295_NPK_EG_23_463_S338_L002_R1_001_trim",0.283599,0.28279,0.264291,0.317072,0.269256,0.330846,0.290016,0.0104545,0.291124285714286,0.0359107793922085
"3237296_NPK_EG_23_475_S350_L002_R1_001_trim",0.276904,0.267456,0.250894,0.285898,0.271923,0.30807,0.277144,0.00785345,0.276898428571429,0.0283622050168989
"3237297_NF_EG_23_294_S362_L002_R1_001_trim",0.337551,0.334913,0.314664,0.389176,0.338691,0.381115,0.36501,0.00896045,0.351588571428571,0.0254856122415811
"3237298_NPK_EG_23_157_S374_L002_R1_001_trim",0.273932,0.252456,0.240707,0.292756,0.26694,0.299084,0.246496,0.00889085,0.267481571428571,0.0332391123340406
"3237299_NPK_EG_23_403_S291_L002_R1_001_trim",0.243339,0.242616,0.216444,0.247309,0.242235,0.262177,0.244198,0.10692,0.242616857142857,0.440694852200825
"3237300_NPK_EG_23_417_S303_L002_R1_001_trim",0.260482,0.256329,0.238817,0.277872,0.259441,0.289916,0.254993,0.00978091,0.26255,0.037253513616454
"3237301_NPK_EG_23_432_S315_L002_R1_001_trim",0.298423,0.30753,0.274342,0.338879,0.289581,0.349403,0.299908,0.0121038,0.308295142857143,0.0392604304038894
"3237302_NPK_EG_23_449_S327_L002_R1_001_trim",0.319561,0.300577,0.282957,0.327764,0.287964,0.362501,0.315623,0.0106126,0.313849571428571,0.0338142886469268
"3237303_NPK_EG_23_464_S339_L002_R1_001_trim",0.289895,0.284045,0.270552,0.324807,0.29349,0.330373,0.283324,0.0070416,0.296640857142857,0.0237377954871836
"3237304_NPK_EG_23_476_S351_L002_R1_001_trim",0.268486,0.262381,0.247671,0.30499,0.268523,0.306855,0.262006,0.00658609,0.274416,0.0240003862748528
"3237305_NF_EG_23_307_S363_L002_R1_001_trim",0.258974,0.243916,0.223174,0.270103,0.254282,0.286814,0.249085,0.00805712,0.255192571428571,0.031572705878138
"3237306_NPK_EG_23_238_S375_L002_R1_001_trim",0.282488,0.285564,0.262411,0.310727,0.283444,0.313247,0.277031,0.00808598,0.287844571428571,0.0280914799256742
"3237307_NPK_EG_23_404_S292_L002_R1_001_trim",0.288428,0.295621,0.271185,0.332109,0.297449,0.347479,0.306696,0.0095868,0.305566714285714,0.0313738360619869
"3237308_NPK_EG_23_418_S304_L002_R1_001_trim",0.357873,0.361139,0.344406,0.41074,0.353731,0.424317,0.379832,0.0109682,0.376005428571429,0.0291703235287636
"3237309_NPK_EG_23_433_S316_L002_R1_001_trim",0.244529,0.241465,0.225587,0.276938,0.251466,0.276868,0.246577,0.00614967,0.251918571428571,0.0244113403991086
"3237310_NPK_EG_23_452_S328_L002_R1_001_trim",0.280866,0.281737,0.278497,0.314631,0.283603,0.340303,0.276215,0.00766073,0.293693142857143,0.0260841295968776
"3237311_NPK_EG_23_465_S340_L002_R1_001_trim",0.209598,0.210772,0.192331,0.23411,0.213461,0.241294,0.209427,0.00554218,0.215856142857143,0.0256753406534643
"3237312_NPK_EG_23_477_S352_L002_R1_001_trim",0.280774,0.277327,0.258222,0.326207,0.280262,0.330446,0.292296,0.00871675,0.292219142857143,0.0298294968453225
"3237313_NF_EG_23_381_S364_L002_R1_001_trim",0.294549,0.292859,0.265282,0.328908,0.304635,0.336978,0.306158,0.00794935,0.304195571428571,0.0261323659732062
"3237314_NPK_EG_23_255_S376_L002_R1_001_trim",0.248416,0.253295,0.235976,0.275954,0.247785,0.281828,0.242733,0.00709117,0.255141,0.0277931418313795
"3237315_NPK_EG_23_405_S293_L002_R1_001_trim",0.28646,0.286659,0.269306,0.319935,0.280693,0.336087,0.280238,0.00929655,0.294196857142857,0.0315997597332787
"3237316_NPK_EG_23_419_S305_L002_R1_001_trim",0.279428,0.27293,0.250645,0.309179,0.280468,0.316804,0.272309,0.00898489,0.283109,0.0317365043145926
"3237317_NPK_EG_23_434_S317_L002_R1_001_trim",0.265108,0.262243,0.241785,0.291386,0.25045,0.31222,0.25683,0.00925395,0.268574571428571,0.0344557936024153
"3237318_NPK_EG_23_453_S329_L002_R1_001_trim",0.274122,0.261134,0.25063,0.316525,0.270695,0.311841,0.274977,0.00711887,0.279989142857143,0.025425521601858
"3237319_NPK_EG_23_466_S341_L002_R1_001_trim",0.292267,0.278423,0.260266,0.316043,0.285214,0.331512,0.293918,0.00965918,0.293949,0.0328600539549378
"3237320_NPK_EG_23_480_S353_L002_R1_001_trim",0.34027,0.341493,0.353248,0.385842,0.344175,0.395208,0.32694,0.00977323,0.355310857142857,0.027506139493144
"3237321_NF_EG_23_394_S365_L002_R1_001_trim",0.341627,0.340869,0.332533,0.379078,0.338209,0.384784,0.315802,0.0102674,0.347557428571429,0.0295415927152018
"3237322_NPK_EG_23_273_S377_L002_R1_001_trim",0.26488,0.253881,0.242023,0.295937,0.26006,0.288994,0.258265,0.00722757,0.266291428571429,0.0271415795798373
"3237323_NPK_EG_23_407_S294_L002_R1_001_trim",0.218494,0.217223,0.185515,0.245378,0.218468,0.243967,0.223492,0.00578564,0.221791,0.0260859998827725
"3237324_NPK_EG_23_420_S306_L002_R1_001_trim",0.252722,0.244629,0.212583,0.270583,0.266248,0.289215,0.256148,0.00662682,0.256018285714286,0.025884166755946
"3237325_NPK_EG_23_436_S318_L002_R1_001_trim",0.256133,0.24995,0.230268,0.276471,0.257139,0.294315,0.255549,0.102353,0.259975,0.393703240696221
"3237326_NPK_EG_23_455_S330_L002_R1_001_trim",0.321299,0.336082,0.30531,0.362108,0.327231,0.37715,0.349226,0.00697712,0.339772285714286,0.0205346942448009
"3237327_NPK_EG_23_467_S342_L002_R1_001_trim",0.308324,0.308099,0.283286,0.338236,0.293923,0.357856,0.306469,0.00940687,0.313741857142857,0.029982833931262
"3237328_NPK_EG_23_394_S354_L002_R1_001_trim",0.332099,0.340005,0.333598,0.374189,0.340366,0.392066,0.348044,0.0092081,0.351481,0.0261980021679693
"3237329_NF_EG_23_397_S366_L002_R1_001_trim",0.345628,0.334677,0.308041,0.372959,0.33626,0.401478,0.310179,0.00921299,0.344174571428571,0.0267683633969804
"3237330_NPK_EG_23_364_S378_L002_R1_001_trim",0.243257,0.240896,0.226428,0.279132,0.245841,0.280517,0.257827,0.00726854,0.253414,0.0286824721601806
"3237331_NPK_EG_23_408_S295_L002_R1_001_trim",0.251774,0.251384,0.236374,0.279361,0.261713,0.288995,0.256386,0.00903865,0.260855285714286,0.0346500550113445
"3237332_NPK_EG_23_421_S307_L002_R1_001_trim",0.298234,0.294662,0.27724,0.328482,0.293447,0.3399,0.29694,0.0103952,0.304129285714286,0.0341802006195673
"3237333_NPK_EG_23_437_S319_L002_R1_001_trim",0.277351,0.266578,0.261165,0.315655,0.284927,0.318363,0.279797,0.00818723,0.286262285714286,0.0286004493381694
"3237334_NPK_EG_23_456_S331_L002_R1_001_trim",0.314266,0.310442,0.293308,0.374186,0.333161,0.370866,0.319466,0.00929864,0.330813571428571,0.0281083994222037
"3237335_NPK_EG_23_468_S343_L002_R1_001_trim",0.303234,0.301455,0.294771,0.344589,0.306648,0.348718,0.310507,0.0126082,0.315703142857143,0.0399368846502275
"3237336_NF_EG_23_46_S355_L002_R1_001_trim",0.228953,0.228149,0.21455,0.263807,0.234727,0.273561,0.232389,0.00767796,0.239448,0.0320652500751729
"3237337_NF_EG_23_407_S367_L002_R1_001_trim",0.290213,0.296811,0.237155,0.339156,0.315326,0.355015,0.310115,0.00901538,0.306255857142857,0.0294374125089619
"3237338_NPK_EG_23_378_S379_L002_R1_001_trim",0.317509,0.31295,0.313897,0.376299,0.335679,0.361595,0.329161,0.00977719,0.335298571428571,0.0291596530171404
"3237339_NPK_EG_23_409_S296_L002_R1_001_trim",0.29832,0.301216,0.287992,0.335789,0.301308,0.340804,0.3047,0.0077543,0.310018428571429,0.0250123840564317
"3237340_NPK_EG_23_423_S308_L002_R1_001_trim",0.260449,0.258254,0.237115,0.285004,0.255553,0.290421,0.257465,0.00949695,0.263465857142857,0.0360462266457947
"3237341_NPK_EG_23_440_S320_L002_R1_001_trim",0.324392,0.312209,0.295961,0.342461,0.307319,0.358784,0.313229,0.0107534,0.322050714285714,0.0333903932610436
"3237342_NPK_EG_23_457_S332_L002_R1_001_trim",0.299698,0.28168,0.286315,0.326429,0.297637,0.333689,0.29667,0.00771287,0.303159714285714,0.0254416059804403
"3237343_NPK_EG_23_469_S344_L002_R1_001_trim",0.279689,0.277006,0.260602,0.311675,0.280154,0.332779,0.290148,0.0104208,0.290293285714286,0.0358974888942365
"3237344_LO7_S356_L002_R1_001_trim",0.396327,0.377624,0.347766,0.430901,0.384135,0.427874,0.367843,0.000313058,0.390352857142857,0.000801987213034361
