"ID","V1","V2","V3"
"3019188_R_47_DIV_22_1_S12_L001_R1_001",0.0281479087904392,0.0239322756344005,-0.00673843974267138
"3019189_R_100_DIV_22_1_S24_L001_R1_001",0.0251224839803665,0.0154791361922045,-0.00464916777623958
"3019190_R_193_DIV_22_1_S36_L001_R1_001",0.029138041185193,0.023270617141774,-0.00781440158509894
"3019191_R_240_DIV_22_1_S48_L001_R1_001",0.0246400526135921,0.0133450456556835,-0.00339201970906448
"3019192_R_280_DIV_22_1_S60_L001_R1_001",-0.0363681107520965,0.00471650208732107,0.0147140450637547
"3019193_R_612_DIV_22_6_S72_L001_R1_001",0.0183551325945475,0.00174236833461284,-0.000856374799614643
"3019194_R_944_DIV_22_5_S83_L001_R1_001",0.0279184404973283,0.0247387587081129,-0.00757717274278898
"3019195_R_34_DIV_22_1_S1_L001_R1_001",0.0253751602117879,0.0174290346962552,-0.00384312095172796
"3019196_R_47_DIV_22_2_S13_L001_R1_001",0.0255664714368652,0.0177590355072955,-0.00339942397626206
"3019197_R_100_DIV_22_2_S25_L001_R1_001",0.0273567520900307,0.0200927533725169,-0.00401420807837902
"3019198_R_193_DIV_22_2_S37_L001_R1_001",0.0274598248231391,0.0189936322234359,-0.00539974605357473
"3019199_R_240_DIV_22_2_S49_L001_R1_001",0.0228747431125097,0.0134827451264461,-0.00262090007796361
"3019200_R_280_DIV_22_2_S61_L001_R1_001",-0.0305391720569311,0.000964908568547385,0.0190228860554967
"3019201_R_937_DIV_22_1_S73_L001_R1_001",0.00566956043377265,-0.0237445596989644,0.00611986604622902
"3019202_R_944_DIV_22_6_S84_L001_R1_001",0.0267776112130931,0.0216505167700871,-0.00627896433967881
"3019203_R_34_DIV_22_2_S2_L001_R1_001",0.0230554299395931,0.0138135655983983,-0.00446947424847513
"3019204_R_47_DIV_22_3_S14_L001_R1_001",0.0280799988023087,0.0197028478568714,-0.00305302170475058
"3019205_R_100_DIV_22_3_S26_L001_R1_001",0.0263974443609584,0.0183977231431351,-0.00467504830852978
"3019206_R_193_DIV_22_3_S38_L001_R1_001",0.0273272436759644,0.0202716086596954,-0.00651890216611289
"3019207_R_240_DIV_22_3_S50_L001_R1_001",0.0234162939358394,0.0129270203209499,-0.00290289799226761
"3019208_R_280_DIV_22_3_S62_L001_R1_001",-0.0341108726613657,-0.00109738909276864,0.0234134151087307
"3019209_R_937_DIV_22_2_S74_L001_R1_001",0.00360260288232638,-0.0263335003939312,0.00740583119257407
"3019210_R_1027_DIV_22_1_S85_L001_R1_001",-0.0123347371495626,-0.0461399967446201,0.00610153979705265
"3019211_R_34_DIV_22_3_S3_L001_R1_001",0.02312654963919,0.013649168286744,-0.00199670122827817
"3019212_R_47_DIV_22_4_S15_L001_R1_001",0.027820504697662,0.0236840690563815,-0.00475355758313966
"3019213_R_100_DIV_22_4_S27_L001_R1_001",0.025369257647081,0.0189583843468951,-0.0037268382006447
"3019214_R_193_DIV_22_4_S39_L001_R1_001",0.0285724803607889,0.0224232306428027,-0.00514608321802234
"3019215_R_240_DIV_22_4_S51_L001_R1_001",0.0199963248037193,0.00836088163803567,-0.00218267561720508
"3019216_R_280_DIV_22_4_S63_L001_R1_001",-0.0324851090583851,0.000935475468974473,0.0240991984538239
"3019217_R_937_DIV_22_3_S75_L001_R1_001",0.00933360030480665,-0.017391411836686,0.00323693726829638
"3019218_R_1027_DIV_22_2_S86_L001_R1_001",-0.0116164225588253,-0.0495365314377772,0.00794408965085358
"3019219_R_34_DIV_22_4_S4_L001_R1_001",0.0252848590902213,0.0156026995849856,-0.00370852858625569
"3019220_R_47_DIV_22_5_S16_L001_R1_001",0.0271848072314694,0.0215037492173692,-0.0055392825641113
"3019221_R_100_DIV_22_5_S28_L001_R1_001",0.0250768184906331,0.0160145741249292,-0.00563128741646661
"3019222_R_193_DIV_22_5_S40_L001_R1_001",0.0291161674185803,0.0223086414424755,-0.0074053162239797
"3019223_R_240_DIV_22_5_S52_L001_R1_001",0.0239034312876374,0.0114175110203335,-0.00359390466997379
"3019224_R_280_DIV_22_5_S64_L001_R1_001",-0.0264499298179688,-0.0105570484665834,0.0114732260134322
"3019225_R_937_DIV_22_4_S76_L001_R1_001",0.00929129044610524,-0.0183218883989234,0.00557421108910927
"3019226_R_1027_DIV_22_3_S87_L001_R1_001",-0.0113011619209859,-0.0509469181706948,0.00788397002164058
"3019227_R_34_DIV_22_5_S5_L001_R1_001",0.0231890957437561,0.0117732877741796,-0.00440510692321523
"3019228_R_47_DIV_22_6_S17_L001_R1_001",0.0267921823660766,0.0188483781265488,-0.00490750918496909
"3019229_R_100_DIV_22_6_S29_L001_R1_001",0.0262672100538527,0.0156396743455989,-0.00479383414432391
"3019230_R_193_DIV_22_6_S41_L001_R1_001",0.0287849093445831,0.0222760687945758,-0.00817768953751806
"3019231_R_240_DIV_22_6_S53_L001_R1_001",0.0264138981967511,0.0174901871298822,-0.00534033243179347
"3019232_R_280_DIV_22_6_S65_L001_R1_001",0.00454715417417882,-0.020043144484552,0.00448725782415518
"3019233_R_937_DIV_22_5_S77_L001_R1_001",0.013261471938321,-0.0071299783164577,0.00102952336905963
"3019234_R_1027_DIV_22_4_S88_L001_R1_001",-0.011713792043628,-0.0503118880622346,0.00668100548628784
"3019235_R_34_DIV_22_6_S6_L001_R1_001",0.0241094014490535,0.0138057599523707,-0.00452348279808614
"3019236_R_93_DIV_22_1_S18_L001_R1_001",0.0248809166742455,0.015590090464002,-0.00492388801591671
"3019237_R_191_DIV_22_1_S30_L001_R1_001",0.0227626324480014,0.00448426010749534,-0.00449173673247293
"3019238_R_233_DIV_22_1_S42_L001_R1_001",0.0133015552750967,-0.00765518028429103,0.000559687156102434
"3019239_R_242_DIV_22_1_S54_L001_R1_001",0.0168495901567385,0.0131808433386578,-9.15267715928986e-07
"3019240_R_612_DIV_22_1_S66_L001_R1_001",0.0185445059362299,0.00441736256079324,-0.00336855785809541
"3019241_R_937_DIV_22_6_S78_L001_R1_001",0.00480745652822872,-0.0243414253783979,0.00746721490439649
"3019242_R_1027_DIV_22_5_S89_L001_R1_001",-0.0133002213767574,-0.0520991827514837,0.00966337469016098
"3019243_R_36_DIV_22_1_S7_L001_R1_001",0.00926563373337408,-0.0104800534220864,0.00422190041509501
"3019244_R_93_DIV_22_2_S19_L001_R1_001",0.0239872971637467,0.0141428299991805,-0.00287114385513298
"3019245_R_191_DIV_22_2_S31_L001_R1_001",0.0249900582343786,0.00791397692575885,-0.00531254407817002
"3019246_R_233_DIV_22_2_S43_L001_R1_001",0.014264011613057,-0.00325799762985797,0.00129168155170658
"3019247_R_242_DIV_22_2_S55_L001_R1_001",0.00700949291756973,0.0530500325172352,-0.0249519752430391
"3019248_R_612_DIV_22_2_S67_L001_R1_001",0.0177686945860395,0.00364610232317311,-0.00303827273098211
"3019249_R_944_DIV_22_1_S79_L001_R1_001",0.0278077973433804,0.0242447102391535,-0.00723515039999324
"3019250_R_1027_DIV_22_6_S90_L001_R1_001",-0.0121982203810555,-0.0506844267908472,0.0098581967787214
"3019251_R_36_DIV_22_2_S8_L001_R1_001",0.00921585823539928,-0.00895847165064565,0.00351479852826629
"3019252_R_93_DIV_22_3_S20_L001_R1_001",0.0225401603344819,0.0121656932308505,-0.00275196058908753
"3019253_R_191_DIV_22_3_S32_L001_R1_001",0.0240026315481832,0.00984282552434876,-0.00512954409789556
"3019254_R_233_DIV_22_3_S44_L001_R1_001",0.0163204567505841,-0.00121645311648557,-0.000165934054723646
"3019255_R_242_DIV_22_3_S56_L001_R1_001",0.00704791899571436,0.0220410953404433,-0.0126067864012152
"3019256_R_612_DIV_22_3_S68_L001_R1_001",0.0186456293168277,0.00524279771301543,-0.000847174664875308
"3019257_R_944_DIV_22_2_S80_L001_R1_001",0.0279212701175698,0.025365510460212,-0.00767776983092207
"3019258_R_1038_DIV_22_1_S91_L001_R1_001",-0.0318107450836484,-0.055245183422017,-0.0687853416638154
"3019259_R_36_DIV_22_3_S9_L001_R1_001",0.0078435499356135,-0.0139846862460599,0.00572304769732265
"3019260_R_93_DIV_22_4_S21_L001_R1_001",0.0242038669286505,0.015428084339743,-0.00565794726350792
"3019261_R_191_DIV_22_4_S33_L001_R1_001",0.0240666715845598,0.00833075436023961,-0.00523835592258622
"3019262_R_233_DIV_22_4_S45_L001_R1_001",0.0211245395931809,0.00578347642461059,-0.00121624019712031
"3019263_R_242_DIV_22_4_S57_L001_R1_001",0.00682872028934201,0.0223132918314064,-0.0143851843365902
"3019264_R_612_DIV_22_4_S69_L001_R1_001",0.017033798677473,0.00316659632190471,-0.00150758212035688
"3019265_R_944_DIV_22_3_S81_L001_R1_001",0.0278825299652665,0.0244305231465436,-0.00771643109531444
"3019266_R_1038_DIV_22_2_S92_L001_R1_001",-0.0355788463387258,-0.0564904746424639,-0.0819518040057002
"3019267_R_36_DIV_22_5_S10_L001_R1_001",0.00735637188500976,-0.015535493270832,0.00473838950051635
"3019268_R_93_DIV_22_5_S22_L001_R1_001",0.0233432498729265,0.0151737481535479,-0.0046026429988624
"3019269_R_191_DIV_22_5_S34_L001_R1_001",0.0217760423526252,0.00950172002834828,-0.0037835295450519
"3019270_R_233_DIV_22_5_S46_L001_R1_001",0.0199328723589049,0.0064910704820298,0.00144453203197667
"3019271_R_242_DIV_22_5_S58_L001_R1_001",0.0128029403351344,0.00585919508798321,-0.00230968981676869
"3019272_R_612_DIV_22_5_S70_L001_R1_001",0.0172390854122962,0.0055623095769743,-0.0022311608627338
"3019273_R_944_DIV_22_4_S82_L001_R1_001",0.0287014991952077,0.0250068683470805,-0.0069780959892153
"3019274_R_1038_DIV_22_3_S93_L001_R1_001",-0.0185801997644496,-0.0344699670732792,-0.0523310055885053
"3019275_R_36_DIV_22_6_S11_L001_R1_001",0.00959519376294287,-0.0106676380214876,0.00715790740258523
"3019276_R_93_DIV_22_6_S23_L001_R1_001",0.0260059182753769,0.0177551116307174,-0.00524262722108544
"3019277_R_191_DIV_22_6_S35_L001_R1_001",0.0224415035258259,0.00547067938500312,-0.00411526574423467
"3019278_R_233_DIV_22_6_S47_L001_R1_001",0.0284657383393014,0.0212065647499412,-0.00314584713135975
"3019279_R_242_DIV_22_6_S59_L001_R1_001",0.015450224600645,0.00786662544210367,-0.00488821220548166
"3019283_R_1201_DIV_22_2_S94_L001_R1_001",0.0249916712422599,0.0142708507591975,-0.00434610243517774
"3019284_R_1148_DIV_22_2_S105_L001_R1_001",-0.0481351400610661,0.00797556138312511,-0.0510804695585325
"3019286_R_1248_DIV_22_2_S126_L001_R1_001",0.0190665542536599,0.00721996535229829,-0.0023188632511133
"3019287_R_1319_DIV_22_2_S136_L001_R1_001",0.025116657582552,0.0154003397251893,-0.00437077412577899
"3019288_R_1429_DIV_22_2_S146_L001_R1_001",0.0158454390320235,-0.0035075190484757,-0.00057573507246815
"3019289_R_1554_DIV_22_1_S156_L001_R1_001",0.0233102620174465,0.0171134979740555,-0.00242047709356724
"3019290_R_1890_DIV_22_6_S166_L001_R1_001",-0.0141266391280419,0.0223130390651498,-0.015356365432304
"3019291_R_1038_DIV_22_4_S95_L001_R1_001",-0.0346030623360932,-0.0564199149484775,-0.0780960652155723
"3019292_R_1148_DIV_22_3_S106_L001_R1_001",-0.0450611916223558,0.000599691169484782,-0.0523328833503296
"3019293_R_1201_DIV_22_3_S116_L001_R1_001",0.0260768391206385,0.0202833129971284,-0.00365908652540084
"3019294_R_1248_DIV_22_3_S127_L001_R1_001",0.0208911549327458,0.0103979441148399,-0.00287690088078913
"3019295_R_1319_DIV_22_3_S137_L001_R1_001",0.0258927167400772,0.0225077777014939,-0.00397927089234773
"3019296_R_1429_DIV_22_3_S147_L001_R1_001",0.0183774312215645,0.00223033042708288,-0.000886454978190241
"3019297_R_1554_DIV_22_2_S157_L001_R1_001",0.0259229348670123,0.0189868790348641,-0.00260818086616951
"3019298_R_1968_DIV_22_1_S167_L001_R1_001",-0.00296514663233161,-0.0258242141134177,0.00100422019082717
"3019299_R_1038_DIV_22_5_S96_L001_R1_001",-0.0275519600158472,-0.0479072530708346,-0.0576096891883175
"3019300_R_1148_DIV_22_4_S107_L001_R1_001",-0.0435587208803974,0.00138927374198046,-0.0416814348301364
"3019301_R_1201_DIV_22_4_S117_L001_R1_001",0.0266739582738996,0.0186470893023121,-0.00400476533401326
"3019302_R_1248_DIV_22_4_S128_L001_R1_001",0.0199337398949148,0.00832723326266047,-0.003102260908132
"3019303_R_1319_DIV_22_4_S138_L001_R1_001",0.02460398696676,0.0135094425152728,-0.00200655280483662
"3019304_R_1429_DIV_22_4_S148_L001_R1_001",0.0170431264494115,-0.00213394926053784,-0.000134370693060623
"3019305_R_1554_DIV_22_3_S158_L001_R1_001",0.0248937106282327,0.0206201338614707,-0.00183177906376165
"3019306_R_1968_DIV_22_2_S168_L001_R1_001",-0.00399823683435936,-0.0243350160671148,-0.000576848858934041
"3019307_R_1038_DIV_22_6_S97_L001_R1_001",-0.0270837936525179,-0.0442445798142331,-0.0558050348174652
"3019308_R_1148_DIV_22_5_S108_L001_R1_001",-0.0444868143542779,0.00143291105469378,-0.0423534302220397
"3019309_R_1201_DIV_22_5_S118_L001_R1_001",0.026336784635489,0.0208778367011933,-0.00170398401048599
"3019310_R_1248_DIV_22_5_S129_L001_R1_001",0.0230983688197778,0.0081497516314342,-0.00162067661617503
"3019311_R_1319_DIV_22_5_S139_L001_R1_001",0.0228022700131736,0.0126662410622814,-0.00297246265552531
"3019312_R_1429_DIV_22_5_S149_L001_R1_001",0.0164005115166847,-0.00130021332315247,-5.6217986489033e-05
"3019313_R_1554_DIV_22_4_S159_L001_R1_001",0.0255480282568777,0.0201680472590806,-0.00248903237364418
"3019314_R_1968_DIV_22_3_S169_L001_R1_001",5.06634325730718e-05,-0.025172231624695,0.00879332333415772
"3019315_R_36_DIV_22_4_S98_L001_R1_001",0.00774713548907421,-0.0113193988938279,0.00332640732485836
"3019316_R_1148_DIV_22_6_S109_L001_R1_001",-0.0456510634857619,0.00135445899850811,-0.0436413597267835
"3019317_R_1201_DIV_22_6_S119_L001_R1_001",0.0247896681021194,0.0177822669255418,-0.00309807334047413
"3019318_R_1248_DIV_22_6_S130_L001_R1_001",0.0221537161496651,0.0143361665415986,-0.00431838205387767
"3019319_R_1319_DIV_22_6_S140_L001_R1_001",0.0250184840485431,0.0164639800485178,-0.00486571251183257
"3019320_R_1429_DIV_22_6_S150_L001_R1_001",0.0185342790756323,0.00171057408962803,-0.000367182074623145
"3019321_R_1554_DIV_22_5_S160_L001_R1_001",0.0274790062800449,0.0199748619787191,-0.00286879754705058
"3019322_R_1968_DIV_22_4_S170_L001_R1_001",-0.000851914128989734,-0.0264076721570027,0.00192445759176691
"3019323_R_1084_DIV_22_1_S99_L001_R1_001",0.0132881434038775,-0.00370570766432181,0.000208640141704283
"3019324_R_1185_DIV_22_1_S110_L001_R1_001",0.0310953018641851,0.0276877269570328,-0.00436753504208313
"3019325_R_1213_DIV_22_1_S120_L001_R1_001",0.0236671393872374,0.014947314424554,-0.00290730274929581
"3019326_R_1257_DIV_22_1_S131_L001_R1_001",0.00551555654795878,-0.022963121256957,0.00346417061375494
"3019327_R_1384_DIV_22_1_S141_L001_R1_001",0.0133677415457903,-0.00360685824796873,0.000224345390675012
"3019328_R_1450_DIV_22_1_S151_L001_R1_001",0.00849386444669088,-0.0158368207259132,0.00438654370812995
"3019329_R_1554_DIV_22_6_S161_L001_R1_001",-0.0074317086083143,0.0378056802200888,-0.0130554132480342
"3019330_R_1968_DIV_22_5_S171_L001_R1_001",-0.00460949861600855,-0.028036385841852,0.0012056274899116
"3019331_R_1084_DIV_22_2_S100_L001_R1_001",0.0129901757068088,-0.0036745905228853,-0.00037921156213801
"3019332_R_1185_DIV_22_2_S111_L001_R1_001",0.030904495773338,0.0281389265038538,-0.00521879886928066
"3019333_R_1213_DIV_22_2_S121_L001_R1_001",0.0234900289000161,0.0148964287092627,-0.00315642356607326
"3019334_R_1257_DIV_22_2_S132_L001_R1_001",0.00565381331347279,-0.0230123230751495,0.00302229648975039
"3019335_R_1384_DIV_22_2_S142_L001_R1_001",0.0131591042663315,-0.00353742691062758,0.00112629001188939
"3019336_R_1450_DIV_22_2_S152_L001_R1_001",0.00863822672185293,-0.0161700001417696,0.00295240329052641
"3019337_R_1890_DIV_22_1_S162_L001_R1_001",-0.00754104381240622,0.0380365692249539,-0.0135066176173976
"3019338_R_1968_DIV_22_6_S172_L001_R1_001",-0.00477789443765513,-0.0278094805458365,0.00161770322491031
"3019339_R_1084_DIV_22_3_S101_L001_R1_001",0.0238205548418757,0.013124728687056,-0.00241867337508725
"3019340_R_1185_DIV_22_3_S112_L001_R1_001",0.0297024324573466,0.0253190827439709,-0.00666465951244398
"3019341_R_1213_DIV_22_3_S122_L001_R1_001",0.0122346833772802,0.00127784994733265,-0.00148949657027628
"3019342_R_1257_DIV_22_3_S133_L001_R1_001",0.0135846245855344,-0.00688235088205726,-0.00214014239129575
"3019343_R_1384_DIV_22_3_S143_L001_R1_001",0.0150630376273784,-0.00720526401144988,-0.000536316985645426
"3019344_R_1450_DIV_22_3_S153_L001_R1_001",0.00134993150279929,-0.0268408458679263,0.00371889704279028
"3019345_R_1890_DIV_22_2_S163_L001_R1_001",-0.0309780509732865,0.0381743214149574,-0.0194362639650501
"3019346_R_1972_DIV_22_1_S173_L001_R1_001",0.0198364571208713,0.00591359533638137,0.000115764263057981
"3019347_R_1084_DIV_22_4_S102_L001_R1_001",-0.0466399158467631,0.00145942210213816,-0.0537470501653162
"3019348_R_1185_DIV_22_4_S113_L001_R1_001",0.0280397373956714,0.0240393902576971,-0.00484526005868725
"3019349_R_1213_DIV_22_4_S123_L001_R1_001",0.0258534728812923,0.0189960251382787,-0.00349611912109462
"3019350_R_1257_DIV_22_4_S134_L001_R1_001",0.00860627647049211,-0.0132888041997048,0.00150531190562623
"3019351_R_1384_DIV_22_4_S144_L001_R1_001",0.013242421668293,-0.00814445327761835,0.00101484810526887
"3019352_R_1450_DIV_22_4_S154_L001_R1_001",0.00926415853535376,-0.0121394894648216,-9.61068296282159e-05
"3019353_R_1890_DIV_22_3_S164_L001_R1_001",-0.0237540529570178,0.0288742829015493,-0.0229931966463396
"3019354_R_1972_DIV_22_2_S174_L001_R1_001",0.0190218237913942,0.00554875888447424,-0.000591352101263947
"3019355_R_1084_DIV_22_5_S103_L001_R1_001",0.0127590836617159,-0.00825734823211458,0.000448248725017967
"3019356_R_1185_DIV_22_5_S114_L001_R1_001",0.0256272588278607,0.0159337595222011,-0.00366079015897776
"3019357_R_1213_DIV_22_5_S124_L001_R1_001",0.0223340834895687,0.0142814709215374,-0.00227678191161703
"3019358_R_1257_DIV_22_5_S135_L001_R1_001",0.00709155441535619,-0.0181930771505083,0.0014989972733649
"3019359_R_1384_DIV_22_5_S145_L001_R1_001",0.0134365518234703,-0.0035636772462275,0.000753089113960255
"3019360_R_1450_DIV_22_5_S155_L001_R1_001",0.00258883945803945,-0.0262516627682619,0.00407644725860986
"3019361_R_1890_DIV_22_4_S165_L001_R1_001",-0.0332025787094662,0.0322277902984423,-0.0194116822405706
"3019362_R_1972_DIV_22_3_S175_L001_R1_001",0.0197063441996787,0.00571997604395191,-0.00136894884508754
"3019363_R_1084_DIV_22_6_S104_L001_R1_001",0.0157863900600715,-0.000600330782462417,0.00167664858206884
"3019364_R_1185_DIV_22_6_S115_L001_R1_001",0.0292907579603046,0.023148971738053,-0.00606089897267422
"3019366_R_1572_DIV_22_3_S176_L002_R1_001",0.00836115236206446,-0.0153006540096591,0.00361247781589065
"3019367_R_2229_DIV_22_1_S188_L002_R1_001",0.00834966599841368,-0.0127751969780088,0.00289031767568383
"3019368_R_1090_DIV_22_3_S200_L002_R1_001",0.0146515876362727,-0.00745446037517399,-0.00263183679700323
"3019369_R_2082_DIV_22_1_S212_L002_R1_001",-0.00443109304596906,-0.0104034816738918,-0.00659198002747852
"3019370_R_2596_DIV_22_2_S224_L002_R1_001",-0.0353842333426125,0.00834672641942681,0.0153341067083434
"3019371_R_2863_DIV_22_3_S236_L002_R1_001",-0.0534939844054406,0.00270271252602746,-0.0566927227930109
"3019373_R_2606_DIV_22_1_S258_L002_R1_001",-0.0434619589533622,-0.0173697414438632,-0.0488649516696258
"3019374_R_1972_DIV_22_5_S177_L002_R1_001",0.01679804217283,-0.018922341124861,0.0185852811800743
"3019375_R_2229_DIV_22_4_S189_L002_R1_001",0.0119700565091038,-0.0108494916034398,0.0024977016998624
"3019376_R_1090_DIV_22_4_S201_L002_R1_001",0.0136130552379602,-0.0070768464482333,-0.00116005654815669
"3019377_R_2082_DIV_22_2_S213_L002_R1_001",0.00988995091659265,-0.00161249358219823,-0.000455184182938363
"3019378_R_2596_DIV_22_4_S225_L002_R1_001",-0.0461920307997475,0.0224931795876328,0.0332020437347903
"3019379_R_2863_DIV_22_5_S237_L002_R1_001",-0.0505791272010176,0.00313367046218629,-0.0585252193044437
"3019380_R_1572_DIV_22_5_S248_L002_R1_001",0.0294106197713686,0.023897030184766,-0.00455861867529078
"3019381_R_2606_DIV_22_3_S259_L002_R1_001",-0.0308767439049445,-0.0197211306054319,-0.0365825924209749
"3019382_R_1972_DIV_22_6_S178_L002_R1_001",0.0178855802878325,0.00240404467534927,-0.000895643023333611
"3019383_R_2229_DIV_22_5_S190_L002_R1_001",0.012652084145329,-0.00837603790632555,0.00142437197607017
"3019384_R_1090_DIV_22_5_S202_L002_R1_001",0.0161875709198039,-0.00441407002306904,-0.00249506663726391
"3019385_R_2082_DIV_22_4_S214_L002_R1_001",0.00171493639757763,-0.00904874011321687,-0.00610410384202398
"3019386_R_2596_DIV_22_5_S226_L002_R1_001",-0.0479073010867082,0.0175126140680257,0.020994631766964
"3019387_R_2863_DIV_22_6_S238_L002_R1_001",-0.0538059272791869,0.00680018823423149,-0.0540575591115508
"3019388_R_1133_DIV_22_1_S249_L002_R1_001",0.00579622217154307,-0.0199251509520134,0.00404613548631231
"3019389_R_2606_DIV_22_4_S260_L002_R1_001",-0.046020059367353,-0.0174270095965286,-0.0555907891357906
"3019390_R_1987_DIV_22_1_S179_L002_R1_001",0.00347848949502088,-0.023992956482414,0.00275069015530813
"3019391_R_2596_DIV_22_1_S191_L002_R1_001",-0.0434985037604483,0.0231103753971785,0.0311269363302402
"3019392_R_1572_DIV_22_4_S203_L002_R1_001",0.0285254335219367,0.0232516801246265,-0.00516833991236952
"3019393_R_2082_DIV_22_6_S215_L002_R1_001",0.000907963628777063,0.00346616870202606,-0.00834423752769274
"3019394_R_2596_DIV_22_6_S227_L002_R1_001",-0.044103513018866,0.016343201761993,0.0189744917265749
"3019396_R_1133_DIV_22_2_S250_L002_R1_001",0.00540933253583127,-0.0226550310163377,0.00417477389252855
"3019397_R_2420_DIV_22_1_S261_L002_R1_001",0.0277946070694423,0.0208430436023573,-0.0060535117099868
"3019398_R_1987_DIV_22_2_S180_L002_R1_001",0.00254573083839136,-0.0246619629330037,0.00306876662541439
"3019399_R_2302_DIV_22_2_S192_L002_R1_001",0.0293927617899003,0.0250058947834638,-0.00448461919293319
"3019400_R_875_DIV_22_1_S204_L002_R1_001",0.00675140407184766,-0.0171106849534275,0.00267952647646216
"3019401_R_2136_DIV_22_2_S216_L002_R1_001",0.010130926770499,-0.0138830017693831,0.00439117224786584
"3019402_R_2302_DIV_22_1_S228_L002_R1_001",0.0288419185790128,0.0234407106919979,-0.00513473553334075
"3019404_R_1139_DIV_22_1_S251_L002_R1_001",0.0257277650930943,0.0130599657318555,-0.00411788886942957
"3019405_R_1423_DIV_22_1_S262_L002_R1_001",0.022790902683767,0.0108467185462013,-0.0018497451141223
"3019406_R_1987_DIV_22_3_S181_L002_R1_001",0.00259800353330619,-0.023474523100517,0.00155256545569286
"3019407_R_2302_DIV_22_5_S193_L002_R1_001",0.02611607954194,0.0149781411185004,-0.00547975299765917
"3019408_R_875_DIV_22_2_S205_L002_R1_001",0.007915969101829,-0.018022085846815,0.00503117528617173
"3019409_R_2136_DIV_22_3_S217_L002_R1_001",0.00573082171067688,-0.0236744805010475,0.00301164206585846
"3019410_R_2302_DIV_22_3_S229_L002_R1_001",0.0249430542070947,0.014158898004721,-0.00544269744308353
"3019412_R_1139_DIV_22_5_S252_L002_R1_001",0.0274126726443854,0.0213831564097852,-0.00448204962330871
"3019413_R_1423_DIV_22_2_S263_L002_R1_001",0.0226916169497787,0.011260598527158,-0.00266816298495134
"3019414_R_1987_DIV_22_4_S182_L002_R1_001",0.00672238486710871,-0.0213258493819989,0.0024767857979463
"3019415_R_2413_DIV_22_1_S194_L002_R1_001",0.0242447545768003,0.00950479189227604,-0.00463653859736667
"3019416_R_875_DIV_22_3_S206_L002_R1_001",0.00802889453250515,-0.0193858636183558,0.00463116287720768
"3019417_R_2136_DIV_22_4_S218_L002_R1_001",0.00918936342466059,-0.0128304125641964,0.00164654378530659
"3019418_R_2302_DIV_22_4_S230_L002_R1_001",0.0214009783193386,0.00794039923494805,-0.0043190614014925
"3019420_R_18_DIV_22_1_S253_L002_R1_001",0.0162608406762191,-0.00585067139013133,-0.0018855132101267
"3019421_R_1423_DIV_22_4_S264_L002_R1_001",0.0234832957598485,0.0128346180597042,-0.00247402705538218
"3019422_R_1987_DIV_22_5_S183_L002_R1_001",0.00424371432285481,-0.0261011012531384,0.00382878301404942
"3019423_R_2413_DIV_22_2_S195_L002_R1_001",0.0227585764970638,0.00848506929221327,-0.0043650383264193
"3019424_R_1850_DIV_22_1_S207_L002_R1_001",0.0193214296263183,0.00558701119642708,-0.00329558449038864
"3019425_R_2136_DIV_22_5_S219_L002_R1_001",0.00990627651522482,-0.0146606909937729,0.00181336038204461
"3019426_R_2302_DIV_22_6_S231_L002_R1_001",0.0269802757688008,0.0193832906231849,-0.00478220194981389
"3019427_R_1090_DIV_22_1_S243_L002_R1_001",0.0142008493749924,-0.00483650931951402,-0.00230218592920315
"3019428_R_18_DIV_22_2_S254_L002_R1_001",0.0159541721383436,-0.00236266878114566,-0.000641739100961527
"3019429_R_253_DIV_22_2_S265_L002_R1_001",-0.0208155198169385,0.00133514963733342,0.0201158083709479
"3019430_R_1987_DIV_22_6_S184_L002_R1_001",0.00645458877666655,-0.0196630783290014,0.00136492601932969
"3019431_R_2413_DIV_22_3_S196_L002_R1_001",0.0235847354323207,0.0116036167405112,-0.00560273389874733
"3019432_R_2743_DIV_22_2_S208_L002_R1_001",-0.0406228910958359,-0.0203590718178154,-0.0447214020959864
"3019433_R_2136_DIV_22_6_S220_L002_R1_001",0.00420940927121611,-0.0233414447809902,0.00338019660750802
"3019434_R_2413_DIV_22_5_S232_L002_R1_001",0.0234765005097981,0.0116646201573125,-0.00564637263457296
"3019435_R_1090_DIV_22_6_S244_L002_R1_001",0.0121888332934478,-0.00354537701257699,-0.00245842627812752
"3019436_R_1850_DIV_22_2_S255_L002_R1_001",0.0196243687725399,0.00417857428008131,-0.00330453527228199
"3019437_R_687_DIV_22_1_S266_L002_R1_001",0.0185662554584579,0.000387722246417327,3.02060148855263e-05
"3019438_R_2082_DIV_22_3_S185_L002_R1_001",0.00181622881861982,-0.00765603829590346,-0.00497503546648266
"3019439_R_2413_DIV_22_4_S197_L002_R1_001",0.0245410219144671,0.0116482057117111,-0.0061857841210234
"3019440_R_2606_DIV_22_5_S209_L002_R1_001",-0.0412380454332233,-0.0171697968313349,-0.0504014241967455
"3019441_R_2229_DIV_22_2_S221_L002_R1_001",0.0114655887353233,-0.00942400952380214,0.00342400903270793
"3019442_R_2413_DIV_22_6_S233_L002_R1_001",0.0194989163116951,0.0142647650840752,-0.00613211335107509
"3019443_R_1572_DIV_22_1_S245_L002_R1_001",0.0293356744912219,0.0235400198504659,-0.00833479877841293
"3019444_R_1850_DIV_22_3_S256_L002_R1_001",0.0189242165436872,0.00129562076907217,-0.00325200429421995
"3019445_R_779_DIV_22_3_S267_L002_R1_001",-0.00429885353115475,-0.0338287041991155,0.00836354995299159
"3019446_R_2082_DIV_22_5_S186_L002_R1_001",0.0192893245140802,0.0155999499537944,-0.00344368953300698
"3019447_R_2863_DIV_22_4_S198_L002_R1_001",-0.054187901919816,-0.000265725085776043,-0.0450964566487605
"3019448_R_2581_DIV_22_1_S210_L002_R1_001",-0.0399058827918588,-0.0154031088175668,-0.0432324097625938
"3019449_R_2229_DIV_22_3_S222_L002_R1_001",0.0120225102858087,-0.00967079295348622,0.00394437362499451
"3019450_R_2863_DIV_22_1_S234_L002_R1_001",-0.0558978014994137,0.0055811249849114,-0.0570523287319563
"3019451_R_1572_DIV_22_2_S246_L002_R1_001",0.0292825090596107,0.024499697986571,-0.00635652775553569
"3019452_R_2743_DIV_22_4_S257_L002_R1_001",-0.0410899575186888,-0.0162152291851045,-0.0399376697243845
"3019453_R_788_DIV_22_1_S268_L002_R1_001",-0.0113764815587517,-0.0428558713097043,0.00355777655215879
"3019454_R_2136_DIV_22_1_S187_L002_R1_001",0.0100477801763641,-0.0113571380311212,0.000692253785586621
"3019455_R_1090_DIV_22_2_S199_L002_R1_001",0.01408052440023,-0.00497089061766499,-0.00345865883198738
"3019456_R_1423_DIV_22_3_S211_L002_R1_001",0.0224501145411726,0.0101283136823676,-0.00164749327762979
"3019457_R_2229_DIV_22_6_S223_L002_R1_001",0.013733448143113,-0.00289474524604197,0.00136060852036278
"3019458_R_2863_DIV_22_2_S235_L002_R1_001",-0.052944424039389,0.0016239821147729,-0.0604975565246123
"3019462_R_687_DIV_22_5_S269_L002_R1_001",0.0164501584704411,-0.0019557583678297,-0.000849048856865519
"3019463_R_687_DIV_22_4_S280_L002_R1_001",0.0163619537969049,-0.00254652749187379,1.66732015807583e-05
"3019464_R_783_DIV_22_5_S290_L002_R1_001",-0.0114021867423339,-0.0517082508288914,0.00989393930429939
"3019465_R_1001_DIV_22_5_S301_L002_R1_001",-0.0065959364621492,-0.0381200818246592,0.00644134860307488
"3019466_R_1091_DIV_22_5_S311_L002_R1_001",0.0130967725974725,-0.00769486681831893,0.00174946881956269
"3019467_R_2434_DIV_22_5_S321_L002_R1_001",-0.0305014948416072,-0.00681706522450985,-0.00915324956128971
"3019468_R_1213_DIV_22_6_S331_L002_R1_001",0.0230226892369312,0.015684247487865,-0.00343767892262853
"3019469_R_1429_DIV_22_1_S341_L002_R1_001",0.0170433968216439,7.72964824925349e-06,0.00105245044611942
"3019470_R_788_DIV_22_2_S270_L002_R1_001",-0.0140182295046406,-0.0397327559794974,-0.0022075766030932
"3019472_R_783_DIV_22_6_S291_L002_R1_001",-0.00982546870225512,-0.0460277737218321,0.00967216531051375
"3019473_R_1001_DIV_22_6_S302_L002_R1_001",-0.00483543450221752,-0.037764290383526,0.00657780141008696
"3019474_R_1091_DIV_22_6_S312_L002_R1_001",0.0132308087031821,-0.00927140315367956,0.00167457078461105
"3019475_R_2434_DIV_22_6_S322_L002_R1_001",-0.0344162073673225,0.00269125124968779,-0.00807704938644687
"3019476_R_1257_DIV_22_6_S332_L002_R1_001",0.0131983476742657,-0.00551074510018368,-0.00248356085353401
"3019477_R_1001_DIV_22_3_S342_L002_R1_001",-0.00486096809554948,-0.0368259624424509,0.00389623016809672
"3019478_R_788_DIV_22_4_S271_L002_R1_001",-0.014842374854227,-0.0414777651033687,-0.00105439087478076
"3019479_R_687_DIV_22_6_S281_L002_R1_001",0.0159127534654206,-0.00488830825810372,0.000651154340696037
"3019480_R_864_DIV_22_1_S292_L002_R1_001",-0.0185715690674758,-0.0333921645031673,-0.00691133985498381
"3019481_R_1022_DIV_22_1_S303_L002_R1_001",-0.0220485745399867,-0.0377634654057912,-0.0111322620351297
"3019482_R_1112_DIV_22_1_S313_L002_R1_001",0.0185938371176377,0.00221015816427615,-0.00258430670991483
"3019483_R_2449_DIV_22_1_S323_L002_R1_001",-0.00612413523784355,-0.0393191893394035,0.00721487535881213
"3019484_R_1384_DIV_22_6_S333_L002_R1_001",0.0135406117057888,-0.00828316911424386,0.000913582460621828
"3019485_R_1091_DIV_22_3_S343_L002_R1_001",0.0129021477894926,-0.00757470437020074,0.00148505400501943
"3019486_R_788_DIV_22_5_S272_L002_R1_001",-0.0120688246362625,-0.0400443854133925,-0.002217442739021
"3019487_R_779_DIV_22_1_S282_L002_R1_001",-0.00677347711096624,-0.042027975070939,0.0104284283589342
"3019488_R_864_DIV_22_2_S293_L002_R1_001",-0.0166738803439514,-0.0352390187776013,-0.00862454017388746
"3019489_R_1022_DIV_22_2_S304_L002_R1_001",-0.0196189614462896,-0.0369764897688976,-0.00878142689301429
"3019490_R_1112_DIV_22_2_S314_L002_R1_001",-0.00563034702682239,-0.0432094113271077,0.0112191036654757
"3019491_R_2449_DIV_22_2_S324_L002_R1_001",-0.00644846927286876,-0.0431553126882773,0.0090412994121037
"3019492_R_1450_DIV_22_6_S334_L002_R1_001",0.00367808502005211,-0.0246382785739107,0.00654577257094153
"3019493_R_2434_DIV_22_3_S344_L002_R1_001",-0.0189169393165019,-0.0146128847934626,-0.0130778190955868
"3019494_R_788_DIV_22_6_S273_L002_R1_001",-0.0158670237238651,-0.0400400203656886,-0.00298528760207002
"3019495_R_779_DIV_22_2_S283_L002_R1_001",-0.00564734135529468,-0.0425629139782618,0.0112949990164229
"3019496_R_864_DIV_22_3_S294_L002_R1_001",-0.0168967112462598,-0.0345770404105057,-0.00722935409185723
"3019497_R_1022_DIV_22_3_S305_L002_R1_001",-0.0214147640747059,-0.0407065750744309,-0.00644299988899352
"3019498_R_1112_DIV_22_3_S315_L002_R1_001",0.0206083508065405,0.00478756933827848,-0.00206070681518699
"3019499_R_2449_DIV_22_3_S325_L002_R1_001",-0.00729817864582658,-0.0415383921123056,0.00851462925300972
"3019500_R_1890_DIV_22_5_S335_L002_R1_001",-0.0289609865613612,0.032466698614544,-0.0179361400748727
"3019501_R_1112_DIV_22_5_S345_L002_R1_001",0.0186911177839136,0.00590242329047568,-0.00099236368464554
"3019502_R_253_DIV_22_1_S274_L002_R1_001",-0.0271162055801248,0.00305534692843731,0.0258330103767577
"3019503_R_779_DIV_22_4_S284_L002_R1_001",-0.010823770496272,-0.0470063716750316,0.0103453877714439
"3019504_R_864_DIV_22_4_S295_L002_R1_001",-0.0177379209310574,-0.0347675193627107,-0.00671993640473659
"3019505_R_1022_DIV_22_4_S306_L002_R1_001",-0.0192115297861194,-0.0374999678003531,-0.0108436490156053
"3019506_R_1112_DIV_22_4_S316_L002_R1_001",0.0197172788501836,0.00604093634491421,-0.0017466577062184
"3019507_R_2449_DIV_22_4_S326_L002_R1_001",-0.00595437462943276,-0.0410190573910647,0.0107145153131136
"3019508_R_1972_DIV_22_4_S336_L002_R1_001",0.00452937429793385,0.00183981693695152,0.00123502374179724
"3019509_R_687_DIV_22_3_S346_L002_R1_001",0.016065265372667,-0.00125199985978156,-0.00144680876140256
"3019510_R_253_DIV_22_3_S275_L002_R1_001",-0.0354214915292875,0.00249376960854185,0.0304455807462807
"3019511_R_779_DIV_22_5_S285_L002_R1_001",-0.00719955926370035,-0.0376506089785636,0.00826990493400152
"3019512_R_864_DIV_22_5_S296_L002_R1_001",-0.0205538854047533,-0.0345328306143891,-0.00724809728708049
"3019513_R_1022_DIV_22_5_S307_L002_R1_001",-0.0217456629738524,-0.0373846769624731,-0.00873637222428953
"3019514_R_1112_DIV_22_5_S317_L002_R1_001",0.0171792235983497,0.00423402057873582,-0.00155170627686362
"3019515_R_2449_DIV_22_5_S327_L002_R1_001",-0.00659018049605548,-0.0422604499724719,0.0067277230278893
"3019516_R_1148_DIV_22_1_S337_L002_R1_001",-0.0475260892570358,0.00537839696762059,-0.0376452691172329
"3019517_R_783_DIV_22_4_S347_L002_R1_001",-0.0109539099569198,-0.0495896337193625,0.00887381326724491
"3019518_R_253_DIV_22_4_S276_L002_R1_001",-0.031207545045817,-0.00158216446376351,0.0364125033179735
"3019519_R_779_DIV_22_6_S286_L002_R1_001",-0.00324741012349531,-0.0346015901973463,0.00958365942769602
"3019520_R_864_DIV_22_6_S297_L002_R1_001",-0.0172072124282745,-0.0365325824420464,-0.00810435555477978
"3019521_R_1022_DIV_22_6_S308_L002_R1_001",-0.0219641658260023,-0.0398239897239466,-0.0116054505292029
"3019522_R_1112_DIV_22_6_S318_L002_R1_001",0.0230369762041274,0.00918204917104338,-0.00201215005504797
"3019523_R_2449_DIV_22_6_S328_L002_R1_001",-0.00586481047255342,-0.0390917038465916,0.00690541869279723
"3019524_R_1201_DIV_22_1_S338_L002_R1_001",0.0255951727626117,0.0195747060947909,-0.00339254295221234
"3019525_R_1001_DIV_22_4_S348_L002_R1_001",-0.00737111131793356,-0.0392906925566715,0.00825639778832954
"3019526_R_253_DIV_22_5_S277_L002_R1_001",-0.0301139183774634,0.00868195388426938,0.0342194598664361
"3019527_R_783_DIV_22_1_S287_L002_R1_001",-0.00999073035379157,-0.0504133958862948,0.00520485781778018
"3019528_R_1001_DIV_22_1_S298_L002_R1_001",-0.00626176470632277,-0.0341833936926454,0.00645741319688895
"3019529_R_1091_DIV_22_1_S309_L002_R1_001",0.0124961344650871,-0.0098830935966524,0.000736102828400235
"3019530_R_2434_DIV_22_1_S319_L002_R1_001",-0.0333065132535636,-0.000527921654146361,-0.00950699713370403
"3019531_R_1084_DIV_22_4_S329_L002_R1_001",0.0191991640095388,0.00475095096968576,-0.00106759497541811
"3019532_R_1248_DIV_22_1_S339_L002_R1_001",0.022685448959674,0.0123387440295841,-0.00438710008850434
"3019533_R_1091_DIV_22_4_S349_L002_R1_001",0.00672367215258847,-0.0193302060314203,0.00202256570505791
"3019534_R_253_DIV_22_6_S278_L002_R1_001",-0.0317732871102636,0.00736505192645744,0.0375291784641673
"3019535_R_783_DIV_22_2_S288_L002_R1_001",-0.0111313940654631,-0.050113380417127,0.0101965442553307
"3019536_R_1001_DIV_22_2_S299_L002_R1_001",-0.0086712212944321,-0.0398431865802635,0.00840170373044698
"3019537_R_1091_DIV_22_2_S310_L002_R1_001",0.00595075805061054,-0.0184167984675288,0.00180731898898512
"3019538_R_2434_DIV_22_2_S320_L002_R1_001",-0.0342871437591134,-0.000126400895988442,-0.00543210472869365
"3019539_R_1185_DIV_22_4_S330_L002_R1_001",0.0282335442640801,0.0236162450602603,-0.00515345108370921
"3019540_R_1319_DIV_22_1_S340_L002_R1_001",0.0276620409703363,0.0240871305104578,-0.00386650414914285
"3019541_R_2434_DIV_22_4_S350_L002_R1_001",-0.0273408983782718,-0.00730664847470132,-0.0136665224023205
"3019542_R_687_DIV_22_2_S279_L002_R1_001",0.0173180008740936,-0.00225183904900128,-0.00100776760043575
"3019543_R_783_DIV_22_3_S289_L002_R1_001",-0.0106598192948712,-0.0481631917136987,0.00804138139918034
"3234905_NF_EG_23_1_S1_L001_R1_001_trim",0.026639594848985,0.0184699075186556,-0.00190710869448547
"3234906_NF_EG_23_14_S13_L001_R1_001_trim",0.0172022158475176,0.000466375370649273,0.00185312644666299
"3234907_NF_EG_23_27_S25_L001_R1_001_trim",0.0224444363811398,0.0120791253628631,-0.00381050891166108
"3234908_NF_EG_23_39_S37_L001_R1_001_trim",0.0104363491159718,-0.0117583861678571,-0.00012564032311237
"3234909_NF_EG_23_53_S48_L001_R1_001_trim",0.0147513069753471,-0.00463378618756075,0.000674340960500026
"3234910_NF_EG_23_77_S60_L001_R1_001_trim",0.0202413269414875,0.00280349344939335,0.000103317044487416
"3234911_NF_EG_23_93_S72_L001_R1_001_trim",-0.00717444628746531,-0.057757670807834,0.0165185778275672
"3234912_NF_EG_23_105_S83_L001_R1_001_trim",-0.0054038214704994,-0.0208467876917069,-0.00131682212845173
"3234913_NF_EG_23_2_S2_L001_R1_001_trim",-0.0140310618550845,-0.0210789064120602,0.0272314373679373
"3234914_NF_EG_23_15_S14_L001_R1_001_trim",-0.0512927364716615,0.0297933698898361,0.0440689251768167
"3234915_NF_EG_23_28_S26_L001_R1_001_trim",0.010659170455609,-0.00793017489855847,-0.000434887044518424
"3234916_NF_EG_23_40_S38_L001_R1_001_trim",0.0119435970480866,-0.00620317243424593,0.00212571195443769
"3234917_NF_EG_23_56_S49_L001_R1_001_trim",0.00676986924277555,-0.017683209439103,0.00227036455825969
"3234918_NF_EG_23_78_S61_L001_R1_001_trim",0.027139909838545,0.0192978997271767,-0.00195527538809185
"3234919_NF_EG_23_94_S73_L001_R1_001_trim",-0.0261612966456169,-0.00942989322857469,0.0107834867735758
"3234920_NF_EG_23_106_S84_L001_R1_001_trim",-0.0439916254628345,0.0132318581286795,-0.0199691885220345
"3234921_NF_EG_23_3_S3_L001_R1_001_trim",0.0227614333820264,0.00977454532245563,-0.00376809875846401
"3234922_NF_EG_23_16_S15_L001_R1_001_trim",-0.00667110271058164,-0.035696689239337,0.00861236216960138
"3234923_NF_EG_23_29_S27_L001_R1_001_trim",-0.0110487656375179,-0.0483947469874999,0.0132610764236845
"3234924_NF_EG_23_41_S39_L001_R1_001_trim",-0.0239864440215082,-0.0131520102590811,0.011529151126349
"3234925_NF_EG_23_58_S50_L001_R1_001_trim",-0.0127005753458337,-0.0523525649557574,0.00858848969587559
"3234926_NF_EG_23_79_S62_L001_R1_001_trim",0.0224586580381546,0.00854699491569924,-0.00263759967871956
"3234927_NF_EG_23_95_S74_L001_R1_001_trim",0.0240515565220637,0.0140060339434256,-0.00417811518287091
"3234928_NF_EG_23_107_S85_L001_R1_001_trim",-0.00737530871825816,-0.0368308699588808,0.00943086201199328
"3234929_NF_EG_23_4_S4_L001_R1_001_trim",-0.00981509503393846,-0.0405166219590162,0.0127860605936119
"3234930_NF_EG_23_17_S16_L001_R1_001_trim",0.000825007287180698,-0.0242464274030676,0.00524145777741119
"3234931_NF_EG_23_30_S28_L001_R1_001_trim",0.00103751154033869,-0.0240312583164714,0.00729068218866203
"3234932_NF_EG_23_43_S40_L001_R1_001_trim",-0.00999697352972907,-0.0494183492287735,0.0108293448221001
"3234933_NF_EG_23_59_S51_L001_R1_001_trim",-0.0107433308634687,-0.0477175634437154,0.0125099843125622
"3234934_NF_EG_23_82_S63_L001_R1_001_trim",-0.0235942290407982,-0.0257288584487472,-0.0160767344044686
"3234935_NF_EG_23_96_S75_L001_R1_001_trim",0.0241822692576005,0.012575622871028,-0.0035604715448064
"3234936_NF_EG_23_108_S86_L001_R1_001_trim",0.000859626777128054,-0.00245309083294661,-0.00703526282491811
"3234937_NF_EG_23_5_S5_L001_R1_001_trim",-0.0483438123215279,0.0278389925843717,0.0565105305987469
"3234938_NF_EG_23_18_S17_L001_R1_001_trim",-0.0369195762683531,0.0511565933772238,0.00106016255921602
"3234939_NF_EG_23_31_S29_L001_R1_001_trim",-0.00953580423160672,-0.0404930893029483,0.00795504575365269
"3234940_NF_EG_23_44_S41_L001_R1_001_trim",-0.0484799319031839,0.0210141153367702,0.0526878308128975
"3234941_NF_EG_23_60_S52_L001_R1_001_trim",-0.0483600930766594,0.0214654969418677,-0.0226680300846636
"3234942_NF_EG_23_83_S64_L001_R1_001_trim",-0.0223633898214158,-0.0112603152864231,-0.0116229790975892
"3234943_NF_EG_23_97_S76_L001_R1_001_trim",-0.0680741963908056,0.057097931060676,-0.0156289352962689
"3234944_NF_EG_23_109_S87_L001_R1_001_trim",0.0247342935307653,0.012936659980782,-0.00487362253397176
"3234945_NF_EG_23_6_S6_L001_R1_001_trim",-0.045977036771576,0.0139259918392712,0.0228005781836464
"3234946_NF_EG_23_19_S18_L001_R1_001_trim",0.000240103971947306,-0.0318720430684717,0.0071123921655063
"3234947_NF_EG_23_32_S30_L001_R1_001_trim",-0.013252820808848,-0.050756315734879,0.0142964737968032
"3234948_NF_EG_23_45_S42_L001_R1_001_trim",0.0160975153318548,-0.00242425686670834,-0.00187895164121406
"3234949_NF_EG_23_62_S53_L001_R1_001_trim",0.00874330541814629,-0.0149309530706063,0.00455031703535629
"3234950_NF_EG_23_84_S65_L001_R1_001_trim",-0.0121600598675936,-0.0491595918665074,0.012048781479088
"3234951_NF_EG_23_98_S77_L001_R1_001_trim",0.0278665046113246,0.0209987597269959,-0.0059740443553349
"3234952_NF_EG_23_110_S88_L001_R1_001_trim",0.00741879528918585,-0.00557686398621128,0.00444356539301175
"3234953_NF_EG_23_7_S7_L001_R1_001_trim",-0.00845425413335109,-0.0454464593567684,0.00930695247760395
"3234954_NF_EG_23_20_S19_L001_R1_001_trim",0.00470199182537972,-0.0137820695591426,0.00690756063314239
"3234955_NF_EG_23_33_S31_L001_R1_001_trim",-0.0408629372800143,0.0107711178760856,0.0382385560053417
"3234957_NF_EG_23_64_S54_L001_R1_001_trim",0.0256009000812949,0.0214546647830964,-0.00428802430238868
"3234958_NF_EG_23_85_S66_L001_R1_001_trim",0.0226645773455611,0.0141366974684833,-0.00632958938732137
"3234959_NF_EG_23_99_S78_L001_R1_001_trim",0.00679673757619589,-0.0214812099441346,0.00604325169745378
"3234960_NF_EG_23_111_S89_L001_R1_001_trim",0.0139317069549965,0.0111916876215762,0.00500401219566997
"3234961_NF_EG_23_8_S8_L001_R1_001_trim",-0.0516208675304264,0.0295869122510492,0.0540948386748374
"3234962_NF_EG_23_22_S20_L001_R1_001_trim",-0.00617744216991182,-0.0354299876107367,0.00707046818479449
"3234963_NF_EG_23_34_S32_L001_R1_001_trim",-0.0179211902602399,-0.0253160899707,0.00422055185056855
"3234964_NF_EG_23_47_S43_L001_R1_001_trim",0.0143671109194801,0.00349779799556332,-0.00238514900572441
"3234965_NF_EG_23_66_S55_L001_R1_001_trim",0.00702212639438939,-0.0139202940416797,-0.000760178938180654
"3234966_NF_EG_23_86_S67_L001_R1_001_trim",-0.0130111580582336,-0.0283668958620304,0.0212872631855552
"3234967_NF_EG_23_100_S79_L001_R1_001_trim",-0.0327392321704796,-0.0143987826796879,-0.0272929950511759
"3234968_NF_EG_23_112_S90_L001_R1_001_trim",-0.0545736118366616,0.0237024646904605,-0.0337587592468856
"3234969_NF_EG_23_9_S9_L001_R1_001_trim",0.0149489916749922,-0.00116635510071396,0.000778924405895187
"3234970_NF_EG_23_23_S21_L001_R1_001_trim",0.0263949284370854,0.0177572930779163,-0.00201284722486882
"3234971_NF_EG_23_35_S33_L001_R1_001_trim",0.0290549096330802,0.0254121637692988,-0.00572134250853734
"3234972_NF_EG_23_48_S44_L001_R1_001_trim",0.00820061756625145,-0.0152952001150162,0.00467636316667564
"3234973_NF_EG_23_70_S56_L001_R1_001_trim",0.0055465959262744,-0.0191693139920393,0.00246167974107524
"3234974_NF_EG_23_88_S68_L001_R1_001_trim",0.012440709048275,-0.0111570533101716,0.000557146229871401
"3234975_NF_EG_23_101_S80_L001_R1_001_trim",-0.0518178955234799,0.0295932488161857,-0.0246285047629848
"3234976_NF_EG_23_113_S91_L001_R1_001_trim",0.0132629138712052,-0.0045397167874235,0.00149354471439248
"3234977_NF_EG_23_10_S10_L001_R1_001_trim",0.00914544553265615,-0.00926425251773234,0.00409927103681899
"3234978_NF_EG_23_24_S22_L001_R1_001_trim",0.00215368099641837,-0.0199354603683373,0.00383232351225088
"3234979_NF_EG_23_36_S34_L001_R1_001_trim",0.0151368065579248,-0.000888107850653279,0.00154775238285541
"3234980_NF_EG_23_49_S45_L001_R1_001_trim",-0.00678356488594095,-0.0396890205903664,0.00933079986812041
"3234981_NF_EG_23_72_S57_L001_R1_001_trim",-0.00991165476732808,-0.0430388995057718,0.00977528333686204
"3234982_NF_EG_23_89_S69_L001_R1_001_trim",0.0208612605376878,0.00864277005831908,-0.00350947298403395
"3234983_NF_EG_23_102_S81_L001_R1_001_trim",-0.0612693070547275,0.0744921185228794,0.00922701566185237
"3234984_NF_EG_23_114_S92_L001_R1_001_trim",0.0143999296308663,-0.00854312983896595,-0.00122570192088417
"3234985_NF_EG_23_12_S11_L001_R1_001_trim",0.0103729136974608,-0.0137319896643835,0.000941907223704834
"3234986_NF_EG_23_25_S23_L001_R1_001_trim",0.0126142676281004,-0.00763581020852359,0.00141166886374803
"3234987_NF_EG_23_37_S35_L001_R1_001_trim",0.0218860803016083,0.0133009215402398,-0.00256812119230248
"3234988_NF_EG_23_50_S46_L001_R1_001_trim",-0.010868415627714,-0.048195462461206,0.00896633049849084
"3234989_NF_EG_23_73_S58_L001_R1_001_trim",0.0123193471647686,-0.00619657502802825,-0.00274478658141851
"3234990_NF_EG_23_90_S70_L001_R1_001_trim",-0.0103187156392721,-0.0520241178947055,0.0119286636223618
"3234991_NF_EG_23_103_S82_L001_R1_001_trim",0.028867016826277,0.0261936514442756,-0.00760936261276052
"3234992_NF_EG_23_115_S93_L001_R1_001_trim",-0.0563782744605737,0.0396416530391408,0.00265710006304603
"3234993_NF_EG_23_13_S12_L001_R1_001_trim",-0.0111974177676249,-0.0524435256595317,0.012945391728032
"3234994_NF_EG_23_26_S24_L001_R1_001_trim",0.00677756177850692,-0.00992644507366467,0.00253303555866259
"3234995_NF_EG_23_38_S36_L001_R1_001_trim",-0.00762286436344839,-0.0418461149294945,0.00895257523917863
"3234996_NF_EG_23_51_S47_L001_R1_001_trim",0.00578067320242538,-0.0113355715126197,0.00403694666887482
"3234997_NF_EG_23_76_S59_L001_R1_001_trim",-0.00737766095934513,-0.0178142815826067,0.00128135795897749
"3235001_NF_EG_23_117_S94_L001_R1_001_trim",0.00877213257647447,0.00699203692389139,-0.00563791786326433
"3235002_NF_EG_23_129_S106_L001_R1_001_trim",0.0212999952652641,0.00333951319128516,-0.00504767638895961
"3235003_NF_EG_23_141_S117_L001_R1_001_trim",0.0145160330208334,-0.00102269088261467,-0.00228790661899944
"3235004_NF_EG_23_153_S129_L001_R1_001_trim",0.00948911665335994,-0.00961950790558757,-0.00180771675794274
"3235005_NF_EG_23_166_S141_L001_R1_001_trim",-0.0694135341467046,0.0639278921910289,-0.00908607789165579
"3235006_NF_EG_23_179_S153_L001_R1_001_trim",0.0121662025716913,-0.00475459941998824,0.000908345261186541
"3235007_NF_EG_23_191_S165_L001_R1_001_trim",-0.0412595267336804,-0.0224194224674627,-0.0515748594249583
"3235008_NF_EG_23_295_S176_L001_R1_001_trim",0.0058593654557115,-0.0127910036691247,-5.65605746550342e-05
"3235009_NF_EG_23_118_S95_L001_R1_001_trim",0.0188296875757088,0.000382025571147506,0.000740853921901808
"3235010_NF_EG_23_130_S107_L001_R1_001_trim",0.0230319876452208,0.0155779967228635,-0.00272192831306496
"3235011_NF_EG_23_142_S118_L001_R1_001_trim",-0.0539770323171192,0.0405323351989941,-0.0213848893267163
"3235012_NF_EG_23_154_S130_L001_R1_001_trim",-0.0637192106200204,0.0564427324951792,0.00578525758795307
"3235013_NF_EG_23_168_S142_L001_R1_001_trim",-0.0126106425692955,-0.0488174041282029,0.0126651840041631
"3235014_NF_EG_23_180_S154_L001_R1_001_trim",-0.00828119400293651,-0.0157223933343627,-0.00922466632248973
"3235015_NF_EG_23_192_S166_L001_R1_001_trim",0.00115998157711264,-0.00110037339296429,-0.00666164157994323
"3235016_NF_EG_23_296_S177_L001_R1_001_trim",0.0255770309761169,0.0163645376625676,-0.00511648574768294
"3235017_NF_EG_23_119_S96_L001_R1_001_trim",0.0189761426515106,0.00696597145849301,-0.000222154785941233
"3235018_NF_EG_23_131_S108_L001_R1_001_trim",-0.0424592496831019,0.00462601993137475,-0.0451381242104214
"3235019_NF_EG_23_143_S119_L001_R1_001_trim",0.0306109706067191,0.0266521084991501,-0.00681177899296181
"3235020_NF_EG_23_156_S131_L001_R1_001_trim",0.00851110438394009,-0.0126844524556827,0.00414806822538661
"3235021_NF_EG_23_169_S143_L001_R1_001_trim",0.0219793760772337,0.0128593925985726,-0.00393394493038615
"3235022_NF_EG_23_181_S155_L001_R1_001_trim",0.020692701195935,0.00364400861350952,-0.000716024892676966
"3235023_NF_EG_23_260_S167_L001_R1_001_trim",0.0192901423403519,0.0104569148224453,-0.000381598533332208
"3235024_NF_EG_23_297_S178_L001_R1_001_trim",-0.0108149548449352,-0.0485796911102137,0.00907907065636056
"3235025_NF_EG_23_120_S97_L001_R1_001_trim",-0.068466070499006,0.0600913048940045,-0.0121529412937628
"3235027_NF_EG_23_144_S120_L001_R1_001_trim",0.0174312608276608,0.000439829846735625,-0.0010526486606164
"3235028_NF_EG_23_157_S132_L001_R1_001_trim",0.023121540397202,0.0120862960582827,-0.00457865631320987
"3235029_NF_EG_23_170_S144_L001_R1_001_trim",0.0176781449721417,-0.00244131223827119,-0.00538479991954558
"3235030_NF_EG_23_155_S156_L001_R1_001_trim",-0.0459937577743745,0.00452709910288782,-0.0340768632789312
"3235031_NF_EG_23_265_S168_L001_R1_001_trim",0.0190258289007871,0.00734203629667296,-0.00150184180325881
"3235032_NF_EG_23_299_S179_L001_R1_001_trim",0.0279252919144965,0.0236166452207437,-0.00700308823890021
"3235033_NF_EG_23_121_S98_L001_R1_001_trim",-0.000161307838050789,-0.0267730198455485,0.00237321292597126
"3235034_NF_EG_23_133_S109_L001_R1_001_trim",0.0219044025858753,0.0106178994083774,-0.00374176713049586
"3235035_NF_EG_23_145_S121_L001_R1_001_trim",-0.0575321581296974,0.0384242658731198,-0.0214454714257578
"3235036_NF_EG_23_158_S133_L001_R1_001_trim",-0.0265305571716022,-0.0089048269383328,-0.0185895949851733
"3235037_NF_EG_23_171_S145_L001_R1_001_trim",0.0175568182600075,0.00512846866871429,-0.00311580247449418
"3235038_NF_EG_23_183_S157_L001_R1_001_trim",0.024588654914374,0.0289639832158473,-0.00944128289331579
"3235039_NF_EG_23_284_S169_L001_R1_001_trim",-0.0118107524102443,-0.0468917061753926,-0.00109487530431916
"3235040_NF_EG_23_300_S180_L001_R1_001_trim",0.0102384354603719,-0.011949790106991,0.00154904027312662
"3235041_NF_EG_23_122_S99_L001_R1_001_trim",0.0260779563576443,0.0197017478475709,-0.00440011142390995
"3235042_NF_EG_23_134_S110_L001_R1_001_trim",0.00457461781057227,-0.0195646330243643,0.00445863019559794
"3235043_NF_EG_23_146_S122_L001_R1_001_trim",0.00220262081397656,-0.0200402090316016,0.00577127133594004
"3235044_NF_EG_23_159_S134_L001_R1_001_trim",0.0257501835554363,0.0168719327467816,-0.00372504302196733
"3235045_NF_EG_23_172_S146_L001_R1_001_trim",0.00508712828006669,0.0122578053874561,-0.012081349396494
"3235046_NF_EG_23_184_S158_L001_R1_001_trim",0.00500271109409159,-0.0208080092750672,0.00308545288378275
"3235047_NF_EG_23_285_S170_L001_R1_001_trim",0.0286310764937845,0.0196732191842656,-0.0046588578319203
"3235048_NF_EG_23_301_S181_L001_R1_001_trim",1.08095803698377e-05,-0.0315789802503137,0.00819505193263831
"3235049_NF_EG_23_123_S100_L001_R1_001_trim",0.0260550293187028,0.0175768845253364,-0.00342916321482373
"3235050_NF_EG_23_135_S111_L001_R1_001_trim",0.0218479952038814,0.0125829725031454,-0.00471687828429006
"3235051_NF_EG_23_147_S123_L001_R1_001_trim",0.0211332496579978,0.0108548233626811,-0.00416672256808824
"3235052_NF_EG_23_160_S135_L001_R1_001_trim",0.0213345984640707,0.00713572396419049,-0.00236965795912001
"3235053_NF_EG_23_173_S147_L001_R1_001_trim",0.00510698540312662,-0.0166678493942776,0.00422782853036688
"3235054_NF_EG_23_185_S159_L001_R1_001_trim",-0.0119979877444828,-0.0201324477493317,-0.0125876535799901
"3235055_NF_EG_23_289_S171_L001_R1_001_trim",-0.00845797632362237,-0.0251925892933012,-5.40969379420329e-05
"3235056_NF_EG_23_302_S182_L001_R1_001_trim",-0.000153782658398138,-0.0268308046864213,0.00170789345283248
"3235057_NF_EG_23_124_S101_L001_R1_001_trim",0.00417378527072363,-0.0136212862141188,-0.00153607746312616
"3235058_NF_EG_23_136_S112_L001_R1_001_trim",0.0227889879903392,0.0168196389798925,-0.00403208888361337
"3235059_NF_EG_23_148_S124_L001_R1_001_trim",-0.036896900962431,-0.0160550174261967,-0.0357194827815921
"3235060_NF_EG_23_161_S136_L001_R1_001_trim",-0.0505288481311187,0.0239716056221524,-0.0255186901472162
"3235061_NF_EG_23_190_S148_L001_R1_001_trim",-0.0436236317624345,0.00802443848116039,0.028425184998089
"3235062_NF_EG_23_186_S160_L001_R1_001_trim",0.012942923624789,-0.00184497779437885,-0.000694082629086403
"3235063_NF_EG_23_290_S172_L001_R1_001_trim",-0.0549697944954467,0.0349325466451754,-0.0209234146252052
"3235064_NF_EG_23_303_S183_L001_R1_001_trim",0.00389499395676743,0.00286947234253582,-0.00552485753322263
"3235065_NF_EG_23_125_S102_L001_R1_001_trim",-0.0137341881670922,-0.0274343539026381,-0.013195383786318
"3235066_NF_EG_23_137_S113_L001_R1_001_trim",0.00585737237268371,-0.0197166782013654,0.00363285710910146
"3235067_NF_EG_23_149_S125_L001_R1_001_trim",0.0249744594360619,0.0164831242584673,-0.00328978736861603
"3235068_NF_EG_23_162_S137_L001_R1_001_trim",-0.0348692941905154,-0.0180852031289136,-0.0411361569707695
"3235069_NF_EG_23_175_S149_L001_R1_001_trim",0.0101242782853259,-0.0113074108791384,0.00224669666639097
"3235070_NF_EG_23_187_S161_L001_R1_001_trim",0.0290475058368543,0.0239615626469683,-0.004651420310449
"3235071_NF_EG_23_291_S173_L001_R1_001_trim",-0.0420113108434182,0.000458702981802388,-0.0355333038079481
"3235072_NF_EG_23_304_S184_L001_R1_001_trim",0.017744930340692,0.00545874230428937,-0.00128082418469155
"3235073_NF_EG_23_126_S103_L001_R1_001_trim",0.0234411492196341,0.0145170148059772,-0.00499520398397549
"3235074_NF_EG_23_138_S114_L001_R1_001_trim",0.0147915147829745,-0.0042251396172387,0.00125298281733981
"3235075_NF_EG_23_150_S126_L001_R1_001_trim",-0.052581968772692,0.0223039509938207,-0.0176854942879546
"3235076_NF_EG_23_163_S138_L001_R1_001_trim",-0.0396035567978075,-0.0137850752939596,-0.033470836710252
"3235077_NF_EG_23_176_S150_L001_R1_001_trim",0.0271744716697882,0.0238347611417192,-0.00768588491801823
"3235078_NF_EG_23_188_S162_L001_R1_001_trim",0.0244445912110697,0.0185416884695679,-0.00247507999922225
"3235079_NF_EG_23_292_S174_L001_R1_001_trim",-0.00912256300006809,-0.0397689915642795,0.010454462644295
"3235080_NF_EG_23_305_S185_L001_R1_001_trim",0.00363965949351579,-0.0249845521836195,0.00631653170529965
"3235081_NF_EG_23_127_S104_L001_R1_001_trim",0.00493120534686237,-0.0194812086899705,0.00404367758287218
"3235082_NF_EG_23_139_S115_L001_R1_001_trim",-0.0171971482683944,-0.018515462390314,-0.0160710852817057
"3235083_NF_EG_23_151_S127_L001_R1_001_trim",0.0290037087132827,0.0241468132871192,-0.00563045694317022
"3235084_NF_EG_23_164_S139_L001_R1_001_trim",-0.0368474504708473,0.0467363398069004,-0.00750895920353842
"3235085_NF_EG_23_177_S151_L001_R1_001_trim",0.00517467258535489,-0.017159465445814,0.00467309334280936
"3235086_NF_EG_23_189_S163_L001_R1_001_trim",0.00106165732880709,0.0674469336971208,-0.0302310287134094
"3235087_NF_EG_23_293_S175_L001_R1_001_trim",0.0238487013844978,0.015921012352786,-0.00477672286217115
"3235088_NF_EG_23_306_S186_L001_R1_001_trim",0.0245053782938177,0.0138228867866546,-0.00235135175922889
"3235089_NF_EG_23_128_S105_L001_R1_001_trim",0.0248894611964693,0.0149760218915343,-0.00336502244222533
"3235090_NF_EG_23_140_S116_L001_R1_001_trim",0.0302335196929354,0.0267621002005276,-0.00606229020662847
"3235091_NF_EG_23_152_S128_L001_R1_001_trim",-0.0103651741454061,-0.0463959167233629,0.00943820812750617
"3235092_NF_EG_23_165_S140_L001_R1_001_trim",-0.0416643229565259,-0.0172257914452527,-0.04252025332937
"3235093_NF_EG_23_178_S152_L001_R1_001_trim",0.02658935999078,0.0253986420435066,-0.00662813540357446
"3235617_NF_EG_23_408_S187_L002_R1_001_trim",-0.010120833221551,-0.0499462677245054,0.0100147333971707
"3235618_NF_EG_23_420_S199_L002_R1_001_trim",0.0247748800139461,0.0158988285893962,-0.00532300622896841
"3235619_NF_EG_23_432_S211_L002_R1_001_trim",-0.0421478994883068,-0.0233182937624361,-0.054690277104843
"3235620_NF_EG_23_444_S223_L002_R1_001_trim",0.00316655134510621,-0.00686721887850514,-0.00382521205964735
"3235621_NF_EG_23_457_S234_L002_R1_001_trim",-0.0487163018421687,0.0174095253261945,0.0357630465487683
"3235622_NF_EG_23_469_S246_L002_R1_001_trim",0.0240109804701078,0.0133417007881307,-0.00624581737357888
"3235623_NPK_EG_23_1_S258_L002_R1_001_trim",0.0274579043468032,0.0164007289107761,-0.00658547066283536
"3235624_NPK_EG_23_26_S269_L002_R1_001_trim",-0.00766112916230623,-0.0377157274953306,0.00603428709765788
"3235625_NF_EG_23_409_S188_L002_R1_001_trim",0.0197006280244988,0.00565078979237877,-0.00262610744029142
"3235626_NF_EG_23_421_S200_L002_R1_001_trim",0.0212494366800674,0.0100773308153211,-0.00249198148382938
"3235627_NF_EG_23_433_S212_L002_R1_001_trim",-0.00666269292154366,-0.0428646832728534,0.00702734564010968
"3235629_NF_EG_23_458_S235_L002_R1_001_trim",0.02257161618006,0.01061030808184,-0.00339522601671057
"3235630_NF_EG_23_470_S247_L002_R1_001_trim",0.0196609553722297,0.00369052734040101,-0.00194177292780318
"3235631_NPK_EG_23_5_S259_L002_R1_001_trim",0.0211043168399396,0.00717697420940726,-0.000469112043203528
"3235632_NPK_EG_23_27_S270_L002_R1_001_trim",0.0176517908308972,-0.00272929382475776,0.00184967613661728
"3235633_NF_EG_23_410_S189_L002_R1_001_trim",0.00256923190389118,-0.0125988911858823,0.000963302757195038
"3235634_NF_EG_23_422_S201_L002_R1_001_trim",-0.0105950315166877,-0.0261182312359625,0.00943660766484306
"3235635_NF_EG_23_434_S213_L002_R1_001_trim",0.0283732288880574,0.0227282545075152,-0.00636651408557783
"3235636_NF_EG_23_447_S224_L002_R1_001_trim",0.0101596426820153,-0.00928769026692636,0.000167878454159912
"3235637_NF_EG_23_459_S236_L002_R1_001_trim",0.00574112270474358,-0.0216136451181644,0.00352113296087276
"3235638_NF_EG_23_471_S248_L002_R1_001_trim",0.0298009841728347,0.0249686722838287,-0.00483323762210522
"3235639_NPK_EG_23_7_S260_L002_R1_001_trim",0.00738424141233989,-0.0193686636227117,0.00166868442281197
"3235640_NPK_EG_23_29_S271_L002_R1_001_trim",0.0207383505124373,0.0079759653489685,-0.00218923851676956
"3235641_NF_EG_23_411_S190_L002_R1_001_trim",0.0280646128357533,0.0211329882956876,-0.00542212758916093
"3235642_NF_EG_23_423_S202_L002_R1_001_trim",0.00940446964240035,-0.0113494176691886,0.0054598931526293
"3235643_NF_EG_23_435_S214_L002_R1_001_trim",-0.0245783285807042,-0.0062615339122217,0.0147469880177617
"3235644_NF_EG_23_448_S225_L002_R1_001_trim",0.00521448429350034,-0.00464012147082625,-0.00282069518272794
"3235645_NF_EG_23_460_S237_L002_R1_001_trim",0.0276428304840779,0.0196517503503835,-0.00709033436915741
"3235646_NF_EG_23_472_S249_L002_R1_001_trim",0.0049805385833942,-0.00511032799115232,-0.0027188763774384
"3235647_NPK_EG_23_9_S261_L002_R1_001_trim",0.0237309525516884,0.0141607737814419,-0.00520061015874347
"3235648_NPK_EG_23_31_S272_L002_R1_001_trim",0.0272796456229089,0.0204838263722437,-0.00382709266179317
"3235649_NF_EG_23_412_S191_L002_R1_001_trim",0.00362701326190934,-0.024748059492442,0.00598724050671589
"3235650_NF_EG_23_424_S203_L002_R1_001_trim",0.00692162409093018,-0.0196469720711201,0.00251403504726783
"3235651_NF_EG_23_436_S215_L002_R1_001_trim",0.0288518473654224,0.0256429848287771,-0.00622044412926861
"3235652_NF_EG_23_449_S226_L002_R1_001_trim",0.0244345068362956,0.0172905400451741,-0.0058764111186982
"3235653_NF_EG_23_461_S238_L002_R1_001_trim",0.0276171177542648,0.0211840034057759,-0.00426481701841566
"3235654_NF_EG_23_473_S250_L002_R1_001_trim",0.026392097675923,0.0174752045237401,-0.0054108168981321
"3235655_NPK_EG_23_12_S262_L002_R1_001_trim",0.0109997580042174,-0.00369062289004675,-0.000404898131387079
"3235656_NPK_EG_23_32_S273_L002_R1_001_trim",0.0247330675564813,0.0151976663892612,-0.0034380704973906
"3235657_NF_EG_23_413_S192_L002_R1_001_trim",0.0087198443513519,-0.016546787782564,0.00501040075730996
"3235658_NF_EG_23_425_S204_L002_R1_001_trim",0.00219137812084554,-0.0233982130621295,0.00398649912988973
"3235659_NF_EG_23_437_S216_L002_R1_001_trim",0.0288519201166958,0.0253339578202435,-0.00637181600829065
"3235660_NF_EG_23_450_S227_L002_R1_001_trim",0.0278417643959448,0.01889547475087,-0.00449974036885067
"3235661_NF_EG_23_462_S239_L002_R1_001_trim",0.0215516828127377,0.0120160201016856,-0.000438905761492956
"3235662_NF_EG_23_474_S251_L002_R1_001_trim",0.011735809168741,-0.00755496735115059,0.00193563833359603
"3235663_NPK_EG_23_13_S263_L002_R1_001_trim",0.0181474904823548,0.00765986049524817,-0.00112351085354734
"3235664_NPK_EG_23_33_S274_L002_R1_001_trim",0.0217023242707291,0.0041650844605599,-0.00411902531035624
"3235665_NF_EG_23_414_S193_L002_R1_001_trim",0.0187022807439699,0.00807981636650681,-7.97580066059282e-05
"3235666_NF_EG_23_426_S205_L002_R1_001_trim",-0.00356203858749396,-0.0211891827752916,0.00551316408505656
"3235667_NF_EG_23_438_S217_L002_R1_001_trim",0.0162630158089534,0.00258764936662435,-0.00201539932126959
"3235668_NF_EG_23_451_S228_L002_R1_001_trim",0.0250680338396758,0.0145794319069389,-0.00267612189345954
"3235669_NF_EG_23_463_S240_L002_R1_001_trim",0.023937706767836,0.0107993518688695,-0.00472615779089673
"3235670_NF_EG_23_475_S252_L002_R1_001_trim",0.0267942389666686,0.017443145258979,-0.00456085709842061
"3235671_NPK_EG_23_14_S264_L002_R1_001_trim",0.0182456455934656,0.00487229433723591,0.000382868036973093
"3235672_NPK_EG_23_34_S275_L002_R1_001_trim",-0.0114654690711705,-0.041499109815885,0.00401624012068597
"3235673_NF_EG_23_415_S194_L002_R1_001_trim",0.00713633035585709,-0.0188194914933032,0.00365647848192109
"3235674_NF_EG_23_427_S206_L002_R1_001_trim",0.0279598528708918,0.0204177819747364,-0.00474793607404421
"3235675_NF_EG_23_439_S218_L002_R1_001_trim",0.0275516381741764,0.0217631128135677,-0.00404317694090321
"3235676_NF_EG_23_452_S229_L002_R1_001_trim",0.0282068048193903,0.0204683539981584,-0.00464390130156946
"3235677_NF_EG_23_464_S241_L002_R1_001_trim",0.0181084255293097,0.0057374492408028,-0.00211253844807245
"3235678_NF_EG_23_476_S253_L002_R1_001_trim",-0.0505533019529842,0.0242949144367513,-0.0324597549116297
"3235679_NPK_EG_23_16_S265_L002_R1_001_trim",-0.00632227726408896,-0.0374708897445054,0.0057411092691017
"3235680_NPK_EG_23_35_S276_L002_R1_001_trim",0.0142319173522815,-0.00622179289597629,0.00241877892088722
"3235681_NF_EG_23_416_S195_L002_R1_001_trim",-0.027120471666727,-0.0272209734483587,-0.0510784540792372
"3235682_NF_EG_23_428_S207_L002_R1_001_trim",0.0234362497891742,0.0163231879383211,-0.00414039444358834
"3235683_NF_EG_23_440_S219_L002_R1_001_trim",0.00682192513513585,-0.0184373964944322,0.00503215785156832
"3235684_NF_EG_23_453_S230_L002_R1_001_trim",-0.00587836281603054,-0.0357860078991194,0.00653312569785271
"3235685_NF_EG_23_465_S242_L002_R1_001_trim",0.0289379198015455,0.0242864661461742,-0.00409498108151893
"3235686_NF_EG_23_477_S254_L002_R1_001_trim",0.0242929358077457,0.0169483112466551,-0.00442278352043498
"3235687_NPK_EG_23_18_S266_L002_R1_001_trim",-0.00917967383578273,-0.0401743896848195,0.00730457105500166
"3235688_NPK_EG_23_37_S277_L002_R1_001_trim",0.00754202849779666,-0.0136575532399327,0.00267872586048618
"3235689_NF_EG_23_417_S196_L002_R1_001_trim",0.00666818440121467,-0.0127011920212546,-4.9789614829573e-05
"3235690_NF_EG_23_429_S208_L002_R1_001_trim",0.00494651951680025,-0.00420709320268167,0.000113555855478132
"3235691_NF_EG_23_441_S220_L002_R1_001_trim",0.0216305878581157,0.0109337494525344,-0.00374633205257662
"3235692_NF_EG_23_454_S231_L002_R1_001_trim",-0.00770130298748865,-0.0410031858835404,0.0083144759129627
"3235693_NF_EG_23_466_S243_L002_R1_001_trim",0.00856423583095588,-0.0118432834548554,0.0044522485022247
"3235694_NF_EG_23_478_S255_L002_R1_001_trim",0.0155100078214503,0.00147645089744309,-0.0018080993611176
"3235695_NPK_EG_23_21_S267_L002_R1_001_trim",-0.0474001321553887,0.0214332228821351,0.029277500048542
"3235696_NPK_EG_23_39_S278_L002_R1_001_trim",-0.0485238627650866,0.00919404855401614,-0.0307029694947659
"3235697_NF_EG_23_418_S197_L002_R1_001_trim",0.0280127349978602,0.0226379322602863,-0.00706974204074819
"3235698_NF_EG_23_430_S209_L002_R1_001_trim",0.00735469768228517,-0.00360504689563694,-0.00467098837540554
"3235699_NF_EG_23_442_S221_L002_R1_001_trim",-0.0380940183151524,-0.0199904123658201,-0.0487815617754877
"3235700_NF_EG_23_455_S232_L002_R1_001_trim",0.0088819174358276,-0.011119629150823,0.000546999294051129
"3235701_NF_EG_23_467_S244_L002_R1_001_trim",-0.00256234135309421,-0.0340249793712555,0.00764265604936339
"3235702_NF_EG_23_479_S256_L002_R1_001_trim",0.023348321739513,0.0113056915381508,-0.00440163168093388
"3235703_NPK_EG_23_22_S268_L002_R1_001_trim",-0.0116000158037049,-0.0503346913140706,0.0108798042663554
"3235704_NPK_EG_23_41_S279_L002_R1_001_trim",0.0251721130340362,0.00852343609458941,-0.00495019344229002
"3235705_NF_EG_23_419_S198_L002_R1_001_trim",-0.00122435471189604,-0.0324387423653231,0.00478174405894394
"3235706_NF_EG_23_431_S210_L002_R1_001_trim",-0.0672318378029813,0.0514716403280954,-0.0239448735259398
"3235707_NF_EG_23_443_S222_L002_R1_001_trim",-0.0131174654134115,-0.0240400915876725,0.0227031733236849
"3235708_NF_EG_23_456_S233_L002_R1_001_trim",0.0294199913024604,0.0237351394428635,-0.00545527368153493
"3235709_NF_EG_23_468_S245_L002_R1_001_trim",-0.00907237344318392,-0.0567376318155568,0.0146954948386147
"3235713_NF_EG_23_308_S280_L002_R1_001_trim",0.0240902295398198,0.010501747366881,-0.00336637354836225
"3235714_NF_EG_23_320_S292_L002_R1_001_trim",0.0254806329021646,0.0188464699800645,-0.00618719999630324
"3235715_NF_EG_23_333_S304_L002_R1_001_trim",0.0206529005251453,0.00926246931523367,-0.00264450863156959
"3235716_NF_EG_23_345_S316_L002_R1_001_trim",-0.0393134078645765,0.0511484223877447,0.00182874256502707
"3235717_NF_EG_23_358_S328_L002_R1_001_trim",0.0148105876863405,-0.00253101302814922,0.000125727085547385
"3235718_NF_EG_23_370_S340_L002_R1_001_trim",-0.0466902876905105,0.0266342252032861,0.117553338235711
"3235719_NF_EG_23_382_S352_L002_R1_001_trim",-0.028024470934107,-0.0234547078447732,-0.0201530808923389
"3235720_NF_EG_23_395_S363_L002_R1_001_trim",-0.0397676831068096,-0.0126441670914339,-0.0329306294147373
"3235721_NF_EG_23_309_S281_L002_R1_001_trim",-0.0452456888554002,-0.00423123713058507,-0.046890734732006
"3235722_NF_EG_23_322_S293_L002_R1_001_trim",-0.00573967518321035,-0.0136656953558013,-0.0208532159330955
"3235723_NF_EG_23_334_S305_L002_R1_001_trim",0.0262195526769238,0.020079647935221,-0.0043777792455473
"3235724_NF_EG_23_346_S317_L002_R1_001_trim",0.0166901324436094,0.00107919323264721,-0.000615214612106469
"3235725_NF_EG_23_359_S329_L002_R1_001_trim",-0.0151294345995546,-0.0334221024088535,0.0120988259710009
"3235726_NF_EG_23_371_S341_L002_R1_001_trim",0.0283865511715541,0.0242592285092029,-0.00543248983016363
"3235727_NF_EG_23_383_S353_L002_R1_001_trim",-0.0510228242912321,0.0418777006169191,0.144149015982409
"3235728_NF_EG_23_396_S364_L002_R1_001_trim",0.0272180364735762,0.020377041317746,-0.00288871939580704
"3235729_NF_EG_23_310_S282_L002_R1_001_trim",0.0171093614826972,-0.000692621900371043,-0.00199688489563313
"3235730_NF_EG_23_323_S294_L002_R1_001_trim",0.0192080477571013,0.00846291208415172,-0.0036589546743093
"3235731_NF_EG_23_335_S306_L002_R1_001_trim",0.00402037692843619,-0.0205668630552348,0.0049749668326909
"3235732_NF_EG_23_347_S318_L002_R1_001_trim",0.0288186742406657,0.0262060043922398,-0.00763111243750519
"3235733_NF_EG_23_360_S330_L002_R1_001_trim",-0.0534298038149981,0.0241605230216754,-0.0298461509011167
"3235734_NF_EG_23_372_S342_L002_R1_001_trim",0.014822101859966,-0.00589521309951149,0.002868050879959
"3235735_NF_EG_23_385_S354_L002_R1_001_trim",0.0322031100792157,0.025983752533994,-0.00393242763905438
"3235737_NF_EG_23_311_S283_L002_R1_001_trim",0.0103434389580057,-0.00892879463917358,0.000297469792241183
"3235738_NF_EG_23_324_S295_L002_R1_001_trim",-0.0616143895250897,0.0433714378099344,-0.0172525091032968
"3235739_NF_EG_23_336_S307_L002_R1_001_trim",0.0163756964124123,-0.00275294322499637,0.0019552900269595
"3235740_NF_EG_23_348_S319_L002_R1_001_trim",-0.0387733867566909,-0.0214886135118083,-0.0402827085721609
"3235741_NF_EG_23_361_S331_L002_R1_001_trim",0.0149178733135495,0.00144012237586603,-0.0010040744617424
"3235742_NF_EG_23_373_S343_L002_R1_001_trim",0.0231090755729719,0.0121565107495648,-0.00422212491538941
"3235743_NF_EG_23_386_S355_L002_R1_001_trim",0.0226494581753273,0.016038019317434,-0.00486706196744503
"3235744_NF_EG_23_398_S365_L002_R1_001_trim",-0.0403975811617228,-0.0172145527750185,-0.0419767024137251
"3235745_NF_EG_23_312_S284_L002_R1_001_trim",0.0220401623288176,0.00585161982120613,-0.00542317995116847
"3235746_NF_EG_23_325_S296_L002_R1_001_trim",-0.0646919387991384,0.0504287875234341,-0.0238283136857827
"3235747_NF_EG_23_337_S308_L002_R1_001_trim",0.0107367541571325,-0.0114842752058016,0.00244053412333821
"3235748_NF_EG_23_349_S320_L002_R1_001_trim",0.029141913370454,0.0235720597059177,-0.00622018161138395
"3235749_NF_EG_23_362_S332_L002_R1_001_trim",0.0154203718930599,0.000536759444526333,-0.000381378601384421
"3235750_NF_EG_23_374_S344_L002_R1_001_trim",0.0268249181795213,0.0184180269457368,-0.003869757368784
"3235751_NF_EG_23_387_S356_L002_R1_001_trim",0.0134020163781961,-0.00233204643051268,-0.000577536359283936
"3235752_NF_EG_23_399_S366_L002_R1_001_trim",0.0231020009641554,0.0145464953165222,-0.00555455383111378
"3235753_NF_EG_23_313_S285_L002_R1_001_trim",0.00990011276176785,-0.00791532024162141,-0.00113965122204991
"3235754_NF_EG_23_326_S297_L002_R1_001_trim",0.0182648887965401,0.00467770001983604,-0.00385870212826142
"3235755_NF_EG_23_338_S309_L002_R1_001_trim",-0.0103222991740047,-0.0502686547683217,0.0100960864882832
"3235756_NF_EG_23_350_S321_L002_R1_001_trim",-0.0458683682047964,-0.00217563259736511,-0.0382695085333141
"3235757_NF_EG_23_363_S333_L002_R1_001_trim",0.0212171180232711,0.00955601148891573,-0.00582882992155338
"3235758_NF_EG_23_375_S345_L002_R1_001_trim",0.0266557309440148,0.0214697649135084,-0.00424847508019743
"3235759_NF_EG_23_388_S357_L002_R1_001_trim",0.00697599974470584,-0.0138904701312885,0.00331505528139311
"3235760_NF_EG_23_400_S367_L002_R1_001_trim",-0.00979090605443543,-0.0476288368001613,0.00882880554972997
"3235761_NF_EG_23_314_S286_L002_R1_001_trim",-0.015555666884791,-0.0255831089036787,0.0323940039756379
"3235762_NF_EG_23_327_S298_L002_R1_001_trim",-0.00869457546130659,-0.04878061670174,0.00908873270810171
"3235763_NF_EG_23_339_S310_L002_R1_001_trim",0.0184877103228459,0.00875161004889425,-2.85159695589371e-05
"3235764_NF_EG_23_351_S322_L002_R1_001_trim",0.023557247764806,0.0105549085699506,-0.00532151282949308
"3235765_NF_EG_23_364_S334_L002_R1_001_trim",-0.000896417206350427,-0.0287321135051761,0.0098182902874245
"3235766_NF_EG_23_376_S346_L002_R1_001_trim",0.0182753115189221,0.00755799627266917,-0.00364464882009192
"3235767_NF_EG_23_389_S358_L002_R1_001_trim",0.0223232390154279,0.00875854869581878,-0.00239444208913425
"3235768_NF_EG_23_401_S368_L002_R1_001_trim",-0.00857079265653901,-0.0466724888931117,0.0085162588777488
"3235769_NF_EG_23_315_S287_L002_R1_001_trim",0.0234302933502682,0.00952630827185271,-0.00372160691793096
"3235770_NF_EG_23_328_S299_L002_R1_001_trim",0.0111704100748303,-0.00940928100121384,0.00214400697741743
"3235771_NF_EG_23_340_S311_L002_R1_001_trim",0.00395621549067997,-0.0207733549376255,0.0026108267178724
"3235772_NF_EG_23_352_S323_L002_R1_001_trim",0.0247792203732276,0.0164593879868575,-0.00302339709091692
"3235773_NF_EG_23_365_S335_L002_R1_001_trim",0.0216409517114867,0.0253909543368931,-0.00647323829157413
"3235774_NF_EG_23_377_S347_L002_R1_001_trim",0.0224647749153322,0.0101217001365629,-0.00625354864107128
"3235775_NF_EG_23_390_S359_L002_R1_001_trim",-0.00637933285643146,-0.0361944125008507,0.00636218773249654
"3235776_NF_EG_23_402_S369_L002_R1_001_trim",-0.0108909144775954,-0.0508975763541356,0.0127174871173291
"3235777_NF_EG_23_316_S288_L002_R1_001_trim",0.00256073668058253,-0.0233654761352662,0.00431134425364973
"3235778_NF_EG_23_329_S300_L002_R1_001_trim",0.0044513299400956,-0.0236465935499818,0.00360272488358327
"3235779_NF_EG_23_341_S312_L002_R1_001_trim",0.0223148981870298,0.0107233829271262,-0.00300619309446745
"3235780_NF_EG_23_353_S324_L002_R1_001_trim",-0.0117211800347472,-0.05354368800759,0.0138690260161388
"3235781_NF_EG_23_366_S336_L002_R1_001_trim",0.0112055099804377,-0.0123962031666172,0.00276053839952638
"3235782_NF_EG_23_378_S348_L002_R1_001_trim",0.0251585122439199,0.0181979729002788,-0.00491320189020232
"3235783_NF_EG_23_391_S360_L002_R1_001_trim",-0.0148582356134331,-0.0189229061897215,-0.00982928349094906
"3235784_NF_EG_23_403_S370_L002_R1_001_trim",0.01278314966805,-0.0039914954429562,0.00154865162301509
"3235785_NF_EG_23_317_S289_L002_R1_001_trim",-0.01374014972361,-0.0307830707664291,0.0140359827603136
"3235786_NF_EG_23_330_S301_L002_R1_001_trim",0.0233347391109216,0.013944214784654,-0.00437843593743909
"3235787_NF_EG_23_342_S313_L002_R1_001_trim",0.0214129487740072,0.013522355053115,-0.00579561050126587
"3235788_NF_EG_23_354_S325_L002_R1_001_trim",0.0300797593929838,0.0268719248021473,-0.00878373060087506
"3235789_NF_EG_23_367_S337_L002_R1_001_trim",0.0240084647573853,0.0166061977947377,-0.0019122758678847
"3235790_NF_EG_23_379_S349_L002_R1_001_trim",0.0235205874061334,0.0151197007429292,-0.00501221940766591
"3235791_NF_EG_23_392_S361_L002_R1_001_trim",0.0121263938547154,-0.00303524183356588,-0.0015001379142017
"3235792_NF_EG_23_404_S371_L002_R1_001_trim",-0.0398874409971948,-0.00976891893727142,-0.0371850854468381
"3235793_NF_EG_23_318_S290_L002_R1_001_trim",0.025148733410369,0.0169908760299675,-0.00574754696773416
"3235794_NF_EG_23_331_S302_L002_R1_001_trim",0.0116741658317527,-0.00995439303151345,0.00537832071009573
"3235795_NF_EG_23_343_S314_L002_R1_001_trim",0.00959002286407871,0.00724261102046824,-0.00461619871948914
"3235796_NF_EG_23_356_S326_L002_R1_001_trim",0.0139664428674464,-0.0025942133706815,-0.00108040201185565
"3235797_NF_EG_23_368_S338_L002_R1_001_trim",0.0117384711973153,0.0154916097303743,-0.00266102229953774
"3235798_NF_EG_23_380_S350_L002_R1_001_trim",-0.0116962418827796,-0.048321868587927,0.0105633720765589
"3235799_NF_EG_23_393_S362_L002_R1_001_trim",-0.0421680132007961,-0.0234759580155474,-0.0520798336578465
"3235800_NF_EG_23_405_S372_L002_R1_001_trim",0.0206861719505481,0.00566220404007935,-0.00107286888947604
"3235801_NF_EG_23_319_S291_L002_R1_001_trim",0.0326174708170668,0.0282448602429882,-0.00681324501423866
"3235802_NF_EG_23_332_S303_L002_R1_001_trim",-0.0351072439274874,0.00248505377736211,0.034949102183338
"3235803_NF_EG_23_344_S315_L002_R1_001_trim",-0.0122039731975971,-0.0525942923499238,0.023990545471647
"3235804_NF_EG_23_357_S327_L002_R1_001_trim",-0.0115458976952709,-0.0546611112357339,0.0101698436235848
"3235805_NF_EG_23_369_S339_L002_R1_001_trim",0.0228382741808917,0.0101287782905442,-0.00408805627774151
"3236963_NPK_EG_23_46_S1_L001_R1_001_trim",-0.0605180564867635,0.0384953205809261,-0.0225337254002981
"3236964_NPK_EG_23_60_S13_L001_R1_001_trim",-0.021750619700723,-0.00897168010022823,0.0162631306152232
"3236965_NPK_EG_23_76_S25_L001_R1_001_trim",0.00685270175955603,-0.016206199843092,0.00283944601186139
"3236966_NPK_EG_23_89_S37_L001_R1_001_trim",0.00439069489949977,-0.0123782122107052,0.00314983835237218
"3236967_NPK_EG_23_102_S49_L001_R1_001_trim",-0.0344628517398577,-0.0158811020952483,-0.0252033202414975
"3236968_NPK_EG_23_118_S61_L001_R1_001_trim",0.0284520723551546,0.0228328805446242,-0.00633029840123752
"3236969_NPK_EG_23_131_S73_L001_R1_001_trim",0.0274063106401956,0.02160231176707,-0.00636528775560901
"3236970_NPK_EG_23_145_S84_L001_R1_001_trim",0.000463553110479772,-0.0282112183497606,0.00402996231349385
"3236971_NPK_EG_23_47_S2_L001_R1_001_trim",0.0240852731017027,0.0126364905178106,-0.00414424843002613
"3236972_NPK_EG_23_62_S14_L001_R1_001_trim",-0.00534260692953323,-0.0371371175177574,0.00533946150513183
"3236973_NPK_EG_23_77_S26_L001_R1_001_trim",-0.00644862905275188,-0.0250961706253075,0.000296723506980172
"3236974_NPK_EG_23_90_S38_L001_R1_001_trim",-0.0120110493829196,-0.0289717862701042,0.0104362312648857
"3236975_NPK_EG_23_103_S50_L001_R1_001_trim",-0.042164864999058,0.0193205315384595,0.0300517867429396
"3236976_NPK_EG_23_120_S62_L001_R1_001_trim",0.0236688350939042,0.00929400989131077,-0.000875547622709692
"3236977_NPK_EG_23_132_S74_L001_R1_001_trim",0.0199549075306861,0.00821106403058023,-0.00155266939032629
"3236978_NPK_EG_23_146_S85_L001_R1_001_trim",-0.007805852210295,-0.0449853172344862,0.0109023187053292
"3236979_NPK_EG_23_48_S3_L001_R1_001_trim",0.0224404303262362,0.0110145379819434,-0.00514515461399679
"3236980_NPK_EG_23_63_S15_L001_R1_001_trim",0.0226511778679353,0.0131581044217784,-0.00416959814796081
"3236981_NPK_EG_23_78_S27_L001_R1_001_trim",0.0064112909188462,-0.0151326485210135,0.00474391430719331
"3236982_NPK_EG_23_91_S39_L001_R1_001_trim",-0.0159770216233239,-0.0283908035217617,-0.00964980842465871
"3236983_NPK_EG_23_104_S51_L001_R1_001_trim",0.0158806597165897,-0.000813381546963757,-0.000785180948793605
"3236984_NPK_EG_23_121_S63_L001_R1_001_trim",-0.0473231230588757,0.0226864629084402,0.0263278072107205
"3236985_NPK_EG_23_133_S75_L001_R1_001_trim",-0.00801042857670582,-0.0390517902306038,0.00689974298129531
"3236986_NPK_EG_23_147_S86_L001_R1_001_trim",0.0241238407614835,0.0163296201163083,-0.00219718396028264
"3236987_NPK_EG_23_49_S4_L001_R1_001_trim",-0.00652020169748744,-0.0378107298467548,0.00983838961821472
"3236988_NPK_EG_23_64_S16_L001_R1_001_trim",-0.010653881308201,-0.0490784405103935,0.00934327643573403
"3236989_NPK_EG_23_79_S28_L001_R1_001_trim",0.00652128814319957,-0.0180029469402232,0.00307132312800643
"3236990_NPK_EG_23_92_S40_L001_R1_001_trim",-0.0717993051752312,0.0639726097097126,-0.00702416806129782
"3236991_NPK_EG_23_105_S52_L001_R1_001_trim",-0.0282786762259431,-0.0216602159196015,-0.0358455878959958
"3236992_NPK_EG_23_122_S64_L001_R1_001_trim",-0.00626367411354871,-0.0392392785360922,0.00870782463893179
"3236993_NPK_EG_23_135_S76_L001_R1_001_trim",-0.0530568432602951,0.0262653301849726,-0.0183644426712596
"3236994_NPK_EG_23_149_S87_L001_R1_001_trim",-0.0621462633313271,0.0549074379755382,0.0196425192296894
"3236995_NPK_EG_23_50_S5_L001_R1_001_trim",-0.0605666660869834,0.0502120799443278,-0.00654139765546748
"3236996_NPK_EG_23_65_S17_L001_R1_001_trim",0.0118434197180054,-0.00620622717582449,-0.000769385129194974
"3236997_NPK_EG_23_80_S29_L001_R1_001_trim",0.0103727471654979,-0.0103396036946383,0.00297243309729288
"3236998_NPK_EG_23_93_S41_L001_R1_001_trim",0.00570007622086506,-0.0155914623250836,0.00109206950298401
"3236999_NPK_EG_23_106_S53_L001_R1_001_trim",0.0226221835256225,0.0146576320055795,-0.00460787703468959
"3237000_NPK_EG_23_123_S65_L001_R1_001_trim",-0.0372354404780244,-0.0146962523034902,-0.0347399199070891
"3237001_NPK_EG_23_136_S77_L001_R1_001_trim",-0.0423248210783665,0.0135882595046404,0.0330760909823969
"3237002_NPK_EG_23_150_S88_L001_R1_001_trim",0.0255810838125432,0.0187309835101831,-0.00545990399841444
"3237003_NPK_EG_23_51_S6_L001_R1_001_trim",-0.0397234893807917,-0.0226105710298943,-0.0457849412962792
"3237004_NPK_EG_23_67_S18_L001_R1_001_trim",0.0239594993385539,0.0167793499795381,-0.00334472646460934
"3237005_NPK_EG_23_81_S30_L001_R1_001_trim",0.0129249958699739,-0.00784712354147162,0.000462429047873854
"3237006_NPK_EG_23_94_S42_L001_R1_001_trim",0.0107394512479146,-0.00988707438327793,0.00328606126226689
"3237007_NPK_EG_23_107_S54_L001_R1_001_trim",-0.0152039092451072,-0.0311374968053742,-0.00157471665632298
"3237008_NPK_EG_23_124_S66_L001_R1_001_trim",0.0011789757953405,-0.0199912821969301,0.00997360370886945
"3237009_NPK_EG_23_137_S78_L001_R1_001_trim",0.0235861320333214,0.010588506874514,-0.00720686212698286
"3237010_NPK_EG_23_151_S89_L001_R1_001_trim",0.0222368830102167,0.0126144311405842,-0.00485297117233103
"3237011_NPK_EG_23_53_S7_L001_R1_001_trim",0.0262920212469365,0.0169297930957479,-0.00375743751505875
"3237012_NPK_EG_23_69_S19_L001_R1_001_trim",-0.00555196613997179,-0.0559341989276667,0.0156805676416159
"3237013_NPK_EG_23_82_S31_L001_R1_001_trim",0.0146551681215535,-0.00410567593949188,-0.00138297480492767
"3237014_NPK_EG_23_95_S43_L001_R1_001_trim",-0.0204710247025266,-0.0328595357970471,-0.00751869968256873
"3237015_NPK_EG_23_108_S55_L001_R1_001_trim",0.0227433291998175,0.01228154282481,-0.00362256002439906
"3237016_NPK_EG_23_125_S67_L001_R1_001_trim",0.0268500328364403,0.0172119265301462,-0.00356343109207534
"3237017_NPK_EG_23_138_S79_L001_R1_001_trim",-0.0485244942697049,0.0205981027499231,0.0293689055991415
"3237018_NPK_EG_23_152_S90_L001_R1_001_trim",0.0241914477927761,0.0164470622767408,-0.00471485199291423
"3237019_NPK_EG_23_55_S8_L001_R1_001_trim",-0.0042964998042598,-0.0367135247094669,0.00523959064456932
"3237020_NPK_EG_23_71_S20_L001_R1_001_trim",-0.0121913104173953,-0.0498232797291609,0.0120566040128939
"3237021_NPK_EG_23_83_S32_L001_R1_001_trim",0.0063751268567287,0.00237704320473441,-0.000697265987972601
"3237022_NPK_EG_23_96_S44_L001_R1_001_trim",0.0206468532122948,0.00493119972112841,-0.00149640317771136
"3237023_NPK_EG_23_109_S56_L001_R1_001_trim",-0.045357188221657,0.0140945826002245,0.0242352571783584
"3237024_NPK_EG_23_126_S68_L001_R1_001_trim",0.0243334611006758,0.0161396356335166,-0.00730160165811409
"3237025_NPK_EG_23_140_S80_L001_R1_001_trim",0.00873132486364584,-0.0147220934853061,0.00366558551920829
"3237026_NPK_EG_23_153_S91_L001_R1_001_trim",-0.0398748228080692,-0.0180170521892365,-0.0409454740077306
"3237027_NPK_EG_23_56_S9_L001_R1_001_trim",0.0174986267146705,0.00170835262566486,-0.00131555072568437
"3237028_NPK_EG_23_72_S21_L001_R1_001_trim",-0.0198131120212705,-0.00913777536337846,0.0145142324414184
"3237029_NPK_EG_23_84_S33_L001_R1_001_trim",-0.0255160897240778,-0.00283700653049146,0.0154088190605472
"3237030_NPK_EG_23_97_S45_L001_R1_001_trim",-0.0588029950145052,0.0306800921249379,-0.0215507901076085
"3237031_NPK_EG_23_112_S57_L001_R1_001_trim",0.00449033005728271,-0.00875209580582219,0.00328920513403121
"3237032_NPK_EG_23_127_S69_L001_R1_001_trim",0.0237854416495195,0.0199656303985915,-0.00296447891009588
"3237033_NPK_EG_23_141_S81_L001_R1_001_trim",0.0207949516785787,0.00739642862204141,-0.0021239064773051
"3237034_NPK_EG_23_154_S92_L001_R1_001_trim",0.0223580557817677,0.00836343784936379,-0.00249381027222946
"3237035_NPK_EG_23_57_S10_L001_R1_001_trim",0.0183196183102756,0.000238433487466328,0.00224240515159258
"3237037_NPK_EG_23_85_S34_L001_R1_001_trim",0.0253726071396834,0.017976296917008,-0.00451726774829001
"3237038_NPK_EG_23_98_S46_L001_R1_001_trim",0.0266335124259368,0.0172437947361771,-0.00517499817303165
"3237039_NPK_EG_23_114_S58_L001_R1_001_trim",0.00313169373144579,-0.0164482011058896,0.00354491890069785
"3237040_NPK_EG_23_128_S70_L001_R1_001_trim",-0.0663775458496118,0.0586041863101805,-0.00444147454586244
"3237041_NPK_EG_23_142_S82_L001_R1_001_trim",0.00948886463292823,-0.00591263080617099,-0.000433074774450568
"3237042_NPK_EG_23_155_S93_L001_R1_001_trim",-0.00889094770202555,-0.0494218299489321,0.00998347056001394
"3237043_NPK_EG_23_58_S11_L001_R1_001_trim",-0.00716665078891572,-0.0575402879038103,0.0177689374634477
"3237044_NPK_EG_23_74_S23_L001_R1_001_trim",-0.00683617880898797,-0.0109929167803924,0.00122579640858923
"3237045_NPK_EG_23_86_S35_L001_R1_001_trim",-0.0426833944420733,-0.000334909403459347,-0.0356221663256599
"3237046_NPK_EG_23_99_S47_L001_R1_001_trim",0.0256282056699565,0.0170382062122203,-0.00471503438902239
"3237047_NPK_EG_23_116_S59_L001_R1_001_trim",-0.0389206075606239,-0.0287402011351882,-0.0563368550454768
"3237048_NPK_EG_23_129_S71_L001_R1_001_trim",-0.00419907952707071,-0.0295567346419825,0.00682489507394434
"3237049_NPK_EG_23_143_S83_L001_R1_001_trim",0.0189388368764076,0.00352551902715458,-0.00231736363329261
"3237050_NPK_EG_23_156_S94_L001_R1_001_trim",0.0126306076997129,-0.00294170051054191,0.000647572548754173
"3237051_NPK_EG_23_59_S12_L001_R1_001_trim",0.0244324506002087,0.0136715684170785,-0.00370317464082328
"3237052_NPK_EG_23_75_S24_L001_R1_001_trim",-0.0122093288681242,-0.0529846687065575,0.011155417888759
"3237053_NPK_EG_23_87_S36_L001_R1_001_trim",0.0164289433948836,-0.00296734048774033,-0.00158728261325178
"3237054_NPK_EG_23_100_S48_L001_R1_001_trim",0.0122573385611644,-0.00498549983221235,-0.00307454216098564
"3237055_NPK_EG_23_117_S60_L001_R1_001_trim",0.00586504046167589,-0.0166721379216546,0.00377275266070921
"3237059_NPK_EG_23_158_S95_L001_R1_001_trim",0.0244981328305265,0.0126789256079315,-0.00266803575369651
"3237060_NPK_EG_23_170_S107_L001_R1_001_trim",0.00290246616262045,-0.0216131737145846,0.00474501684480334
"3237061_NPK_EG_23_182_S119_L001_R1_001_trim",0.0280338008241402,0.0228326687692669,-0.00749040433172564
"3237062_NPK_EG_23_194_S131_L001_R1_001_trim",-0.0543304024818567,0.0259480606018265,-0.00135449467270719
"3237063_NPK_EG_23_207_S143_L001_R1_001_trim",-0.0579695637078818,0.0533992445937803,-0.0206061932817567
"3237064_NPK_EG_23_223_S155_L001_R1_001_trim",0.0276907685212357,0.0247573281700277,-0.00656652731936512
"3237065_NPK_EG_23_239_S167_L001_R1_001_trim",0.0229646953289234,0.0124766563715666,-0.00448633147374203
"3237066_NPK_EG_23_256_S179_L001_R1_001_trim",-0.0639780116998312,0.0580578300233783,-0.00581395833039005
"3237067_NPK_EG_23_159_S96_L001_R1_001_trim",-0.0564580902941493,0.0436326412919002,0.0020912113377366
"3237068_NPK_EG_23_171_S108_L001_R1_001_trim",-0.00967616311274944,-0.0492233962592085,0.00880755234176919
"3237069_NPK_EG_23_183_S120_L001_R1_001_trim",0.0284433865196802,0.0233976618383235,-0.00722424608473753
"3237070_NPK_EG_23_195_S132_L001_R1_001_trim",0.0208384314157058,0.0165864250728781,-0.00338440749423133
"3237071_NPK_EG_23_208_S144_L001_R1_001_trim",-0.0184004486697662,-0.0337522284064294,-0.00912049299310691
"3237072_NPK_EG_23_225_S156_L001_R1_001_trim",-0.0656494342037417,0.0744330829224366,0.0113205500784735
"3237073_NPK_EG_23_241_S168_L001_R1_001_trim",-0.00106553461764182,-0.0138863414282798,0.00299357344280512
"3237074_NPK_EG_23_258_S180_L001_R1_001_trim",-0.0441369169122491,0.0119158977433546,-0.0262484639423048
"3237075_NPK_EG_23_160_S97_L001_R1_001_trim",-0.0403889996845741,-0.0250485022346217,-0.0542711899628462
"3237076_NPK_EG_23_172_S109_L001_R1_001_trim",-0.00251811406185687,-0.0322011409362033,0.00608784350650173
"3237077_NPK_EG_23_184_S121_L001_R1_001_trim",-0.0403066823153423,-0.0172372683695153,-0.0436808662066107
"3237078_NPK_EG_23_196_S133_L001_R1_001_trim",0.000506505734295531,-0.0289863864564044,0.000167177164848591
"3237079_NPK_EG_23_209_S145_L001_R1_001_trim",0.0146232421149044,-0.0023898588436543,0.00336497414852772
"3237080_NPK_EG_23_226_S157_L001_R1_001_trim",-0.0203115212925274,-0.0346935451022922,-0.00806848155617486
"3237081_NPK_EG_23_242_S169_L001_R1_001_trim",-0.0442864608397246,-0.0188881076291147,-0.0481719491218804
"3237082_NPK_EG_23_261_S181_L001_R1_001_trim",-0.0110961762808772,-0.0403347665207679,0.010783619162805
"3237083_NPK_EG_23_161_S98_L001_R1_001_trim",0.00551110553989076,-0.015490408733709,-0.00174919765367494
"3237084_NPK_EG_23_173_S110_L001_R1_001_trim",0.00309017157485216,0.0420568537871156,-0.0160061380027468
"3237085_NPK_EG_23_185_S122_L001_R1_001_trim",0.00783765033286648,-0.0124136785880451,-0.000224246904407399
"3237086_NPK_EG_23_197_S134_L001_R1_001_trim",-0.0422835241822913,-0.0191117817426794,-0.0526164402001584
"3237087_NPK_EG_23_210_S146_L001_R1_001_trim",0.0048604876243225,-0.0197741449597929,0.00409246444015332
"3237088_NPK_EG_23_228_S158_L001_R1_001_trim",-0.0524813005026347,0.02826714852848,0.0259548202011245
"3237089_NPK_EG_23_244_S170_L001_R1_001_trim",0.0188888640916839,0.00719823913031013,-0.0037822461964024
"3237090_NPK_EG_23_263_S182_L001_R1_001_trim",0.0223506227380921,0.011548055033284,-0.00494882931386717
"3237091_NPK_EG_23_162_S99_L001_R1_001_trim",0.025471156745555,0.0201495821495762,-0.00626142329865677
"3237092_NPK_EG_23_174_S111_L001_R1_001_trim",-0.00381668558989256,-0.0321725049787401,0.00556044414580495
"3237093_NPK_EG_23_186_S123_L001_R1_001_trim",-0.043895563833534,0.000505318865539096,-0.0322795747278722
"3237094_NPK_EG_23_198_S135_L001_R1_001_trim",0.0294284638510955,0.0243898424022191,-0.00672723442166413
"3237095_NPK_EG_23_211_S147_L001_R1_001_trim",-0.0060783557399752,-0.0554104658991702,0.0133613101808915
"3237096_NPK_EG_23_229_S159_L001_R1_001_trim",0.0126516733021691,-0.00944550560951168,0.000867998384326296
"3237097_NPK_EG_23_246_S171_L001_R1_001_trim",0.0243389736934231,0.0160802953114155,-0.00374935787132713
"3237098_NPK_EG_23_265_S183_L001_R1_001_trim",-0.00931876917039712,-0.0394366577092864,0.0121801475219764
"3237099_NPK_EG_23_163_S100_L001_R1_001_trim",0.0157941652677973,0.00467387397015901,-0.0039205459071937
"3237100_NPK_EG_23_175_S112_L001_R1_001_trim",-0.0474685733141413,0.0259959603395019,0.0260744294564356
"3237101_NPK_EG_23_187_S124_L001_R1_001_trim",0.0112426956297853,0.0189812555633562,-0.0056036309415209
"3237102_NPK_EG_23_199_S136_L001_R1_001_trim",0.00128726035819789,-0.0167904434139081,0.00381912361813636
"3237103_NPK_EG_23_212_S148_L001_R1_001_trim",0.0284568358095041,0.0236331497427727,-0.00760260868306509
"3237104_NPK_EG_23_230_S160_L001_R1_001_trim",0.0215092743163009,0.00841300096572792,-0.00290660066650647
"3237105_NPK_EG_23_247_S172_L001_R1_001_trim",0.027137752677238,0.0182113022415155,-0.00613598671802501
"3237106_NPK_EG_23_266_S184_L001_R1_001_trim",0.0208615726083072,0.00447958572368883,-0.00403571857039982
"3237107_NPK_EG_23_164_S101_L001_R1_001_trim",-0.0443798902994056,0.000427626693182676,-0.050482089144352
"3237108_NPK_EG_23_176_S113_L001_R1_001_trim",-0.0109406129285285,-0.0443175916858374,0.00956943750078267
"3237109_NPK_EG_23_188_S125_L001_R1_001_trim",0.0119634067762486,-0.00819145357894953,0.00327985928058207
"3237110_NPK_EG_23_200_S137_L001_R1_001_trim",0.00592095530622678,-0.0189379555455147,0.000939502920213831
"3237111_NPK_EG_23_213_S149_L001_R1_001_trim",0.0249911900253283,0.0157181470632331,-0.00289603301261691
"3237112_NPK_EG_23_231_S161_L001_R1_001_trim",0.0252698462194881,0.013943050121105,-0.00342191404295949
"3237114_NPK_EG_23_267_S185_L001_R1_001_trim",0.0137285906669236,-0.00567403937852316,-0.00228514398205694
"3237115_NPK_EG_23_165_S102_L001_R1_001_trim",0.0075620787882542,0.00333143438707481,-0.00357485714721058
"3237116_NPK_EG_23_177_S114_L001_R1_001_trim",0.0231424818608201,0.0166402247960321,-0.00425831092612643
"3237117_NPK_EG_23_189_S126_L001_R1_001_trim",-0.0685366723055836,0.0687719476372213,-0.00935388012611644
"3237118_NPK_EG_23_201_S138_L001_R1_001_trim",0.0216049828900489,0.00615564845236207,-0.00555014607034741
"3237119_NPK_EG_23_215_S150_L001_R1_001_trim",-0.0105770730820996,-0.0428433205670788,0.00983811618357961
"3237120_NPK_EG_23_234_S162_L001_R1_001_trim",0.0284177690580543,0.0223664531553427,-0.00473412706519921
"3237121_NPK_EG_23_251_S174_L001_R1_001_trim",0.0183935164721711,0.00275611159575023,-0.00138334080039931
"3237122_NPK_EG_23_268_S186_L001_R1_001_trim",0.0159331350224067,-0.00159713150650628,0.000865866944265436
"3237123_NPK_EG_23_166_S103_L001_R1_001_trim",0.0261559814256044,0.0211711497640328,-0.00638634595671776
"3237124_NPK_EG_23_178_S115_L001_R1_001_trim",-0.0252943138488844,-0.0262601125751944,-0.0436350473621605
"3237125_NPK_EG_23_190_S127_L001_R1_001_trim",0.0251866280944721,0.0173792279613913,-0.00321345336257655
"3237126_NPK_EG_23_202_S139_L001_R1_001_trim",-0.0107235250108103,-0.0497310856206501,0.00767028216590252
"3237127_NPK_EG_23_216_S151_L001_R1_001_trim",-0.0507799886916786,0.0509272194137485,0.347763885850897
"3237128_NPK_EG_23_235_S163_L001_R1_001_trim",0.0206499313807224,0.0175962958980125,-0.00632462781425925
"3237129_NPK_EG_23_252_S175_L001_R1_001_trim",-0.0713500150147273,0.0637174718701404,-0.00189592370600481
"3237130_NPK_EG_23_269_S187_L001_R1_001_trim",0.0266206201881855,0.01790102007948,-0.00262999411632365
"3237131_NPK_EG_23_167_S104_L001_R1_001_trim",0.0248410628831438,0.0164266008352888,-0.00247856446741154
"3237132_NPK_EG_23_179_S116_L001_R1_001_trim",0.0212528566820405,0.00382028292547388,-0.000795764943250928
"3237133_NPK_EG_23_191_S128_L001_R1_001_trim",0.00841252025365718,-0.0158632727965068,0.00319123585715389
"3237134_NPK_EG_23_204_S140_L001_R1_001_trim",0.0186717691561493,0.0047894334608252,-0.000843295862899194
"3237135_NPK_EG_23_217_S152_L001_R1_001_trim",0.00024416672596364,-0.031733447014984,0.00864171288413485
"3237136_NPK_EG_23_236_S164_L001_R1_001_trim",-0.014888375232659,-0.0211135922339805,-0.00966956336425749
"3237137_NPK_EG_23_253_S176_L001_R1_001_trim",-0.00854072742372531,-0.0481137378837178,0.0107100245502473
"3237138_NPK_EG_23_270_S188_L001_R1_001_trim",0.0287928983640343,0.0213334019165636,-0.00472476061807032
"3237139_NPK_EG_23_168_S105_L001_R1_001_trim",0.023769167907477,0.018366757889232,-0.00641359989261146
"3237140_NPK_EG_23_180_S117_L001_R1_001_trim",-0.0106232887051956,-0.0500587691189182,0.00891772557810767
"3237141_NPK_EG_23_192_S129_L001_R1_001_trim",0.0300139208729808,0.029416403501403,-0.000144032119961044
"3237142_NPK_EG_23_205_S141_L001_R1_001_trim",0.0246513025080114,0.021290497626327,-0.00200608040295449
"3237143_NPK_EG_23_221_S153_L001_R1_001_trim",-0.00347433299721368,-0.030287694784333,0.00303499270969007
"3237144_NPK_EG_23_237_S165_L001_R1_001_trim",0.000716514626910015,-0.0106093767936458,-0.00517715113200951
"3237145_NPK_EG_23_254_S177_L001_R1_001_trim",-0.0541848200845563,0.0377775317904478,-0.019519602212554
"3237146_NPK_EG_23_272_S189_L001_R1_001_trim",0.00404907268604007,-0.0222795131396571,0.00265476154626615
"3237147_NPK_EG_23_169_S106_L001_R1_001_trim",-0.0459857699445986,0.0133971173038145,-0.0267137852507639
"3237148_NPK_EG_23_181_S118_L001_R1_001_trim",0.0127003278228742,-0.00615476936678922,-0.000164292452928095
"3237149_NPK_EG_23_193_S130_L001_R1_001_trim",-0.0379930628915879,0.0126284336932742,0.0160742616034448
"3237150_NPK_EG_23_206_S142_L001_R1_001_trim",-0.0576067985751967,0.0475037889759794,-0.00441657398087922
"3237151_NPK_EG_23_222_S154_L001_R1_001_trim",0.0282107225225286,0.0263420811827846,-0.00388839199967151
"3237155_NPK_EG_23_274_S191_L002_R1_001_trim",0.0215001692853738,0.00465891913532044,-0.00428079580717708
"3237156_NPK_EG_23_293_S203_L002_R1_001_trim",0.0257307147492866,0.0160945782049083,-0.00327188242917339
"3237157_NPK_EG_23_306_S215_L002_R1_001_trim",0.0231508693423388,0.00908360411311992,-0.00361127218340863
"3237158_NPK_EG_23_321_S227_L002_R1_001_trim",0.0160544670205853,-0.00197000195264176,-0.00102597507981507
"3237159_NPK_EG_23_335_S239_L002_R1_001_trim",-0.0667330590962335,0.056557041084282,-0.00442947060043097
"3237160_NPK_EG_23_351_S251_L002_R1_001_trim",-0.031021175371411,-0.0180504370241304,-0.0252094043832316
"3237161_NPK_EG_23_365_S263_L002_R1_001_trim",0.00943021978542057,-0.0130038173868608,0.00390212863732325
"3237162_NPK_EG_23_379_S274_L002_R1_001_trim",-0.0369093270471394,0.0135579371566834,0.0245902430913711
"3237163_NPK_EG_23_275_S192_L002_R1_001_trim",-0.0097808852725178,-0.0534655271567583,0.0108909970536098
"3237164_NPK_EG_23_294_S204_L002_R1_001_trim",-0.0159967311066065,-0.0363808828375984,-0.00589846985922212
"3237165_NPK_EG_23_307_S216_L002_R1_001_trim",0.0256004571334419,0.016807018757465,-0.00450381466011109
"3237166_NPK_EG_23_322_S228_L002_R1_001_trim",0.0147818495235561,0.000416895996545568,-0.00121293468174727
"3237167_NPK_EG_23_337_S240_L002_R1_001_trim",0.0225174332502525,0.0115352731196298,-0.00105755568284948
"3237168_NPK_EG_23_352_S252_L002_R1_001_trim",0.0196131284941197,0.0081381577410966,0.000558308915791919
"3237169_NPK_EG_23_366_S264_L002_R1_001_trim",0.0203582548518235,0.00733501708720079,-0.00114589155369551
"3237170_NPK_EG_23_380_S275_L002_R1_001_trim",-0.0761735284594939,0.0840735187951949,-0.0067201130919631
"3237171_NPK_EG_23_276_S193_L002_R1_001_trim",-0.0101644169286754,-0.00889368654622791,-0.014968921934033
"3237172_NPK_EG_23_295_S205_L002_R1_001_trim",0.0184437624384934,0.0273226225085955,-0.00872019899080458
"3237173_NPK_EG_23_308_S217_L002_R1_001_trim",0.00763381441339868,-0.0111567709974849,-0.00020117820601377
"3237174_NPK_EG_23_324_S229_L002_R1_001_trim",-0.0118381293932258,-0.0186275040726062,-0.0054449416011072
"3237175_NPK_EG_23_338_S241_L002_R1_001_trim",0.0258309151984369,0.01557474405763,-0.00446857576785005
"3237176_NPK_EG_23_354_S253_L002_R1_001_trim",-0.0215406228856567,-0.0335599206130891,-0.00979399262369827
"3237177_NPK_EG_23_368_S265_L002_R1_001_trim",0.0104254132961701,0.0345262521173907,-0.0101672998052322
"3237178_NPK_EG_23_381_S276_L002_R1_001_trim",0.0252331606986062,0.016540137018453,-0.00434952147287356
"3237179_NPK_EG_23_281_S194_L002_R1_001_trim",0.0241507408253611,0.015226359016612,-0.00206232809210401
"3237180_NPK_EG_23_296_S206_L002_R1_001_trim",0.0035863639277969,-0.0127283324346924,0.00349319012960178
"3237181_NPK_EG_23_309_S218_L002_R1_001_trim",-0.00519357480979308,-0.0578857044562182,0.0153002913474244
"3237182_NPK_EG_23_325_S230_L002_R1_001_trim",-0.00574272877667011,-0.0123662432148942,0.00277857517737872
"3237183_NPK_EG_23_339_S242_L002_R1_001_trim",-0.0711028891355165,0.0634643451262924,-0.0211591986956734
"3237184_NPK_EG_23_355_S254_L002_R1_001_trim",0.012042586801119,-0.00827109651658344,0.000658233985809232
"3237185_NPK_EG_23_369_S266_L002_R1_001_trim",0.0166032080243918,0.0024180416261939,-0.00285457317059875
"3237186_NPK_EG_23_383_S277_L002_R1_001_trim",0.0196819775553365,0.00351030666540067,-0.00199709276828154
"3237187_NPK_EG_23_282_S195_L002_R1_001_trim",0.00812284764091185,0.00287685629604789,0.00585079700339428
"3237188_NPK_EG_23_297_S207_L002_R1_001_trim",0.0209483089608032,0.00604686067928651,-0.00372685255206349
"3237189_NPK_EG_23_310_S219_L002_R1_001_trim",-0.00253649548698067,-0.014667972442293,0.0111607176000352
"3237190_NPK_EG_23_326_S231_L002_R1_001_trim",0.00630675685046185,-0.0140927619609727,-0.000979295313530468
"3237191_NPK_EG_23_340_S243_L002_R1_001_trim",0.0253989433714905,0.0168154832398885,-0.00246729691850507
"3237192_NPK_EG_23_356_S255_L002_R1_001_trim",-0.0178505595643888,0.0579253194604283,-0.0271552801979953
"3237193_NPK_EG_23_370_S267_L002_R1_001_trim",0.0111859202114601,-0.0109120416929754,0.000137914212783089
"3237194_NPK_EG_23_384_S278_L002_R1_001_trim",0.0243723113510155,0.015412226528108,-0.00533728380714925
"3237195_NPK_EG_23_284_S196_L002_R1_001_trim",0.0229292217910371,0.0130414907423543,-0.00449907106276381
"3237196_NPK_EG_23_298_S208_L002_R1_001_trim",-0.0443156773106885,0.00296184961830033,-0.0359396665374186
"3237197_NPK_EG_23_311_S220_L002_R1_001_trim",-0.0090859733241189,-0.0480263162012044,0.0103256372868506
"3237198_NPK_EG_23_327_S232_L002_R1_001_trim",0.0262712654909907,0.0210958078816383,-0.00446910382345414
"3237199_NPK_EG_23_342_S244_L002_R1_001_trim",0.0238666920570609,0.0167906255425727,-0.00290024943257461
"3237200_NPK_EG_23_357_S256_L002_R1_001_trim",0.0198560838763429,0.0072607053953795,-0.00276788562494985
"3237201_NPK_EG_23_371_S268_L002_R1_001_trim",0.0233173912935241,0.0149065159109631,-0.00239828280080291
"3237202_NPK_EG_23_385_S279_L002_R1_001_trim",0.0268097166708636,0.0199849758171106,-0.0042583847462928
"3237203_NPK_EG_23_285_S197_L002_R1_001_trim",-0.0629171853672802,0.0549607139296736,0.0200100391474164
"3237204_NPK_EG_23_300_S209_L002_R1_001_trim",0.0211769596312971,0.00824891708752209,-0.0022882932261571
"3237205_NPK_EG_23_312_S221_L002_R1_001_trim",0.0158716537456713,0.00285346415110423,-0.00028893455998271
"3237206_NPK_EG_23_329_S233_L002_R1_001_trim",0.0251112189477599,0.0166486086872909,-0.0038537772215207
"3237207_NPK_EG_23_343_S245_L002_R1_001_trim",-0.0733483948062155,0.0792129628487076,-0.0137732764791989
"3237208_NPK_EG_23_359_S257_L002_R1_001_trim",-0.0157058874313569,0.0294123602321571,-0.00504220237093278
"3237209_NPK_EG_23_372_S269_L002_R1_001_trim",0.0233105115853897,0.0161837087300585,-0.0051489798543136
"3237210_NPK_EG_23_388_S280_L002_R1_001_trim",0.0155330436925195,-0.00290607325009984,0.00128795415061909
"3237211_NPK_EG_23_287_S198_L002_R1_001_trim",0.0021180372527217,-0.00957403137494913,-0.00325418124063454
"3237212_NPK_EG_23_301_S210_L002_R1_001_trim",0.0241329234682004,0.0122291467488479,-0.00362588732607362
"3237213_NPK_EG_23_313_S222_L002_R1_001_trim",0.0038692554679492,-0.0149395568210841,0.00116403845143047
"3237214_NPK_EG_23_330_S234_L002_R1_001_trim",0.00624056018328404,-0.0117431814483233,0.00232987277278982
"3237215_NPK_EG_23_345_S246_L002_R1_001_trim",0.00179434380980741,-0.0271547957827042,0.00285057115986617
"3237216_NPK_EG_23_360_S258_L002_R1_001_trim",-0.0389169350133778,-0.0194694505159193,-0.0481573535691163
"3237217_NPK_EG_23_374_S270_L002_R1_001_trim",0.00451302606997229,-0.0165360847551164,0.00863656029761466
"3237218_NPK_EG_23_390_S281_L002_R1_001_trim",-0.0579568203615982,0.034009724731785,-0.0266252378728474
"3237219_NPK_EG_23_289_S199_L002_R1_001_trim",0.0223177724352791,0.00950648632230615,-0.00173060752914976
"3237220_NPK_EG_23_302_S211_L002_R1_001_trim",0.0208021197642774,0.0267193341670782,-0.00777731824371132
"3237221_NPK_EG_23_317_S223_L002_R1_001_trim",0.0268649656521765,0.021121697876121,-0.00765938819342381
"3237222_NPK_EG_23_331_S235_L002_R1_001_trim",0.0151332989570179,-0.00167977022467382,-0.000210071383217678
"3237223_NPK_EG_23_347_S247_L002_R1_001_trim",0.0272355595877874,0.021454992663133,-0.00511783229890898
"3237224_NPK_EG_23_361_S259_L002_R1_001_trim",0.0268365745464906,0.0193950175262375,-0.00295393249173609
"3237225_NPK_EG_23_375_S271_L002_R1_001_trim",-0.0132420594019203,-0.02850698743035,0.0178946330376621
"3237226_NPK_EG_23_391_S282_L002_R1_001_trim",0.00570958912119322,-0.0141945526674977,0.000759899671199134
"3237228_NPK_EG_23_303_S212_L002_R1_001_trim",-0.044530933182951,0.015998905823342,0.042233182839399
"3237229_NPK_EG_23_318_S224_L002_R1_001_trim",0.00612176430809672,-0.0194244211020896,0.00403685495206464
"3237230_NPK_EG_23_332_S236_L002_R1_001_trim",0.00768075904350883,-0.0146653145609771,0.00333693289144073
"3237231_NPK_EG_23_348_S248_L002_R1_001_trim",0.0115076972116739,-0.00536292517120855,0.00484422789805361
"3237232_NPK_EG_23_362_S260_L002_R1_001_trim",0.0176466106743056,0.00265684332616539,-0.00380095857570325
"3237233_NPK_EG_23_376_S272_L002_R1_001_trim",0.026721459535069,0.0217183188313383,-0.0055063652118064
"3237234_NPK_EG_23_392_S283_L002_R1_001_trim",0.0100692601396165,-0.00788763030177555,-0.00204483905229204
"3237235_NPK_EG_23_291_S201_L002_R1_001_trim",-0.000443889479539357,-0.026410270997362,0.00498761411131174
"3237236_NPK_EG_23_304_S213_L002_R1_001_trim",-0.054519572018996,0.0420577883791306,0.0036436401431138
"3237237_NPK_EG_23_319_S225_L002_R1_001_trim",-0.0745914411327637,0.0769087372857507,-0.0216044988428484
"3237238_NPK_EG_23_333_S237_L002_R1_001_trim",0.0239788112607485,0.0172246321009045,-0.00606880056224655
"3237239_NPK_EG_23_349_S249_L002_R1_001_trim",-0.00369239736954801,-0.0157871354391404,-0.00310763012970196
"3237240_NPK_EG_23_363_S261_L002_R1_001_trim",0.00247477518005119,-0.0207126292289212,0.00388640691024993
"3237241_NPK_EG_23_377_S273_L002_R1_001_trim",0.024240830980214,0.0285801714587834,-0.00622904665010418
"3237242_NPK_EG_23_393_S284_L002_R1_001_trim",0.0126810873065305,-0.00198948750434436,-0.00177050980955299
"3237243_NPK_EG_23_292_S202_L002_R1_001_trim",-0.00735359722275052,-0.0444213501665637,0.00807487431488008
"3237244_NPK_EG_23_305_S214_L002_R1_001_trim",0.00539111284081531,-0.00883159743089377,0.00142231056161904
"3237245_NPK_EG_23_320_S226_L002_R1_001_trim",0.0248868128397234,0.0163728501370999,-0.00472908127554782
"3237246_NPK_EG_23_334_S238_L002_R1_001_trim",-0.0367489557384976,0.0398186564434905,-0.0102511736444122
"3237247_NPK_EG_23_350_S250_L002_R1_001_trim",-0.0498392912013184,0.0187374687991342,-0.0209885375915329
"3237251_NPK_EG_23_397_S285_L002_R1_001_trim",0.00393984128994463,-0.0222736648323326,0.00743491679311475
"3237252_NPK_EG_23_410_S297_L002_R1_001_trim",0.0174746775992439,0.00672080045030509,-0.00187561886900088
"3237254_NPK_EG_23_441_S321_L002_R1_001_trim",-0.022947301627793,-0.00917184647057417,0.0102103123772852
"3237255_NPK_EG_23_458_S333_L002_R1_001_trim",-0.0359392376961857,0.0133811761962356,0.0242197918975064
"3237256_NPK_EG_23_470_S345_L002_R1_001_trim",0.000257090039924327,-0.0279440600281568,0.00343276728521531
"3237257_NF_EG_23_91_S357_L002_R1_001_trim",0.0236427814389221,0.0123213988739486,-0.00338222467632479
"3237258_NF_EG_23_480_S369_L002_R1_001_trim",0.000737143500386814,-0.016412757009103,-0.000247974916790494
"3237259_NPK_EG_23_398_S286_L002_R1_001_trim",0.0227617455374523,0.00981954758240593,-0.00335627113615476
"3237260_NPK_EG_23_411_S298_L002_R1_001_trim",0.0227465644402986,0.0162114168790552,-0.00343680245899197
"3237261_NPK_EG_23_425_S310_L002_R1_001_trim",-0.0148618088016578,-0.028898056337657,0.0109751414933334
"3237262_NPK_EG_23_443_S322_L002_R1_001_trim",-0.0481500059400276,0.026024478016763,0.0251414776059036
"3237263_NPK_EG_23_459_S334_L002_R1_001_trim",0.00904209507013715,-0.0106850492770664,0.00241006450036075
"3237264_NPK_EG_23_471_S346_L002_R1_001_trim",0.00545843445856412,-0.00390620660532411,-0.00745681987740654
"3237265_NF_EG_23_446_S358_L002_R1_001_trim",0.0064419105155608,-0.0162992686120583,0.00146045653395877
"3237266_NPK_EG_23_25_S370_L002_R1_001_trim",0.027875680885787,0.022267340347537,-0.00543642341698595
"3237267_NPK_EG_23_399_S287_L002_R1_001_trim",0.013875698561566,-0.00616741375490136,-0.000179173979278815
"3237268_NPK_EG_23_412_S299_L002_R1_001_trim",0.0249424468454787,0.0161322995910204,-0.00174770323111039
"3237269_NPK_EG_23_427_S311_L002_R1_001_trim",0.0267932032754773,0.0209579946738238,-0.00548233759465496
"3237270_NPK_EG_23_445_S323_L002_R1_001_trim",0.0221170376814407,0.0106371757524258,-0.00226875527019207
"3237271_NPK_EG_23_460_S335_L002_R1_001_trim",0.00948142627257873,-0.0161453133320461,0.00297169111480548
"3237272_NPK_EG_23_472_S347_L002_R1_001_trim",-0.0440483352505492,-0.00239662182346382,-0.0347366100440568
"3237273_NF_EG_23_116_S359_L002_R1_001_trim",-0.0394089968477202,-0.0211877807900204,-0.0527020140067888
"3237274_NPK_EG_23_43_S371_L002_R1_001_trim",0.0242803039231029,0.012819794683554,-0.00363874841857206
"3237275_NPK_EG_23_400_S288_L002_R1_001_trim",-0.0472873685437178,0.0221687947309611,0.0268936276340955
"3237276_NPK_EG_23_413_S300_L002_R1_001_trim",0.0275175789466085,0.0241395619140051,-0.0049503618374764
"3237277_NPK_EG_23_429_S312_L002_R1_001_trim",-0.0541717199511888,0.0403759471793055,0.0671285179461935
"3237278_NPK_EG_23_446_S324_L002_R1_001_trim",0.0277969069833417,0.0234893607813201,-0.00639997604453205
"3237279_NPK_EG_23_461_S336_L002_R1_001_trim",-0.0066089891495765,-0.0382428164618259,0.0102129614521918
"3237280_NPK_EG_23_473_S348_L002_R1_001_trim",-0.0140683927480476,-0.0215697870389054,-0.0161169257151805
"3237281_NF_EG_23_132_S360_L002_R1_001_trim",0.0134609540072264,-0.00525679141893241,-0.00140667331109415
"3237282_NPK_EG_23_130_S372_L002_R1_001_trim",-0.03263325433588,-0.0234394087940426,-0.0218810091009822
"3237283_NPK_EG_23_401_S289_L002_R1_001_trim",-0.00944320521477835,-0.0500029047208224,0.0116945292301806
"3237284_NPK_EG_23_415_S301_L002_R1_001_trim",-0.0104942425838815,-0.0474011908780485,0.0130434896120644
"3237285_NPK_EG_23_430_S313_L002_R1_001_trim",0.00162447376914254,-0.0228335088040998,0.00499564226954383
"3237286_NPK_EG_23_447_S325_L002_R1_001_trim",0.0272956428218759,0.0205993933724852,-0.00631222107281027
"3237287_NPK_EG_23_462_S337_L002_R1_001_trim",-0.013918034677102,-0.0504706428900886,0.0125253772366535
"3237288_NPK_EG_23_474_S349_L002_R1_001_trim",0.00965343026131815,-0.00860708719495937,0.000986105674917433
"3237289_NF_EG_23_167_S361_L002_R1_001_trim",0.00313827499370583,-0.0175152452534477,0.00246883165274405
"3237290_NPK_EG_23_144_S373_L002_R1_001_trim",0.0234592911353501,0.0180768788991678,-0.00293454513928055
"3237291_NPK_EG_23_402_S290_L002_R1_001_trim",-0.0108045619997469,-0.0496371597911554,0.0115621526951932
"3237292_NPK_EG_23_416_S302_L002_R1_001_trim",0.00833551551433541,-0.0118662644415612,0.00399376301944522
"3237293_NPK_EG_23_431_S314_L002_R1_001_trim",0.00611469658075306,-0.0125218667431085,0.00521655477796382
"3237294_NPK_EG_23_448_S326_L002_R1_001_trim",-0.00759328069875936,-0.0381328401296292,0.00726731415650582
"3237295_NPK_EG_23_463_S338_L002_R1_001_trim",-0.0440797933676542,-0.00276675139453355,-0.0360647396525244
"3237296_NPK_EG_23_475_S350_L002_R1_001_trim",0.0155544269108758,0.00817996622102868,-0.000840756200154445
"3237297_NF_EG_23_294_S362_L002_R1_001_trim",0.0258559038382717,0.0172399373577956,-0.00465250791030853
"3237298_NPK_EG_23_157_S374_L002_R1_001_trim",0.00689083247892845,-0.00579807825879026,0.00166520539202397
"3237299_NPK_EG_23_403_S291_L002_R1_001_trim",-0.0151401826911903,-0.0214151415825497,-0.0248987844264787
"3237300_NPK_EG_23_417_S303_L002_R1_001_trim",-0.0391271778062382,-0.0270460328170784,-0.0473332576071405
"3237301_NPK_EG_23_432_S315_L002_R1_001_trim",-0.0486017754285542,0.0261603299805817,0.0322471462230298
"3237302_NPK_EG_23_449_S327_L002_R1_001_trim",-0.0246482293946636,0.0184283723717209,-0.00869907165130599
"3237303_NPK_EG_23_464_S339_L002_R1_001_trim",0.0219476600207427,0.0127811306944473,-0.00318335632785259
"3237304_NPK_EG_23_476_S351_L002_R1_001_trim",0.0201534267823362,0.00416536181627431,-0.00236446975934393
"3237305_NF_EG_23_307_S363_L002_R1_001_trim",0.00162757662132603,-0.0209876778453616,0.00328471937173338
"3237306_NPK_EG_23_238_S375_L002_R1_001_trim",0.00592656193595238,-0.0209947927728827,0.00366284135550277
"3237307_NPK_EG_23_404_S292_L002_R1_001_trim",-0.00677192458056558,-0.0434217347219424,0.0109670690415666
"3237308_NPK_EG_23_418_S304_L002_R1_001_trim",-0.00686428813082002,-0.0421303711846879,0.00738029615017766
"3237309_NPK_EG_23_433_S316_L002_R1_001_trim",0.0282092271472835,0.0219273940017376,-0.00544789543806236
"3237310_NPK_EG_23_452_S328_L002_R1_001_trim",0.00690846495498669,-0.0125070937267542,-0.00098011226341489
"3237311_NPK_EG_23_465_S340_L002_R1_001_trim",0.0132790412494862,-0.00507915751164085,0.000501868171005704
"3237312_NPK_EG_23_477_S352_L002_R1_001_trim",0.00533271585323849,-0.0023971003754231,0.00936591713472307
"3237313_NF_EG_23_381_S364_L002_R1_001_trim",0.0278438304845607,0.0247861075509056,-0.00723443084224019
"3237314_NPK_EG_23_255_S376_L002_R1_001_trim",0.0278639677514069,0.0223468296612936,-0.00412541142862503
"3237315_NPK_EG_23_405_S293_L002_R1_001_trim",-0.0266951072028949,-0.0282823463493916,-0.0220206111245822
"3237316_NPK_EG_23_419_S305_L002_R1_001_trim",0.021902861962859,0.0103087298707162,-0.0045645110753566
"3237317_NPK_EG_23_434_S317_L002_R1_001_trim",-0.00848450453052163,-0.0381041830693838,0.00883632905955463
"3237318_NPK_EG_23_453_S329_L002_R1_001_trim",0.0251241848883619,0.0136259796639004,-0.00289630202055597
"3237319_NPK_EG_23_466_S341_L002_R1_001_trim",-0.0426048355275405,-0.0244664714386237,-0.0514385880368713
"3237320_NPK_EG_23_480_S353_L002_R1_001_trim",0.0188015276457021,0.00297145360928473,-0.00039900208643145
"3237321_NF_EG_23_394_S365_L002_R1_001_trim",0.0220019251916854,0.00859332074169267,-0.00506593937524959
"3237322_NPK_EG_23_273_S377_L002_R1_001_trim",0.0203405708178708,0.0053664138808314,-0.00156636054085634
"3237323_NPK_EG_23_407_S294_L002_R1_001_trim",0.0241022163727394,0.0155626187101479,-0.00451302056389981
"3237324_NPK_EG_23_420_S306_L002_R1_001_trim",0.0259210522672052,0.0194471749539321,-0.00287418747324171
"3237325_NPK_EG_23_436_S318_L002_R1_001_trim",-0.00286639170740391,-0.0294917034280189,0.0094233033791931
"3237326_NPK_EG_23_455_S330_L002_R1_001_trim",0.0316545454012065,0.0275893698175774,-0.00536014548952764
"3237327_NPK_EG_23_467_S342_L002_R1_001_trim",-0.0103873394323383,-0.0493280815161736,0.0108849001197585
"3237328_NPK_EG_23_394_S354_L002_R1_001_trim",0.0150007438125108,-0.00212533267381814,0.00130674451207913
"3237329_NF_EG_23_397_S366_L002_R1_001_trim",0.00362190611801595,-0.0228259275070864,0.00272710401720957
"3237330_NPK_EG_23_364_S378_L002_R1_001_trim",0.0266109039691384,0.0208778403691485,-0.00119802147094159
"3237331_NPK_EG_23_408_S295_L002_R1_001_trim",-0.00788583278280899,-0.0356689880520833,0.00667768303314692
"3237332_NPK_EG_23_421_S307_L002_R1_001_trim",-0.0133622274521586,-0.0289447119885833,0.0125258214901223
"3237333_NPK_EG_23_437_S319_L002_R1_001_trim",0.0234241602143997,0.0123993140880136,-0.00268632639394893
"3237334_NPK_EG_23_456_S331_L002_R1_001_trim",0.0150315626821424,-0.00112103896743274,-0.000441591853251589
"3237335_NPK_EG_23_468_S343_L002_R1_001_trim",-0.0612828912857581,0.0466128836929409,-0.0299509193360765
"3237336_NF_EG_23_46_S355_L002_R1_001_trim",-0.00605305863557298,-0.0538497735060203,0.0167783181110743
"3237337_NF_EG_23_407_S367_L002_R1_001_trim",0.00914413280591834,0.0518439261390225,-0.0226759619578623
"3237338_NPK_EG_23_378_S379_L002_R1_001_trim",0.000608254708119577,-0.0037312666683979,0.00158055654977294
"3237339_NPK_EG_23_409_S296_L002_R1_001_trim",0.0242473095881862,0.011683722890169,-0.00423180655426954
"3237340_NPK_EG_23_423_S308_L002_R1_001_trim",-0.0402715984763189,-0.0266899699806002,-0.0507975930667098
"3237341_NPK_EG_23_440_S320_L002_R1_001_trim",-0.00835885069669028,-0.0411829852512756,0.0045171256169053
"3237342_NPK_EG_23_457_S332_L002_R1_001_trim",0.0117777062639957,-0.00853683207105296,0.000444941908372128
"3237343_NPK_EG_23_469_S344_L002_R1_001_trim",-0.0490204878020593,0.0217976387055057,0.049629009887088
"3400613_NF_EG_24_66_S1_L001_R1_001_trim",0.0106139018361536,0.00716554621077299,-0.00212202475889535
"3400614_NF_EG_24_9_S2_L001_R1_001_trim",0.000114942066345579,-0.00832124665210963,-0.00511699600305142
"3400615_NF_EG_24_23_S3_L001_R1_001_trim",-0.00849993735526689,-0.046764973163446,0.0137805579200384
"3400616_NF_EG_24_35_S4_L001_R1_001_trim",0.00877620263492846,-0.0125033122940763,0.00427804665677319
"3400617_NF_EG_24_47_S5_L001_R1_001_trim",0.0260960630788174,0.0139913102917723,-0.00431834416888666
"3400618_NF_EG_24_64_S6_L001_R1_001_trim",0.0161132638836779,0.0018898514835501,0.000623381702371661
"3400619_NF_EG_24_78_S7_L001_R1_001_trim",-0.0124388319782546,0.00724196485731878,-0.0160932742420828
"3400620_NF_EG_24_90_S8_L001_R1_001_trim",0.0221725840133677,0.0094319033796714,-0.00263687042447533
"3400621_NF_EG_24_71_S9_L001_R1_001_trim",0.00155745247159309,-0.0306289251333548,0.00497226876554317
"3400622_NF_EG_24_10_S10_L001_R1_001_trim",0.0180916555176129,0.00393997688980207,-0.00270037120742345
"3400623_NF_EG_24_24_S11_L001_R1_001_trim",0.0104632355786163,-0.00879851718058471,0.00179628633639643
"3400624_NF_EG_24_36_S12_L001_R1_001_trim",0.00571222183855259,-0.0128337477232955,0.00688760413750814
"3400625_NF_EG_24_48_S13_L001_R1_001_trim",0.00989804725025709,-0.00727656770293647,0.00342666827916307
"3400626_NF_EG_24_65_S14_L001_R1_001_trim",-0.0421045461637628,-0.00553337146641696,-0.0375102437140795
"3400628_NF_EG_24_91_S15_L001_R1_001_trim",0.00621043278229368,0.0134763721742213,-0.00697993798086918
"3400629_NF_EG_24_73_S16_L001_R1_001_trim",0.0106845143077084,-0.00949997547937377,0.000929977314255067
"3400630_NF_EG_24_11_S17_L001_R1_001_trim",-0.00544315899073583,-0.00877857334538531,-0.00953889565281759
"3400631_NF_EG_24_25_S18_L001_R1_001_trim",0.00345457189802072,-0.0146438329412298,0.00211793800555038
"3400632_NF_EG_24_37_S19_L001_R1_001_trim",-0.0144064223444141,0.0103661054514173,0.0206271733958325
"3400633_NF_EG_24_49_S20_L001_R1_001_trim",-0.0107876230246405,-0.0455994240514676,0.0102339485992305
"3400634_NF_EG_24_67_S21_L001_R1_001_trim",0.0152380166116382,0.0287904154240058,-0.0121607744355832
"3400635_NF_EG_24_79_S22_L001_R1_001_trim",0.00960743749635905,-0.00936070610106757,0.00414535170755127
"3400636_NF_EG_24_92_S23_L001_R1_001_trim",0.00488900640461408,3.26537634745037e-05,-0.0060451229976956
"3400637_NF_EG_24_85_S24_L001_R1_001_trim",-0.0113996494108282,0.0342719886524024,-0.0189606418227407
"3400638_NF_EG_24_12_S25_L001_R1_001_trim",-0.0115409159286065,0.0338545975093569,-0.0192418720579706
"3400639_NF_EG_24_26_S26_L001_R1_001_trim",0.0131427126759395,-0.00339688154654867,0.00255235841128241
"3400640_NF_EG_24_38_S27_L001_R1_001_trim",-0.051519805632715,0.0538874943140507,-0.0101699301376525
"3400641_NF_EG_24_50_S28_L001_R1_001_trim",0.0186450286046955,0.00919196715063422,0.00110460130195463
"3400642_NF_EG_24_68_S29_L001_R1_001_trim",0.0245039701232829,0.0175455382225342,-0.00396136211166138
"3400643_NF_EG_24_81_S30_L001_R1_001_trim",0.0191632718413133,0.0220368799540533,-0.00390763299300754
"3400644_NF_EG_24_93_S31_L001_R1_001_trim",-0.0288856750781626,-0.0167449806242448,0.0725087015872877
"3400645_NF_EG_24_96_S32_L001_R1_001_trim",-0.0260644912475507,0.0234122806889169,-0.00985300492794924
"3400646_NF_EG_24_14_S33_L001_R1_001_trim",0.0183478911204676,0.00410881852991926,-0.000399572382151868
"3400647_NF_EG_24_27_S34_L001_R1_001_trim",0.00171554623893739,-0.0304697934920324,0.00652431590639699
"3400648_NF_EG_24_39_S35_L001_R1_001_trim",0.0116570138412803,0.00526220317427166,-0.00531685247234576
"3400649_NF_EG_24_55_S36_L001_R1_001_trim",-0.0046050401411564,-0.0255532245458542,0.0099982727062232
"3400650_NF_EG_24_69_S37_L001_R1_001_trim",0.00809620783707353,0.0101599263389322,-0.00267248391920872
"3400651_NF_EG_24_82_S38_L001_R1_001_trim",0.00697775643847699,0.0148127097305071,0.00108939803874433
"3400652_NF_EG_24_94_S39_L001_R1_001_trim",0.00774466607490255,-0.0140328518747296,0.00621271982158147
"3400653_NF_EG_24_1_S40_L001_R1_001_trim",-0.0255221896790086,0.0232973931716931,-0.00908403357754595
"3400654_NF_EG_24_15_S41_L001_R1_001_trim",0.0193353104886277,0.00794520017197475,-0.000894717536518963
"3400655_NF_EG_24_28_S42_L001_R1_001_trim",0.0141026765006901,-0.00470606214458909,0.00207086539865981
"3400656_NF_EG_24_40_S43_L001_R1_001_trim",-0.0188776610217145,0.00713771067858463,0.054946593555161
"3400657_NF_EG_24_56_S44_L001_R1_001_trim",0.0171131859071448,0.00208106117135801,-0.000604256302604007
"3400658_NF_EG_24_70_S45_L001_R1_001_trim",-0.00138603386093832,-0.0134939325855389,-0.0107784000955967
"3400659_NF_EG_24_83_S46_L001_R1_001_trim",-0.00695314443582139,0.0183930531868714,0.0119213494457125
"3400660_NF_EG_24_95_S47_L001_R1_001_trim",-0.00762685940097227,0.01703136576865,-0.0120800968893191
"3400661_NF_EG_24_3_S48_L001_R1_001_trim",-0.0286741981363644,-0.027364811989873,-0.0133320053376076
"3400662_NF_EG_24_16_S49_L001_R1_001_trim",0.0104661426268238,-0.011415303844819,0.00584432567839547
"3400663_NF_EG_24_29_S50_L001_R1_001_trim",-0.0262735254007133,-0.00701921130345866,0.058933630779742
"3400664_NF_EG_24_41_S51_L001_R1_001_trim",0.0151948525501908,-0.00162547486909345,0.00152732332246492
"3400665_NF_EG_24_57_S52_L001_R1_001_trim",0.00417157300919,-0.017775145077656,0.0016227751329769
"3400666_NF_EG_24_72_S53_L001_R1_001_trim",0.0216916319175423,0.0132331696914921,-0.00231174274625533
"3400667_NF_EG_24_84_S54_L001_R1_001_trim",-0.0103952586765123,-0.00580582950949101,-0.0172604972737587
"3400668_NF_EG_24_97_S55_L001_R1_001_trim",0.00387849860092678,-0.0103474016545297,-0.00521124196346436
"3400669_NF_EG_24_4_S56_L001_R1_001_trim",0.0243915080023388,0.0141273693200657,-0.00201135294737484
"3400670_NF_EG_24_17_S57_L001_R1_001_trim",0.00878647057546382,-0.00189897551490145,-0.00341005720606031
"3400671_NF_EG_24_30_S58_L001_R1_001_trim",0.0203614863902212,0.00633473792782456,-0.0019731624517482
"3400672_NF_EG_24_42_S59_L001_R1_001_trim",0.0263245895746485,0.0197413564360443,-0.00178080878106146
"3400673_NF_EG_24_58_S60_L001_R1_001_trim",-0.0278039249203702,-0.0142305119526262,-0.0248295566282118
"3400674_NF_EG_24_74_S61_L001_R1_001_trim",0.00344202708192975,-0.024512827428108,0.00748811688140832
"3400675_NF_EG_24_86_S62_L001_R1_001_trim",0.0132583963539224,0.00386022704360812,-0.00395417997394441
"3400676_NF_EG_24_99_S63_L001_R1_001_trim",0.0142885374371477,-0.00345040881403628,0.000916636367071791
"3400677_NF_EG_24_5_S64_L001_R1_001_trim",0.00762451511512081,0.00491983571897999,-0.00680150056827821
"3400678_NF_EG_24_18_S65_L001_R1_001_trim",-0.00400987818498943,-0.0162852756717395,0.0053093678245376
"3400679_NF_EG_24_31_S66_L001_R1_001_trim",0.0104476125033902,0.0070807828726407,-0.00256573656667061
"3400680_NF_EG_24_43_S67_L001_R1_001_trim",0.00344999146000155,-0.0112469404338385,0.000638159376744214
"3400681_NF_EG_24_59_S68_L001_R1_001_trim",-0.00108260393428565,-0.0276137086924798,0.00730592012190995
"3400682_NF_EG_24_75_S69_L001_R1_001_trim",0.0246087009134318,0.0136800984281849,-0.00381665378555553
"3400683_NF_EG_24_87_S70_L001_R1_001_trim",-0.0110284222147129,0.0180913834057114,-0.0162367104747994
"3400684_NF_EG_24_100_S71_L001_R1_001_trim",0.0163537493522814,0.00424267738729199,-0.001371671987383
"3400685_NF_EG_24_6_S72_L001_R1_001_trim",-0.0142398809850837,0.0354566675163947,0.0165852669917437
"3400686_NF_EG_24_19_S73_L001_R1_001_trim",-0.052103001079307,0.0311644129967505,-0.0141510466054785
"3400687_NF_EG_24_32_S74_L001_R1_001_trim",-0.0209389126092247,-0.0216053492375556,-0.0137074063363843
"3400688_NF_EG_24_44_S75_L001_R1_001_trim",0.0110732597003414,-0.0119790795739926,0.00392758791141375
"3400689_NF_EG_24_60_S76_L001_R1_001_trim",-0.023174735427254,0.0178185956072778,0.0918012666339404
"3400690_NF_EG_24_76_S77_L001_R1_001_trim",0.00749326522889069,-0.0179030119213555,0.00700978433470379
"3400691_NF_EG_24_88_S78_L001_R1_001_trim",-0.0100796695944167,0.0331578946301196,0.0759824115213251
"3400692_NF_EG_24_101_S79_L001_R1_001_trim",-0.02526829224396,0.000160672450005772,-0.028229067746764
"3400693_NF_EG_24_7_S80_L001_R1_001_trim",-0.0307846600755643,-0.00649509980449886,0.0833401780352184
"3400694_NF_EG_24_21_S81_L001_R1_001_trim",-0.0391577566990352,-0.0141250951989601,-0.0387130709662388
"3400695_NF_EG_24_33_S82_L001_R1_001_trim",0.00567213090942695,-0.0223301885974299,0.00713016400064518
"3400696_NF_EG_24_45_S83_L001_R1_001_trim",0.0119935300769253,-0.00722072965872957,0.00162080239324184
"3400697_NF_EG_24_61_S84_L001_R1_001_trim",-0.0131559311251373,-0.000746254769111085,0.00368564456645919
"3400698_NF_EG_24_77_S85_L001_R1_001_trim",0.0242019451654537,0.0182744213791374,-0.00120209516428611
"3400699_NF_EG_24_89_S86_L001_R1_001_trim",-0.00148427148240553,-0.0160431702208512,0.00357939552451866
"3400700_NF_EG_24_103_S87_L001_R1_001_trim",-0.0467150146828995,0.00585862396586967,-0.0269516985876782
"3400701_NF_EG_24_8_S88_L001_R1_001_trim",0.0110056180189045,-0.0138719470854324,0.00301712732019417
"3400702_NF_EG_24_22_S89_L001_R1_001_trim",0.00803556986072598,2.15253965333284e-05,-0.00672214589231755
"3400703_NF_EG_24_34_S90_L001_R1_001_trim",-0.0567208214589162,0.0407681591329847,-0.0160369030129686
"3400704_NF_EG_24_46_S91_L001_R1_001_trim",-3.00600586539895e-05,-0.0185790453291455,0.00223525916434857
"3400705_NF_EG_24_63_S92_L001_R1_001_trim",0.00607611767878621,-0.00132448761029579,0.00844507939439833
"3400709_NF_EG_24_104_S94_L001_R1_001_trim",-0.00914249237441041,-0.0156549436637121,-0.0244465538374193
"3400710_NF_EG_24_118_S95_L001_R1_001_trim",-0.0165667202031939,-0.0111409526533022,-0.00889253373706711
"3400711_NF_EG_24_137_S96_L001_R1_001_trim",-0.0295192322627308,0.00644724228313803,0.0876461617524344
"3400712_NF_EG_24_153_S97_L001_R1_001_trim",-0.0133014530464796,-0.0180912276499398,-0.0123634256512574
"3400713_NF_EG_24_167_S98_L001_R1_001_trim",0.0190427334135759,0.0400854306130267,-0.0150448853619573
"3400714_NF_EG_24_187_S99_L001_R1_001_trim",-0.0130441378880327,0.0348135192158279,0.0721680025674934
"3400715_NF_EG_24_169_S100_L001_R1_001_trim",0.0145186489637725,0.0108139729810865,-0.000108704630932052
"3400716_NF_EG_24_220_S101_L001_R1_001_trim",0.0141353729882403,-0.000742082862975655,0.000220506794654844
"3400717_NF_EG_24_105_S102_L001_R1_001_trim",0.0102097062987941,-0.0014502377115849,0.00024993887887275
"3400718_NF_EG_24_119_S103_L001_R1_001_trim",0.00476863321024455,-0.0199134082502581,0.00514267788868731
"3400719_NF_EG_24_138_S104_L001_R1_001_trim",0.00658265023926171,-0.016045105255161,0.00506544357116433
"3400720_NF_EG_24_154_S105_L001_R1_001_trim",0.0254555250309033,0.0188539485808858,-0.00215345039767455
"3400721_NF_EG_24_168_S106_L001_R1_001_trim",0.00984712869257064,0.0611483183911848,-0.0283200699042094
"3400722_NF_EG_24_188_S107_L001_R1_001_trim",0.00181786162552416,-0.00519118278353569,-0.00677583537940855
"3400723_NF_EG_24_176_S108_L001_R1_001_trim",-0.0055054777788585,-0.0212937717872248,0.00132253021585693
"3400724_NF_EG_24_222_S109_L001_R1_001_trim",0.00842735698092625,-0.013371102618346,0.00147840208238028
"3400725_NF_EG_24_106_S110_L001_R1_001_trim",0.0048392503254282,-0.0114753432283028,0.00122494003527901
"3400726_NF_EG_24_120_S111_L001_R1_001_trim",0.0046513305928249,-0.0204469937661521,0.00690233879022904
"3400727_NF_EG_24_139_S112_L001_R1_001_trim",0.0267411059658445,0.0189411572425612,-0.00301023033692017
"3400728_NF_EG_24_155_S113_L001_R1_001_trim",0.00221843814780707,-0.00973597870425067,0.016217691978168
"3400729_NF_EG_24_170_S114_L001_R1_001_trim",0.021561092535485,0.0102011366769011,-0.00304876674791372
"3400730_NF_EG_24_116_S115_L001_R1_001_trim",-0.00411448268495112,0.0173553435617418,0.0104519076066344
"3400731_NF_EG_24_181_S116_L001_R1_001_trim",-0.0281532788328456,0.0102815350349635,0.078523215877011
"3400732_NF_EG_24_223_S117_L001_R1_001_trim",-0.00906940475605218,-0.0150188736599319,-0.0022326694181102
"3400733_NF_EG_24_107_S118_L001_R1_001_trim",0.00461717709660968,-0.0202795176511508,0.00533942071923701
"3400734_NF_EG_24_121_S119_L001_R1_001_trim",0.023764867414607,0.0213028451559577,-0.00450225821974921
"3400735_NF_EG_24_140_S120_L001_R1_001_trim",0.021927560927258,0.0137964273476856,-0.00349454394294393
"3400736_NF_EG_24_156_S121_L001_R1_001_trim",0.026353329988934,0.017879499402258,-0.00543232402785426
"3400737_NF_EG_24_171_S122_L001_R1_001_trim",0.00699268282462112,-0.0148463629283137,0.00458973983391094
"3400738_NF_EG_24_125_S123_L001_R1_001_trim",-0.00997039868271216,0.0151588989695812,0.000758752524634341
"3400739_NF_EG_24_182_S124_L001_R1_001_trim",0.0153432156085757,0.0017429657182659,0.00179926271307552
"3400740_NF_EG_24_225_S125_L001_R1_001_trim",-0.0149715643665821,0.00890536187780089,-0.0145918159284034
"3400741_NF_EG_24_108_S126_L001_R1_001_trim",0.0119997515904635,-0.0106891704004344,0.0063105618742718
"3400742_NF_EG_24_126_S127_L001_R1_001_trim",0.00322417413331091,-0.00207526917544963,0.018139256315745
"3400743_NF_EG_24_141_S128_L001_R1_001_trim",-0.023588659280127,0.0336293478180634,-0.0104699661854561
"3400744_NF_EG_24_157_S129_L001_R1_001_trim",0.00419308465046062,-0.0195059560960406,0.00614343611511204
"3400745_NF_EG_24_172_S130_L001_R1_001_trim",-0.000703919833158053,-0.0348356632398484,0.0118487994231655
"3400746_NF_EG_24_131_S131_L001_R1_001_trim",0.0168424618115307,0.00237453242581693,-6.55002253317382e-05
"3400747_NF_EG_24_183_S132_L001_R1_001_trim",-0.0249663387019376,0.0369629781328547,-0.00912905080808911
"3400748_NF_EG_24_226_S133_L001_R1_001_trim",0.0132968363967858,-0.00651439564778389,0.00127262406905143
"3400749_NF_EG_24_109_S134_L001_R1_001_trim",0.0162392626491532,-0.0023148271785245,0.000215430085683155
"3400750_NF_EG_24_127_S135_L001_R1_001_trim",0.0180570015901906,0.00305150391864164,-0.00190603387180167
"3400751_NF_EG_24_142_S136_L001_R1_001_trim",0.0135124422854706,-0.00725303672440672,0.00173518693497961
"3400752_NF_EG_24_159_S137_L001_R1_001_trim",-0.0393379925401634,0.0385265447424334,0.0701036824745886
"3400753_NF_EG_24_175_S138_L001_R1_001_trim",-0.00992537419772142,0.0159472520230639,0.0109291270502552
"3400754_NF_EG_24_143_S139_L001_R1_001_trim",-0.0508335847406927,0.0177485241509041,-0.0279502019166923
"3400755_NF_EG_24_189_S140_L001_R1_001_trim",0.0153189283316907,-0.000234490050687228,0.00237486835961748
"3400756_NF_EG_24_229_S141_L001_R1_001_trim",0.00655799556759891,-0.0151049433202806,0.00394415253400884
"3400757_NF_EG_24_111_S142_L001_R1_001_trim",0.00807300200069387,-0.0126169651969713,0.00579529118165636
"3400758_NF_EG_24_129_S143_L001_R1_001_trim",0.0280193981561896,0.0230238903128384,-0.00422020675993824
"3400759_NF_EG_24_144_S144_L001_R1_001_trim",-0.00166127314575665,-0.0122223275324772,-0.016387081852704
"3400760_NF_EG_24_160_S145_L001_R1_001_trim",0.00402130065018645,-0.0164754687711269,0.00627321038945293
"3400761_NF_EG_24_177_S146_L001_R1_001_trim",0.0271835938626046,0.0240908232854918,-0.00393824642282246
"3400762_NF_EG_24_146_S147_L001_R1_001_trim",-0.0602457388187067,0.040576453585107,-0.00989464202323271
"3400763_NF_EG_24_190_S148_L001_R1_001_trim",-0.0312367607113619,-0.0165433746377742,0.00303420924172532
"3400764_NF_EG_24_233_S149_L001_R1_001_trim",0.0249949335848948,0.0213421275539451,-0.0041422562403976
"3400766_NF_EG_24_132_S150_L001_R1_001_trim",0.0115776586070124,0.00597689785328346,-0.00437212909867802
"3400767_NF_EG_24_145_S151_L001_R1_001_trim",-0.00758655047715661,-0.00715297785160547,-0.0270651776283486
"3400768_NF_EG_24_161_S152_L001_R1_001_trim",-0.0127135274378488,0.0182711134318466,-0.0156447852408355
"3400769_NF_EG_24_178_S153_L001_R1_001_trim",0.0254407467786317,0.0185827929381697,-0.00376474360395869
"3400770_NF_EG_24_150_S154_L001_R1_001_trim",-0.00693928020126899,0.0134800530293345,-0.00984964438223032
"3400771_NF_EG_24_208_S155_L001_R1_001_trim",0.00516586603680047,-0.0193072518992749,0.00262162360516324
"3400772_NF_EG_24_234_S156_L001_R1_001_trim",0.0120348037452017,-0.00672088254337467,0.00186287218442151
"3400773_NF_EG_24_113_S157_L001_R1_001_trim",0.0129623468212602,-0.00116547806566221,0.000770900164001047
"3400774_NF_EG_24_133_S158_L001_R1_001_trim",-0.057658351118053,0.0395624960867834,-0.0204033218357902
"3400775_NF_EG_24_147_S159_L001_R1_001_trim",0.0143902860944199,0.00600986207939058,-0.00422012755518108
"3400776_NF_EG_24_162_S160_L001_R1_001_trim",0.0199801699773064,0.0084445238409206,-0.00367804735848141
"3400777_NF_EG_24_179_S161_L001_R1_001_trim",0.022134531428683,0.011478283218152,-0.00269117511094385
"3400778_NF_EG_24_152_S162_L001_R1_001_trim",0.020562009975505,0.0107748925203729,-0.0039496390882839
"3400779_NF_EG_24_211_S163_L001_R1_001_trim",-0.0654090468253594,0.0616024924190946,-0.0129995358475813
"3400780_NF_EG_24_235_S164_L001_R1_001_trim",0.025320115761011,0.0188798110442715,-0.00135881127008493
"3400781_NF_EG_24_114_S165_L001_R1_001_trim",0.0066957781576367,-0.0149071082360055,0.00504699630082703
"3400782_NF_EG_24_134_S166_L001_R1_001_trim",0.00044039968650443,-0.0136631233923747,-0.000713326486162582
"3400783_NF_EG_24_148_S167_L001_R1_001_trim",-0.00591731104946455,0.015881322048626,-0.0247929845663127
"3400784_NF_EG_24_163_S168_L001_R1_001_trim",0.00679962322436597,-0.0120225182362247,0.00674798110634448
"3400785_NF_EG_24_180_S169_L001_R1_001_trim",-0.0530738287436955,0.0348846880562118,-0.0273760169685002
"3400786_NF_EG_24_158_S170_L001_R1_001_trim",-0.0201408344703014,0.00311009024046448,0.0180226442487454
"3400787_NF_EG_24_215_S171_L001_R1_001_trim",0.010348250000253,-0.0128278076161574,0.00362626787013389
"3400788_NF_EG_24_236_S172_L001_R1_001_trim",-0.00148123299654619,-0.0233729673186422,0.00417869351366687
"3400789_NF_EG_24_115_S173_L001_R1_001_trim",-0.0523584490055076,0.0206024077578787,-0.0136079850459006
"3400790_NF_EG_24_135_S174_L001_R1_001_trim",0.0181256606452652,0.00512743895446232,-0.000754002350113948
"3400791_NF_EG_24_149_S175_L001_R1_001_trim",0.0193118703625916,0.00862861955149579,-0.00062160792655035
"3400792_NF_EG_24_165_S176_L001_R1_001_trim",0.0225023325791915,0.014254745878679,-0.00300982808753637
"3400793_NF_EG_24_185_S177_L001_R1_001_trim",0.0180377566039021,0.034433727417682,-0.0068199975494676
"3400794_NF_EG_24_164_S178_L001_R1_001_trim",-0.00366588872163082,-0.00642560287022975,-0.0133266836390425
"3400795_NF_EG_24_219_S179_L001_R1_001_trim",0.0205316102548089,0.0109811459042729,-0.00273909555936811
"3400796_NF_EG_24_237_S180_L001_R1_001_trim",-0.00509235322617,-0.000481304133846204,-0.0296318537152122
"3400797_NF_EG_24_117_S181_L001_R1_001_trim",0.01193374794099,0.00426464475384416,0.0102923341977052
"3400798_NF_EG_24_136_S182_L001_R1_001_trim",0.0113984613546314,-0.00664390408568814,0.00165389728821435
"3400799_NF_EG_24_151_S183_L001_R1_001_trim",0.00623183214884243,-0.0179830826339478,0.00660054867923985
"3400800_NF_EG_24_166_S184_L001_R1_001_trim",-0.0120835602161563,-0.0489639230683626,0.0134148932818576
"3400801_NF_EG_24_186_S185_L001_R1_001_trim",0.0258430110529561,0.018384167835064,-0.00410918751698064
"3400805_NF_EG_24_238_S187_L001_R1_001_trim",0.00698373445499169,-0.014438825484921,0.00617596919678994
"3400806_NF_EG_24_251_S188_L001_R1_001_trim",0.0168451280229084,0.000107212164160378,0.00026324723421319
"3400807_NF_EG_24_268_S189_L001_R1_001_trim",0.00141959844721257,-0.0242884890158213,0.00808308853467189
"3400808_NF_EG_24_284_S190_L001_R1_001_trim",0.0197466228075439,0.00875581724575515,-0.00215992478220035
"3400809_NF_EG_24_201_S191_L001_R1_001_trim",-0.00536904419210732,0.00134761144401087,-0.0176532544660256
"3400810_NF_EG_24_218_S192_L001_R1_001_trim",0.0206447716007121,0.0108555377808009,-0.00143694120090829
"3400811_NPK_EG_24_16_S193_L001_R1_001_trim",-0.0285040345361069,0.0318743342677358,-0.00618592675008667
"3400812_NPK_EG_24_39_S194_L001_R1_001_trim",-0.0341737591262114,0.00531298271543371,-0.00690800654551035
"3400813_NF_EG_24_239_S195_L001_R1_001_trim",0.0245211749710892,0.0196755213187341,-0.00352559887673924
"3400814_NF_EG_24_252_S196_L001_R1_001_trim",-0.00550842106910251,-0.000280869946993112,-0.0214081885662814
"3400815_NF_EG_24_270_S197_L001_R1_001_trim",-0.0206479083540867,-0.00603129219427047,-0.0158238217666363
"3400816_NF_EG_24_285_S198_L001_R1_001_trim",-0.0426944989434891,-0.00394132551429616,-0.0134084269648765
"3400817_NF_EG_24_204_S199_L001_R1_001_trim",-0.0278264240496163,-0.0171738467187667,0.0182287397108182
"3400818_NF_EG_24_221_S200_L001_R1_001_trim",0.00886386526354107,-0.0128844495730123,0.00319336365014955
"3400819_NPK_EG_24_20_S201_L001_R1_001_trim",-0.0141993323872935,0.0358919053399848,0.157816089512598
"3400820_NPK_EG_24_42_S202_L001_R1_001_trim",0.0227168259576422,0.0143718358869185,-0.00156680229074033
"3400821_NF_EG_24_241_S203_L001_R1_001_trim",0.019477520420469,0.00695500975166816,-0.000584597845183806
"3400822_NF_EG_24_253_S204_L001_R1_001_trim",-0.00631686555201832,0.0105364657758549,-0.0166699170879185
"3400823_NF_EG_24_272_S205_L001_R1_001_trim",-0.00827764382731236,0.00991039119214,-0.0211628454652025
"3400824_NF_EG_24_286_S206_L001_R1_001_trim",-0.0148988797228609,-0.0174734553086275,-0.0108434722884416
"3400825_NF_EG_24_205_S207_L001_R1_001_trim",-0.0400637796406776,0.00112006045038303,-0.0268421869175771
"3400826_NF_EG_24_227_S208_L001_R1_001_trim",-0.0105655786882346,0.0114074369184013,-0.0267979026459242
"3400827_NPK_EG_24_21_S209_L001_R1_001_trim",0.00374725599673458,0.00308236172761617,-0.00792682879130999
"3400828_NPK_EG_24_43_S210_L001_R1_001_trim",-0.00755429373778965,-0.0436612657202018,0.011008725742283
"3400829_NF_EG_24_242_S211_L001_R1_001_trim",-0.00766174750088809,-0.0219854997382063,-0.00102297750622811
"3400830_NF_EG_24_256_S212_L001_R1_001_trim",0.0255022550314035,0.0178064781782485,-0.00399600445547509
"3400831_NF_EG_24_274_S213_L001_R1_001_trim",0.0175267768005202,0.00138427031532622,0.000143245063672504
"3400832_NF_EG_24_287_S214_L001_R1_001_trim",0.00826794116894194,-0.00931874952523636,0.00336757915934465
"3400833_NF_EG_24_206_S215_L001_R1_001_trim",0.0239988143942253,0.0170170624846054,-0.00338272649554426
"3400834_NF_EG_24_228_S216_L001_R1_001_trim",-0.0188332085522432,0.0265250126877262,0.0038913532107388
"3400835_NPK_EG_24_22_S217_L001_R1_001_trim",-0.00906901749274836,0.0139365457657916,0.0121251786643504
"3400836_NPK_EG_24_44_S218_L001_R1_001_trim",-0.00581896690702671,-0.0203248270564317,0.01331682393943
"3400837_NF_EG_24_243_S219_L001_R1_001_trim",0.00686863262427056,-0.0187485069278569,0.0056991615952503
"3400838_NF_EG_24_257_S220_L001_R1_001_trim",-0.0253377648837236,-0.0385536818392784,-0.0175387394491489
"3400839_NF_EG_24_275_S221_L001_R1_001_trim",-0.00941697910169031,0.01018709158019,-0.0267915035563303
"3400840_NF_EG_24_288_S222_L001_R1_001_trim",-0.013858236118481,-0.0218526328405447,-0.0108494358733766
"3400841_NF_EG_24_207_S223_L001_R1_001_trim",-0.0110934675457294,0.0156963696490511,-0.00951473061035177
"3400842_NF_EG_24_230_S224_L001_R1_001_trim",0.0153353642964077,0.00816258993038826,0.000144145018067478
"3400843_NPK_EG_24_24_S225_L001_R1_001_trim",-0.00911268357735494,-0.00647060571128605,-0.0218656211315917
"3400844_NPK_EG_24_45_S226_L001_R1_001_trim",0.00424527102248111,-0.00146822279652237,0.00341115471683107
"3400845_NF_EG_24_244_S227_L001_R1_001_trim",0.0248402017456807,0.0173559149928052,-0.00296676727055424
"3400846_NF_EG_24_259_S228_L001_R1_001_trim",0.018345436080198,0.00467285005218848,0.000558150594178975
"3400847_NF_EG_24_276_S229_L001_R1_001_trim",-0.00573069843584295,-0.0380269595973182,0.0103352794353948
"3400848_NF_EG_24_193_S230_L001_R1_001_trim",-0.0224480323560097,0.018161456983808,-0.00861009836405307
"3400849_NF_EG_24_209_S231_L001_R1_001_trim",0.0254317342782575,0.014972613123933,-0.00390339931804219
"3400850_NF_EG_24_240_S232_L001_R1_001_trim",0.00452282003413543,-0.0188787852578605,0.00635877549095701
"3400851_NPK_EG_24_28_S233_L001_R1_001_trim",-0.0241111992317669,-0.0393175110602937,-0.0163628712938815
"3400852_NPK_EG_24_51_S234_L001_R1_001_trim",0.00656132168834152,-0.00476048404013597,0.0107152094783374
"3400853_NF_EG_24_245_S235_L001_R1_001_trim",-0.0287971505251339,-0.004729952317818,0.019699778516404
"3400854_NF_EG_24_260_S236_L001_R1_001_trim",0.0272967578569856,0.0184043261685202,-0.00425921060663239
"3400855_NF_EG_24_277_S237_L001_R1_001_trim",0.0200460977101716,0.00867967152093251,-0.00234869132949046
"3400856_NF_EG_24_194_S238_L001_R1_001_trim",0.00748057178777744,-0.012262994552176,0.00402860743590828
"3400857_NF_EG_24_210_S239_L001_R1_001_trim",-0.0283504114431832,0.0410848607234932,0.00689260803459115
"3400858_NF_EG_24_255_S240_L001_R1_001_trim",0.0200449885891681,0.00606227828958859,-0.000349487545415569
"3400859_NPK_EG_24_29_S241_L001_R1_001_trim",0.0147624692995477,0.00328145490582539,-0.000801742125542704
"3400860_NPK_EG_24_52_S242_L001_R1_001_trim",0.000749933377828601,-0.00401365742616357,-0.0100395608520585
"3400861_NF_EG_24_246_S243_L001_R1_001_trim",0.0263990895518761,0.0176478396078824,-0.00409378731120311
"3400862_NF_EG_24_261_S244_L001_R1_001_trim",0.00287919541193633,-0.0126751792586072,0.000244708927479517
"3400863_NF_EG_24_279_S245_L001_R1_001_trim",0.02546011890503,0.0171915512516949,-0.00393765748948957
"3400864_NF_EG_24_195_S246_L001_R1_001_trim",-0.0118211747100374,-0.0489946732221217,0.0121618558139352
"3400865_NF_EG_24_212_S247_L001_R1_001_trim",0.00923839991845678,-0.00610448267732386,0.00308089628938319
"3400866_NPK_EG_24_9_S248_L001_R1_001_trim",0.0197991660166737,0.0075166388692259,-0.00327103452076273
"3400867_NPK_EG_24_32_S249_L001_R1_001_trim",0.00728116181244199,-0.0193300293068524,0.00623747783996773
"3400868_NPK_EG_24_53_S250_L001_R1_001_trim",0.0100113342826786,-0.00267390429647459,0.00164122977003335
"3400869_NF_EG_24_247_S251_L001_R1_001_trim",-0.00456183953449731,-0.0141436493912317,-0.0141607048103022
"3400870_NF_EG_24_262_S252_L001_R1_001_trim",-0.0155653740019911,-0.00119333917577414,-0.0199986954281777
"3400871_NF_EG_24_280_S253_L001_R1_001_trim",0.0080522488833951,-0.00130109195363404,-0.00910792961034249
"3400872_NF_EG_24_196_S254_L001_R1_001_trim",0.000622214503912182,-0.0214262884896884,0.000983011174373946
"3400873_NF_EG_24_213_S255_L001_R1_001_trim",0.00827692787695105,-0.0123663519899367,0.00395197768581527
"3400874_NPK_EG_24_11_S256_L001_R1_001_trim",-0.0328686789597532,-0.0233425022036837,-0.0297914904680265
"3400875_NPK_EG_24_34_S257_L001_R1_001_trim",0.0155744278023659,-0.00340971414379337,0.000515732007919454
"3400876_NPK_EG_24_54_S258_L001_R1_001_trim",2.66362780984812e-05,-0.029700535638364,0.00757202592442051
"3400877_NF_EG_24_248_S259_L001_R1_001_trim",0.00880540842225005,-0.00941177966735109,0.00622030913323023
"3400878_NF_EG_24_263_S260_L001_R1_001_trim",0.0155454829852044,0.00534947408090881,0.00088105525642573
"3400879_NF_EG_24_281_S261_L001_R1_001_trim",0.0140482872371956,-0.00510722589178268,0.00343133838431788
"3400880_NF_EG_24_198_S262_L001_R1_001_trim",0.00818019165764319,0.00189234294766252,0.000988206318625654
"3400882_NPK_EG_24_12_S263_L001_R1_001_trim",-0.0269257421209112,0.0139604973554424,0.00527533315539545
"3400883_NPK_EG_24_35_S264_L001_R1_001_trim",-0.0320134613448025,0.023141265157774,0.00102947085992405
"3400884_NPK_EG_24_56_S265_L001_R1_001_trim",-0.0198926049433362,-0.0143828071177099,0.0269536308034339
"3400885_NF_EG_24_249_S266_L001_R1_001_trim",0.0136307144391903,-0.00477502185117115,0.00195319350361051
"3400886_NF_EG_24_265_S267_L001_R1_001_trim",0.0260388152456051,0.0175973513486808,-0.00405074768473401
"3400887_NF_EG_24_282_S268_L001_R1_001_trim",0.0281493361719696,0.0219538420588898,-0.00380833629918733
"3400888_NF_EG_24_199_S269_L001_R1_001_trim",0.0227930340116055,0.0118051818325093,-0.00387562332824965
"3400889_NF_EG_24_216_S270_L001_R1_001_trim",0.0234667639936071,0.0130980999497517,-0.00127794574655542
"3400890_NPK_EG_24_15_S271_L001_R1_001_trim",0.00786307728409611,-0.0185241807882193,0.00411597103539969
"3400891_NPK_EG_24_36_S272_L001_R1_001_trim",-0.0302807134280132,-0.00380218847972006,-0.00185797103405752
"3400892_NPK_EG_24_57_S273_L001_R1_001_trim",-0.0105289481212551,-0.0149878880428267,0.011923384156484
"3400893_NF_EG_24_250_S274_L001_R1_001_trim",-0.0348936332776464,-0.0115137199318585,-0.0170493840024497
"3400894_NF_EG_24_267_S275_L001_R1_001_trim",-0.00897314279923194,-0.00891379914748318,-0.0210193968917867
"3400895_NF_EG_24_283_S276_L001_R1_001_trim",0.022967218704786,0.0125436856094276,-0.00229363610486177
"3400896_NF_EG_24_200_S277_L001_R1_001_trim",-0.0436029718540076,0.00361368265679659,-0.00400203338330691
"3400897_NF_EG_24_217_S278_L001_R1_001_trim",-0.0189463395088297,0.0326444033669791,-0.00865206272609124
"3400910_NPK_EG_24_63_S280_L002_R1_001_trim",-0.00636515204489547,0.0214824069855604,0.0100548295117196
"3400911_NPK_EG_24_82_S281_L002_R1_001_trim",-0.0568773983175541,0.0444172501724098,0.0262889126270028
"3400912_NPK_EG_24_27_S282_L002_R1_001_trim",-0.00933956493590335,0.0458761781644671,0.185126364447289
"3400913_NPK_EG_24_71_S283_L002_R1_001_trim",-0.0193162917261591,-0.0340348270813503,0.0146174232348654
"3400914_NPK_EG_24_184_S284_L002_R1_001_trim",0.00756968036120761,-0.015122185375219,0.00251461437806835
"3400915_NPK_EG_24_107_S285_L002_R1_001_trim",0.0192143579908004,0.00871400282703736,-0.00187116076530165
"3400916_NPK_EG_24_118_S286_L002_R1_001_trim",-0.0263835390862834,0.0160053332263454,-0.00615539085474426
"3400917_NPK_EG_24_132_S287_L002_R1_001_trim",-0.0284639349502176,0.0258120525828129,0.00621654996151099
"3400918_NPK_EG_24_64_S288_L002_R1_001_trim",-0.0235150913718198,0.0219176061060629,0.165772657037425
"3400919_NPK_EG_24_83_S289_L002_R1_001_trim",-0.0234867389446477,-0.00118845957761721,0.0239316051288015
"3400920_NPK_EG_24_30_S290_L002_R1_001_trim",-0.00625614965849897,0.0124863840518682,-0.0115456781630532
"3400921_NPK_EG_24_72_S291_L002_R1_001_trim",-0.00817914472857814,-0.0163170920748919,-0.0119564854701377
"3400922_NPK_EG_24_97_S292_L002_R1_001_trim",-0.0124175851421554,0.000575548549723151,-0.0240683742284038
"3400923_NPK_EG_24_108_S293_L002_R1_001_trim",0.0252223641027678,0.0184509689925336,-0.00378194423998507
"3400924_NPK_EG_24_119_S294_L002_R1_001_trim",-0.00192525242113733,-0.00103425761523668,0.0100412049254054
"3400925_NPK_EG_24_133_S295_L002_R1_001_trim",0.00573462463458875,-0.0179483531969765,0.00493250067008926
"3400926_NPK_EG_24_65_S296_L002_R1_001_trim",-0.0131092429397389,0.01525614028557,0.016885152029044
"3400927_NPK_EG_24_84_S297_L002_R1_001_trim",0.0175628962111249,0.0072250583705332,0.00241888741581078
"3400928_NPK_EG_24_31_S298_L002_R1_001_trim",-0.00849798023959034,-0.0227933192820967,0.000103910250945729
"3400929_NPK_EG_24_74_S299_L002_R1_001_trim",-0.00129782869919028,-0.0159058646682291,-0.00212239772020725
"3400930_NPK_EG_24_98_S300_L002_R1_001_trim",0.0242897929330005,0.0145658866196522,-0.00290038032357877
"3400931_NPK_EG_24_109_S301_L002_R1_001_trim",-0.033628149754454,-0.00968253273408671,0.0121871866784748
"3400932_NPK_EG_24_120_S302_L002_R1_001_trim",-0.0350675759425115,0.0283435006744218,-0.00269818651880248
"3400933_NPK_EG_24_134_S303_L002_R1_001_trim",-0.00889916232066091,-0.0197332148829237,-0.0142551528196054
"3400934_NPK_EG_24_66_S304_L002_R1_001_trim",-0.0100794980103228,-0.0329253436750395,0.0202363712911315
"3400935_NPK_EG_24_86_S305_L002_R1_001_trim",-0.0115048598734984,-0.0495762782564522,0.0114348610434321
"3400936_NPK_EG_24_33_S306_L002_R1_001_trim",-0.0293635999998853,0.0222760649608728,0.0054052371199374
"3400937_NPK_EG_24_77_S307_L002_R1_001_trim",-0.0103598734277607,0.0111167308411578,0.010683766365635
"3400938_NPK_EG_24_99_S308_L002_R1_001_trim",-0.00723817927918228,0.0162476830197276,-0.0169767598056372
"3400939_NPK_EG_24_110_S309_L002_R1_001_trim",-0.0119104443384583,-0.00775377938583363,-0.0156558801036732
"3400940_NPK_EG_24_121_S310_L002_R1_001_trim",-0.0232117741463772,0.00400274481157124,0.0197411682016698
"3400941_NPK_EG_24_135_S311_L002_R1_001_trim",0.0229379423769858,0.0148277497968538,-0.00158287478722965
"3400942_NPK_EG_24_68_S312_L002_R1_001_trim",0.00951132123886271,-0.00961092726214389,0.0081437446736448
"3400943_NPK_EG_24_87_S313_L002_R1_001_trim",0.00430019906141632,-0.0111367803186334,-0.00341480373010992
"3400944_NPK_EG_24_37_S314_L002_R1_001_trim",-0.0279476794433846,-0.00813838186203009,0.0355447237209935
"3400945_NPK_EG_24_78_S315_L002_R1_001_trim",0.0142956324563082,0.00242042756102698,-0.00172415126428926
"3400947_NPK_EG_24_111_S316_L002_R1_001_trim",-0.0150991602635319,0.010129838569375,0.0268726527267538
"3400948_NPK_EG_24_122_S317_L002_R1_001_trim",0.0259088913109062,0.0204796905257963,-0.00305410656235132
"3400949_NPK_EG_24_136_S318_L002_R1_001_trim",-0.0030046382962239,-0.00296245425477339,-0.0105962057050187
"3400950_NPK_EG_24_69_S319_L002_R1_001_trim",0.0240371364272165,0.0170703353412462,-0.00247783597425055
"3400951_NPK_EG_24_89_S320_L002_R1_001_trim",-0.0132930674910248,0.0325888295690776,0.179136078156111
"3400952_NPK_EG_24_38_S321_L002_R1_001_trim",-0.0248997009810854,0.0132514102654473,0.167823250330581
"3400953_NPK_EG_24_85_S322_L002_R1_001_trim",-0.0226803893577042,-0.0361262471014549,-0.00460442054270628
"3400954_NPK_EG_24_100_S323_L002_R1_001_trim",-0.00930949404808074,-0.0542104307605618,0.017113765207479
"3400955_NPK_EG_24_112_S324_L002_R1_001_trim",-0.011968481339302,0.0077904699790621,-0.028154327548089
"3400956_NPK_EG_24_125_S325_L002_R1_001_trim",-0.0242730585854665,0.0135100624042755,-0.00653935823883579
"3400957_NPK_EG_24_138_S326_L002_R1_001_trim",-0.0261963283559263,0.022223654887385,0.165124854863868
"3400958_NPK_EG_24_70_S327_L002_R1_001_trim",-0.0412528444942688,-0.0207369543030412,-0.0529206827159925
"3400959_NPK_EG_24_92_S328_L002_R1_001_trim",-0.0109809256645166,0.00603523110942784,-0.0160381610510226
"3400960_NPK_EG_24_40_S329_L002_R1_001_trim",-0.0437668256419914,0.0216509670162478,0.0497275149553332
"3400961_NPK_EG_24_90_S330_L002_R1_001_trim",0.00251327532730225,0.0185680926547824,-0.00293097379368355
"3400962_NPK_EG_24_101_S331_L002_R1_001_trim",-0.0207097828273611,0.0310748887921655,-0.00359314273176401
"3400963_NPK_EG_24_113_S332_L002_R1_001_trim",-0.00914214938996625,-0.00521861544251978,-0.0178321973225949
"3400964_NPK_EG_24_126_S333_L002_R1_001_trim",-0.0289617698786778,0.0250367432744594,-0.0114492043288922
"3400965_NPK_EG_24_139_S334_L002_R1_001_trim",0.0243026164113013,0.0150268756938527,-0.00465006456842052
"3400966_NPK_EG_24_75_S335_L002_R1_001_trim",0.00793192639895667,-0.0160700219630654,0.00550325144584022
"3400967_NPK_EG_24_94_S336_L002_R1_001_trim",-0.00510613021883039,0.00248856543156537,-0.0188255304062744
"3400968_NPK_EG_24_49_S337_L002_R1_001_trim",-0.0217058813072995,-0.0296085635990165,0.0206280205552113
"3400969_NPK_EG_24_123_S338_L002_R1_001_trim",-0.0168292275926225,0.0367389722627866,0.173154985265021
"3400970_NPK_EG_24_102_S339_L002_R1_001_trim",0.0102689556902759,-0.0101573666908807,0.00465517669758027
"3400971_NPK_EG_24_114_S340_L002_R1_001_trim",-0.0437381779278278,0.0052638005644487,0.00190282736065057
"3400972_NPK_EG_24_127_S341_L002_R1_001_trim",-0.0229760450431686,0.0293824242911666,0.189322979653109
"3400973_NPK_EG_24_140_S342_L002_R1_001_trim",-0.0109668904911931,0.0215209771542643,-0.00394173126411553
"3400974_NPK_EG_24_76_S343_L002_R1_001_trim",0.00882706072700622,-0.0198147356851442,0.00558553860101602
"3400975_NPK_EG_24_95_S344_L002_R1_001_trim",0.0126149415320521,-0.00308939449264548,0.00049303960751838
"3400976_NPK_EG_24_55_S345_L002_R1_001_trim",0.0267739145808168,0.0207405274822389,-0.00310725931338628
"3400977_NPK_EG_24_144_S346_L002_R1_001_trim",0.0128026206124979,-0.00852765944107863,0.00322122529280531
"3400978_NPK_EG_24_103_S347_L002_R1_001_trim",0.00796914722221396,-0.00272918642295344,-0.000159046715705246
"3400979_NPK_EG_24_115_S348_L002_R1_001_trim",-0.00566955178020922,0.00299474551060015,0.0116404840230393
"3400980_NPK_EG_24_128_S349_L002_R1_001_trim",0.0243514353764087,0.0177775447225668,-0.00395864401368216
"3400981_NPK_EG_24_141_S350_L002_R1_001_trim",-0.0232895475025643,0.00287004353937577,0.0315759059384259
"3400982_NPK_EG_24_79_S351_L002_R1_001_trim",-0.0150882052391894,0.00306056426837007,0.0120534992396673
"3400983_NPK_EG_24_1_S352_L002_R1_001_trim",0.0151949527539651,0.00195816924295218,-0.000492163463578916
"3400984_NPK_EG_24_59_S353_L002_R1_001_trim",0.00819611785250081,-0.0116729569842891,0.00240662932347824
"3400985_NPK_EG_24_145_S354_L002_R1_001_trim",0.0187383276305798,0.00276930348828232,0.0015497526641824
"3400986_NPK_EG_24_104_S355_L002_R1_001_trim",0.0210474100864589,0.008513841927077,-0.0018019095068268
"3400987_NPK_EG_24_116_S356_L002_R1_001_trim",0.016553472594181,0.00332339972142747,0.00170032966853513
"3400988_NPK_EG_24_129_S357_L002_R1_001_trim",-0.0225140090996517,-0.0118349298999482,-0.0066850228356914
"3400989_NPK_EG_24_142_S358_L002_R1_001_trim",-0.0470321623581774,0.00644404170484496,-0.0374030650569766
"3400990_NPK_EG_24_80_S359_L002_R1_001_trim",0.0154283906094607,-0.000132584645157783,0.00158885661709117
"3400991_NPK_EG_24_13_S360_L002_R1_001_trim",0.0111471297210947,-0.00599657576989473,0.00425814340664583
"3400992_NPK_EG_24_61_S361_L002_R1_001_trim",-0.00836793946169181,0.0276260061863906,0.0259864838976042
"3400993_NPK_EG_24_158_S362_L002_R1_001_trim",0.0241479007239067,0.0166735933306248,-0.00330647911241207
"3400994_NPK_EG_24_105_S363_L002_R1_001_trim",0.0102748596251894,-0.0142594907601475,0.00247797842975951
"3400995_NPK_EG_24_117_S364_L002_R1_001_trim",-0.00241517212800606,0.00789153984883102,-0.00693712058258435
"3400996_NPK_EG_24_131_S365_L002_R1_001_trim",-0.03478638134222,-0.00726079846831066,-0.00155367833518448
"3400997_NPK_EG_24_146_S366_L002_R1_001_trim",-0.0167894409219443,-0.0110750794849762,-0.00856958460219255
"3400998_NPK_EG_24_81_S367_L002_R1_001_trim",0.0007693687560775,-0.0226484086105483,0.00627911182430859
"3400999_NPK_EG_24_19_S368_L002_R1_001_trim",0.016838474875786,0.0024259932026314,-0.000327740900277702
"3401000_NPK_EG_24_67_S369_L002_R1_001_trim",-0.00438428497804019,-0.0337253256312923,0.0107320653837687
"3401001_NPK_EG_24_166_S370_L002_R1_001_trim",0.0185101900414854,0.00256540702096253,-0.00251699263136373
"3401002_NPK_EG_24_106_S371_L002_R1_001_trim",-0.0603827036198372,0.0492972567795069,-0.0246594459894022
"3401006_NPK_EG_24_147_S373_L002_R1_001_trim",-0.0130219071454365,0.00234058704469103,-0.0226154245375215
"3401007_NPK_EG_24_161_S374_L002_R1_001_trim",-0.0429558282721816,-0.0197549561751208,-0.0532467933906055
"3401008_NPK_EG_24_173_S375_L002_R1_001_trim",-0.0260297514506037,-0.0386345533084506,-0.016442386844362
"3401009_NPK_EG_24_186_S376_L002_R1_001_trim",-0.0297567852103652,-0.0182652843597975,-0.00189148334292
"3401010_NPK_EG_24_196_S377_L002_R1_001_trim",-0.00537724257973359,0.00115484496365029,-0.00629484792406504
"3401011_NPK_EG_24_210_S378_L002_R1_001_trim",0.00768739115947335,-0.0167573814726014,0.00252310924722881
"3401012_NPK_EG_24_224_S379_L002_R1_001_trim",0.0130700599106846,0.00593376423738007,-0.00238305308858547
"3401013_NPK_EG_24_236_S380_L002_R1_001_trim",0.0167189162663697,0.00186844874781294,0.00206730229277221
"3401014_NPK_EG_24_148_S381_L002_R1_001_trim",-0.0237492457339902,0.0350475780226369,0.0011565660986906
"3401015_NPK_EG_24_162_S382_L002_R1_001_trim",0.00842826570057752,-0.01857327638667,0.00704298191067318
"3401016_NPK_EG_24_174_S383_L002_R1_001_trim",-0.00108657763637855,0.0105492475061558,-0.00426314058554452
"3401017_NPK_EG_24_187_S384_L002_R1_001_trim",0.00535546856494884,-0.0247599099412762,0.00962266188382021
"3401018_NPK_EG_24_197_S385_L002_R1_001_trim",-0.0326259050029872,0.00514326335657491,0.00482035512357065
"3401019_NPK_EG_24_211_S386_L002_R1_001_trim",-0.0115655505710761,0.0297551674210189,-0.0103184736338658
"3401020_NPK_EG_24_225_S387_L002_R1_001_trim",-0.0176243892820375,0.00994107800179086,0.0318947732565426
"3401021_NPK_EG_24_237_S388_L002_R1_001_trim",0.0205975954514624,0.00542267159731597,-0.00141952560444967
"3401022_NPK_EG_24_149_S389_L002_R1_001_trim",0.00669226865298029,-0.017208663295825,0.00373875331205121
"3401023_NPK_EG_24_163_S390_L002_R1_001_trim",0.0201403760142776,0.00807812772761695,-0.00104841492053184
"3401024_NPK_EG_24_175_S391_L002_R1_001_trim",-0.0298267017673861,0.0282941061787892,-0.000796830347216286
"3401025_NPK_EG_24_188_S392_L002_R1_001_trim",-0.0134503085448533,0.0192396515882566,-0.0146054041951791
"3401026_NPK_EG_24_199_S393_L002_R1_001_trim",-0.00868163395746226,-0.0468111160744979,0.0159601220599671
"3401027_NPK_EG_24_213_S394_L002_R1_001_trim",0.0149545152516699,-0.0027634787014561,-0.000151382246671209
"3401028_NPK_EG_24_226_S395_L002_R1_001_trim",0.0261224194362525,0.0174068199720948,-0.00406152141122951
"3401029_NPK_EG_24_238_S396_L002_R1_001_trim",0.00563541563609058,-0.0135645827844036,0.00170365354714509
"3401030_NPK_EG_24_151_S397_L002_R1_001_trim",-0.0367965605569441,0.0460276849107636,0.0122460799567462
"3401032_NPK_EG_24_176_S398_L002_R1_001_trim",0.00516166556936602,-0.0157628955205306,0.00687094482966924
"3401033_NPK_EG_24_189_S399_L002_R1_001_trim",-0.0043651643787897,-0.0385544850848541,0.00921635018404992
"3401034_NPK_EG_24_200_S400_L002_R1_001_trim",-0.0130593762814645,0.012335124448896,0.0139874445550156
"3401035_NPK_EG_24_214_S401_L002_R1_001_trim",0.0257744973466235,0.018364911935086,-0.00466623347861238
"3401036_NPK_EG_24_227_S402_L002_R1_001_trim",0.0102432541335459,-0.0110179704479129,0.00349678523628963
"3401037_NPK_EG_24_239_S403_L002_R1_001_trim",0.00288673361811927,-0.0120628890080292,4.99719770979088e-05
"3401038_NPK_EG_24_152_S404_L002_R1_001_trim",0.0103171686738761,-0.00898088309308104,0.00338977545340937
"3401039_NPK_EG_24_164_S405_L002_R1_001_trim",-0.0461863658017198,0.000438919466885616,-0.0336511899077224
"3401040_NPK_EG_24_177_S406_L002_R1_001_trim",-0.00394661527396231,0.0139267222588382,-0.0185253162466058
"3401041_NPK_EG_24_190_S407_L002_R1_001_trim",0.00240844918971873,-0.0248747995348155,0.00442884039045379
"3401042_NPK_EG_24_201_S408_L002_R1_001_trim",0.0108232148990312,-0.0160782084640885,0.00510011803691311
"3401043_NPK_EG_24_215_S409_L002_R1_001_trim",-0.017251971375528,-0.00910035903945522,0.0110941685412568
"3401044_NPK_EG_24_228_S410_L002_R1_001_trim",-0.0250590423020995,0.0567964060181816,-0.00930219170734101
"3401045_NPK_EG_24_240_S411_L002_R1_001_trim",-0.0272258088820394,0.0137736641816891,0.150384998507009
"3401046_NPK_EG_24_153_S412_L002_R1_001_trim",-0.0048105721741226,-0.0107408643099757,-0.0190523498467448
"3401047_NPK_EG_24_165_S413_L002_R1_001_trim",0.0185474080514881,0.00506845433203884,-0.000653330424025764
"3401048_NPK_EG_24_178_S414_L002_R1_001_trim",0.0274773237270339,0.0230823985078877,-0.00559392246739077
"3401049_NPK_EG_24_191_S415_L002_R1_001_trim",-0.00880217045069697,0.020256256939841,0.022115644506982
"3401050_NPK_EG_24_203_S416_L002_R1_001_trim",0.015230437168231,-0.00708321873203276,0.00261567717514644
"3401051_NPK_EG_24_216_S417_L002_R1_001_trim",-0.00329367857039739,-0.0389317748204824,0.0125896163908037
"3401052_NPK_EG_24_229_S418_L002_R1_001_trim",0.0129885911873302,-0.00581613560786848,0.00282656034915133
"3401053_NPK_EG_24_241_S419_L002_R1_001_trim",-0.00795230086891396,-0.00808711173474388,-0.0257894373035706
"3401054_NPK_EG_24_154_S420_L002_R1_001_trim",-0.0187603074399298,0.047237777651917,0.00792158608671962
"3401055_NPK_EG_24_167_S421_L002_R1_001_trim",-0.0113827303133521,0.01963307812539,0.008945933979091
"3401056_NPK_EG_24_179_S422_L002_R1_001_trim",-0.00787139568554029,-0.00830900182853867,-0.0225614289739184
"3401057_NPK_EG_24_192_S423_L002_R1_001_trim",0.0061563031956789,-0.0186720282064284,0.00432065849076061
"3401058_NPK_EG_24_204_S424_L002_R1_001_trim",-0.0255233160261669,0.0231919748756459,-0.0123606069485763
"3401059_NPK_EG_24_217_S425_L002_R1_001_trim",0.0188354977849102,0.00263314859439532,-0.000302178539207719
"3401060_NPK_EG_24_230_S426_L002_R1_001_trim",-0.0314366891147586,-0.0161761553377941,-0.0193576493045055
"3401061_NPK_EG_24_242_S427_L002_R1_001_trim",0.00362568407632641,-0.0194948533997143,0.00476506263992546
"3401062_NPK_EG_24_155_S428_L002_R1_001_trim",0.00203029676257273,-0.00911514628611198,0.00275228294155933
"3401063_NPK_EG_24_168_S429_L002_R1_001_trim",-0.0239563472373832,0.0276769243514605,-0.00799735792649265
"3401064_NPK_EG_24_180_S430_L002_R1_001_trim",0.00382694134527451,-2.66915715265825e-05,0.018017440109916
"3401065_NPK_EG_24_198_S431_L002_R1_001_trim",-0.00465134952050636,0.000931703977331497,-0.0122726604198945
"3401066_NPK_EG_24_205_S432_L002_R1_001_trim",0.0247768352818876,0.017192108957674,-0.0018813946067975
"3401067_NPK_EG_24_218_S433_L002_R1_001_trim",0.00103822542859823,-0.0317438411141233,0.00685901355218948
"3401068_NPK_EG_24_231_S434_L002_R1_001_trim",0.0181933795165975,0.00495634644026369,-0.000519959127569374
"3401069_NPK_EG_24_243_S435_L002_R1_001_trim",0.00270087072337935,0.00143203839316211,-0.00923730407065604
"3401070_NPK_EG_24_156_S436_L002_R1_001_trim",-0.0134023094126295,0.033878386936573,-0.0132947047781965
"3401071_NPK_EG_24_169_S437_L002_R1_001_trim",-0.040819703636662,0.0121399364383452,0.0350526314514555
"3401072_NPK_EG_24_181_S438_L002_R1_001_trim",0.000891644831647079,-0.0168778556198788,0.00590863975941059
"3401073_NPK_EG_24_235_S439_L002_R1_001_trim",0.0136446439618862,-0.00088324292118053,0.00109729452584549
"3401074_NPK_EG_24_206_S440_L002_R1_001_trim",0.0186842308326893,0.00632878598069634,0.000363971213555545
"3401075_NPK_EG_24_220_S441_L002_R1_001_trim",-0.0137489664183214,0.0169016520181975,-0.0087722675722368
"3401076_NPK_EG_24_232_S442_L002_R1_001_trim",-0.0214270989852305,-0.0156997055000671,-0.0247508366962586
"3401077_NPK_EG_24_244_S443_L002_R1_001_trim",-0.0149093236856966,0.0112699900563581,0.0204476338117183
"3401078_NPK_EG_24_157_S444_L002_R1_001_trim",0.023025426352905,0.0172193619749628,-0.00212549649790686
"3401079_NPK_EG_24_170_S445_L002_R1_001_trim",-0.0247495020491392,-0.0259507232356335,-0.0164608688530505
"3401080_NPK_EG_24_182_S446_L002_R1_001_trim",-0.00162831081378848,-0.00609275528756105,-0.0160425157683932
"3401081_NPK_EG_24_287_S447_L002_R1_001_trim",0.0131392012915226,-0.00564696560584432,0.00189952854046611
"3401082_NPK_EG_24_207_S448_L002_R1_001_trim",0.0198665379011832,0.0054895249752343,0.000346577799035451
"3401083_NPK_EG_24_221_S449_L002_R1_001_trim",0.00818226289053339,-0.0127861337532922,0.00271777449600521
"3401084_NPK_EG_24_233_S450_L002_R1_001_trim",0.00273731785145649,-0.00532410774809614,0.00224602395545834
"3401085_NPK_EG_24_245_S451_L002_R1_001_trim",-0.0208677132127403,0.00359872331891223,-0.0307483123451541
"3401086_NPK_EG_24_159_S452_L002_R1_001_trim",0.00917415826522187,-0.0189746670533847,0.00726920316819186
"3401087_NPK_EG_24_171_S453_L002_R1_001_trim",-0.0435473812598916,0.00998373238705566,-0.00132076089283197
"3401088_NPK_EG_24_183_S454_L002_R1_001_trim",-0.00219484348730903,0.00837241060273018,0.00589607032831296
"3401089_NPK_EG_24_193_S455_L002_R1_001_trim",-0.0318787543630147,-0.000198073626088065,0.00336091634610463
"3401090_NPK_EG_24_208_S456_L002_R1_001_trim",0.0156745059666782,-0.000175606220130316,0.00216914072587621
"3401091_NPK_EG_24_222_S457_L002_R1_001_trim",0.016051152213379,-0.00589026782780045,0.00173874174622723
"3401092_NPK_EG_24_234_S458_L002_R1_001_trim",-0.00345446415574184,0.0266792763430266,0.0219726174739478
"3401093_NPK_EG_24_246_S459_L002_R1_001_trim",0.00874328936232117,-0.0158187215919788,0.00554452718368432
"3401094_NPK_EG_24_160_S460_L002_R1_001_trim",-0.0190627064372237,0.00793253315260368,0.0301824363965707
"3401095_NPK_EG_24_172_S461_L002_R1_001_trim",0.00103308942207536,-0.0321410170861164,0.00729866405627871
"3401096_NPK_EG_24_185_S462_L002_R1_001_trim",0.0175595095765172,0.0157154973538076,-0.00372701633204998
"3401097_NPK_EG_24_195_S463_L002_R1_001_trim",0.0105502941904873,0.00116422384201806,-0.00460375295319099
"3401098_NPK_EG_24_209_S464_L002_R1_001_trim",-0.0443125635746205,0.0287544905683195,0.0346616729386095
"3420780_NPK_EG_25_01_S2_L001_R1_001_trim",0.00743708443053423,-0.0240769775566134,0.00841079822373283
"3420781_NPK_EG_25_02_S3_L001_R1_001_trim",0.0133976629305346,-0.0036766867881391,0.00564170742968838
"3420782_NPK_EG_25_03_S4_L001_R1_001_trim",-0.0161977395292158,-0.00399922116605775,0.0146561455516839
"3420783_NPK_EG_25_04_S5_L001_R1_001_trim",0.00505988730192953,0.0156810858517856,0.00440465596272421
"3420785_NPK_EG_25_06_S7_L001_R1_001_trim",-0.0343189293461603,0.0206414961068631,-0.00394569207493314
"3420786_NPK_EG_25_07_S8_L001_R1_001_trim",0.00714238428474453,-0.0150926872246887,0.0066707359600909
"3420787_NPK_EG_25_08_S9_L001_R1_001_trim",-0.00667145492485534,0.00848943283383574,-0.00385996559815126
"3420788_NPK_EG_25_09_S10_L001_R1_001_trim",-0.0137998903213611,0.0142034606651433,-0.00874277371389145
"3420789_NPK_EG_25_10_S11_L001_R1_001_trim",0.000378404885254058,-0.000835333730437701,-0.0096436724679775
"3420790_NPK_EG_25_11_S12_L001_R1_001_trim",-0.00053887935451688,-0.0265624218176879,0.00779479651875192
"3420791_NPK_EG_25_12_S13_L001_R1_001_trim",-0.0280441066162782,-0.0156759758049538,-0.0121368922915804
"3420792_NPK_EG_25_13_S14_L001_R1_001_trim",0.0060924293615104,-0.0160956486271588,0.00742742854042743
"3420793_NPK_EG_25_14_S15_L001_R1_001_trim",-0.0156031674113591,-0.0196073733730164,0.0092423956378786
"3420794_NPK_EG_25_15_S16_L001_R1_001_trim",0.00202047797931545,0.0024188541772925,-0.00173683731810097
"3420795_NPK_EG_25_16_S17_L001_R1_001_trim",-0.0145018500668478,-0.00132260229758524,0.0247765573093255
"3420796_NPK_EG_25_17_S18_L001_R1_001_trim",-0.000918692317361856,0.0215958738721832,0.00676109074442994
"3420797_NPK_EG_25_18_S19_L001_R1_001_trim",0.00574622070823584,-0.0141500899043038,0.00397163524215247
"3420798_NPK_EG_25_19_S20_L001_R1_001_trim",-0.00708067860731043,0.0102395191857059,0.0036329431148935
"3420799_NPK_EG_25_20_S21_L001_R1_001_trim",-0.0364874729739188,0.00173865169047803,-0.0357335542162893
"3420800_NPK_EG_25_21_S22_L001_R1_001_trim",-0.0121136693378883,-0.0193686666057624,-0.00819467364354327
"3420801_NPK_EG_25_22_S23_L001_R1_001_trim",-0.00679909331756448,-0.0102097633901214,0.021847289232801
"3420802_NPK_EG_25_23_S24_L001_R1_001_trim",-0.00659941651662215,0.0114272360257412,-0.00570694850473264
"3420803_NPK_EG_25_24_S25_L001_R1_001_trim",-0.00491753228613614,0.0344922588826485,0.00480430457804403
"3420804_NPK_EG_25_25_S26_L001_R1_001_trim",0.00185655891392009,-0.00416447296453352,0.0100619492088343
"3420805_NPK_EG_25_26_S27_L001_R1_001_trim",-0.00332590778816347,0.00289897349001802,-0.00629516547890102
"3420806_NPK_EG_25_27_S28_L001_R1_001_trim",-0.00619204918592331,-0.0405466342824335,0.0108137462675448
"3420807_NPK_EG_25_28_S29_L001_R1_001_trim",0.00237882948530834,-0.00431535262602918,0.00118013952601381
"3420808_NPK_EG_25_29_S30_L001_R1_001_trim",0.018057163217732,0.00422347460375984,0.00129304075362503
"3420809_NPK_EG_25_30_S31_L001_R1_001_trim",0.011734046963031,0.00384256350741314,0.00486224056282457
"3420810_NPK_EG_25_31_S32_L001_R1_001_trim",0.000766536134271522,-0.00161145265004999,0.0101332045078318
"3420811_NPK_EG_25_32_S33_L001_R1_001_trim",0.0185661523426264,0.00474213527186097,0.000368150302448681
"3420812_NPK_EG_25_33_S34_L001_R1_001_trim",-0.0030970081944904,-0.0230079859541911,-0.000592357358597613
"3420813_NPK_EG_25_34_S35_L001_R1_001_trim",-0.00579934729551857,0.0114902161312901,-0.0106448159694739
"3420814_NPK_EG_25_35_S36_L001_R1_001_trim",-0.0332272213231455,0.00514750662106122,0.1262503774524
"3420815_NPK_EG_25_36_S37_L001_R1_001_trim",0.00682874890123236,-0.0139051919571547,0.00385329414039783
"3420816_NPK_EG_25_37_S38_L001_R1_001_trim",-0.0212278087808912,0.0118735336692806,-0.000137122132113233
"3420817_NPK_EG_25_38_S39_L001_R1_001_trim",-0.00955522315061295,0.00448413447624876,0.00145254529142626
"3420818_NPK_EG_25_39_S40_L001_R1_001_trim",-0.0200591844372865,0.0408274605222397,0.0877625169985607
"3420819_NPK_EG_25_40_S41_L001_R1_001_trim",-0.0175791102476304,0.0222543799055137,0.00765886004327697
"3420820_NPK_EG_25_41_S42_L001_R1_001_trim",-0.0189093016145998,0.00154810462990321,-0.00951977022519226
"3420821_NPK_EG_25_42_S43_L001_R1_001_trim",0.000831715894432552,0.0155418640001554,-0.00560980673274668
"3420822_NPK_EG_25_43_S44_L001_R1_001_trim",0.00498039086354711,-0.0208305782954183,0.00339734305566188
"3420823_NPK_EG_25_44_S45_L001_R1_001_trim",-0.0252783030587964,0.0112255088833739,0.0111034162539073
"3420824_NPK_EG_25_45_S46_L001_R1_001_trim",0.0113592739027162,0.00129852943950297,-0.00168616047809104
"3420825_NPK_EG_25_46_S47_L001_R1_001_trim",0.00547876366519891,-0.0200046501111784,0.000612793038050306
"3420826_NPK_EG_25_47_S48_L001_R1_001_trim",-0.0219028098676118,0.00646766211022898,-0.0273820686599287
"3420827_NPK_EG_25_48_S49_L001_R1_001_trim",0.0114609494495301,-0.0105144410792884,0.0029779195285957
"3420829_NPK_EG_25_50_S51_L001_R1_001_trim",0.00576361333276684,-0.00477631956764936,0.00122912486573374
"3420830_NPK_EG_25_51_S52_L001_R1_001_trim",-0.022686849057271,0.00273185746033831,-0.0133559917847111
"3420831_NPK_EG_25_52_S53_L001_R1_001_trim",-0.00158881790987582,0.00520889607673981,-0.0101715645996281
"3420832_NPK_EG_25_53_S54_L001_R1_001_trim",-0.0200824061503855,0.021067873482721,0.0113494553235918
"3420833_NPK_EG_25_54_S55_L001_R1_001_trim",-0.015198435383562,-0.0210134704290925,-0.0162568050693287
"3420834_NPK_EG_25_55_S56_L001_R1_001_trim",-0.00253472917528961,-0.00128148707613729,-0.00182604932609827
"3420835_NPK_EG_25_56_S57_L001_R1_001_trim",0.0214196100517004,0.0116990295834117,-0.00212551795216902
"3420838_NPK_EG_25_59_S60_L001_R1_001_trim",0.0211345588112853,0.0071262331970984,-0.000195588068143333
"3420840_NPK_EG_25_61_S62_L001_R1_001_trim",0.0154828675393768,0.000629330349989259,0.00204657417350915
"3420841_NPK_EG_25_62_S63_L001_R1_001_trim",-0.0025584059861742,0.0106106992294731,-0.00595490740124461
"3420842_NPK_EG_25_63_S64_L001_R1_001_trim",-0.00284016444582241,0.0177215189619532,3.20834562282917e-05
"3420843_NPK_EG_25_64_S65_L001_R1_001_trim",-0.00904519510564118,-0.0217202582905501,-0.0102516705451943
"3420844_NPK_EG_25_65_S66_L001_R1_001_trim",0.00389639481750711,-0.00881337348446753,-0.00851852057728391
"3420845_NPK_EG_25_66_S67_L001_R1_001_trim",0.011904586732578,-0.00876581821325685,0.00521346447785504
"3420846_NPK_EG_25_67_S68_L001_R1_001_trim",-0.00298280528552549,-0.0142846109751295,-0.0112286063990108
"3420847_NPK_EG_25_68_S69_L001_R1_001_trim",0.009393606384841,0.00173682309724302,-0.00817314806307043
"3420848_NPK_EG_25_69_S70_L001_R1_001_trim",-0.0120095844465882,-0.0210531946415325,-0.00222479113784303
"3420849_NPK_EG_25_70_S71_L001_R1_001_trim",0.00112738855964782,0.00596040305916995,0.0647655244106778
"3420850_NPK_EG_25_71_S72_L001_R1_001_trim",-0.0322064577707302,0.0233973742273151,-0.0135739965530852
"3420851_NPK_EG_25_72_S73_L001_R1_001_trim",-0.0166632791135309,0.00894418987267771,-0.00983588872650623
"3420852_NPK_EG_25_73_S74_L001_R1_001_trim",0.0164861682524628,0.000735132367125868,0.00112679826331555
"3420853_NPK_EG_25_74_S75_L001_R1_001_trim",-0.0143797924295563,0.0146360101707811,8.07201717004965e-05
"3420854_NPK_EG_25_75_S76_L001_R1_001_trim",0.0103760334257949,-0.00445122329457764,0.0020517124669411
"3420855_NPK_EG_25_76_S77_L001_R1_001_trim",-0.0378533852585374,0.00551989163091169,-0.014386909238022
"3420856_NPK_EG_25_77_S78_L001_R1_001_trim",0.00525981655291599,-0.0260320094889551,0.0082918196976794
"3420859_NPK_EG_25_80_S81_L001_R1_001_trim",0.00377985802230213,0.0193712464102518,-0.00188150710805159
"3420860_NPK_EG_25_81_S82_L001_R1_001_trim",0.00440104496593029,-0.0107214685000881,-0.00587865537503642
"3420861_NPK_EG_25_82_S83_L001_R1_001_trim",-0.000335405851008959,0.00716551769275635,0.0049741252422866
"3420862_NPK_EG_25_83_S84_L001_R1_001_trim",-0.0238086462828213,0.0284180950815427,-0.00234400484297364
"3420863_NPK_EG_25_84_S85_L001_R1_001_trim",-0.0116674556092322,-0.00623666869553183,-0.0176145286102328
"3420864_NPK_EG_25_85_S86_L001_R1_001_trim",0.00498110920121213,-0.00655614061547621,-0.000709772476534428
"3420865_NPK_EG_25_86_S87_L001_R1_001_trim",-0.0141889348561084,-0.015395018336454,0.000370382477285341
"3420866_NPK_EG_25_87_S88_L001_R1_001_trim",-0.0157315362575271,0.00737822963948301,-0.00915114792132679
"3420867_NPK_EG_25_88_S89_L001_R1_001_trim",0.0193272960264222,0.00791699828096044,-0.00202836890859478
"3420868_NPK_EG_25_89_S90_L001_R1_001_trim",0.00564379278934877,0.00981124635995631,-0.00524795385168328
"3420869_NPK_EG_25_90_S91_L001_R1_001_trim",-0.0124662393400627,0.0338357676490847,0.00648277232288128
"3420870_NPK_EG_25_91_S92_L001_R1_001_trim",0.00782904594021635,0.0163130958296873,0.00567758269999799
"3420871_NPK_EG_25_92_S93_L001_R1_001_trim",0.01201040643906,0.00914710229691431,-0.00453092453649841
"3420872_NPK_EG_25_93_S94_L001_R1_001_trim",0.00937383617916763,0.00294007914305441,0.00544623825566729
"3420875_NPK_EG_25_94_S97_L001_R1_001_trim",-0.00567121068320111,-0.0158693048096483,0.0111252076690369
"3420876_NPK_EG_25_95_S98_L001_R1_001_trim",0.0135268699250131,-0.00778736997051655,0.00441721807693011
"3420877_NPK_EG_25_96_S99_L001_R1_001_trim",0.000650834539325345,-0.0040355375266272,-0.0177554670510014
"3420878_NPK_EG_25_97_S100_L001_R1_001_trim",-0.00502851101259904,0.0163578257501607,-0.00927134515576856
"3420879_NPK_EG_25_98_S101_L001_R1_001_trim",0.00671194646486184,0.00792314133927021,-0.00308163397015354
"3420880_NPK_EG_25_99_S102_L001_R1_001_trim",-0.0121515769955953,0.0095014577563451,0.0052421389090089
"3420881_NPK_EG_25_100_S103_L001_R1_001_trim",-0.000436010488395553,-0.0307654778408158,0.00845539346924359
"3420882_NPK_EG_25_101_S104_L001_R1_001_trim",0.00614838199978556,0.0235685035398596,-0.00938425447714216
"3420884_NPK_EG_25_102_S106_L001_R1_001_trim",-0.00245454945125489,-0.0229163924973613,0.00214026453036
"3420885_NPK_EG_25_103_S107_L001_R1_001_trim",-0.00691664923148974,0.00546182124813172,0.000543649970103824
"3420886_NPK_EG_25_104_S108_L001_R1_001_trim",-0.0185491064854447,-0.0265073961085205,0.00489889468262349
"3420888_NPK_EG_25_106_S110_L001_R1_001_trim",0.00473461125915551,0.0219130050523247,0.000851304860792462
"3420889_NPK_EG_25_107_S111_L001_R1_001_trim",0.00385512972108951,-0.00288189029626396,-0.0121507366428425
"3420890_NPK_EG_25_108_S112_L001_R1_001_trim",-0.0137401577840718,-0.015261000724649,-0.00960305634122773
"3420891_NPK_EG_25_109_S113_L001_R1_001_trim",-0.00947092820662665,0.00526890875625955,-0.00282646650391338
"3420892_NPK_EG_25_110_S114_L001_R1_001_trim",0.0127802949103155,-0.00188762154789931,-0.00138743844110746
"3420893_NPK_EG_25_111_S115_L001_R1_001_trim",0.012394182560713,0.00434693426040964,-0.00228294335407981
"3420894_NPK_EG_25_112_S116_L001_R1_001_trim",-0.0125792841411888,0.00801226093652356,-0.00973368030019906
"3420895_NPK_EG_25_113_S117_L001_R1_001_trim",-0.0126769355763389,0.0117292670082577,-0.0215103555088301
"3420896_NPK_EG_25_114_S118_L001_R1_001_trim",0.00702588861685268,0.00145020313281739,-0.0018940399308586
"3420897_NPK_EG_25_115_S119_L001_R1_001_trim",0.000440216314986166,0.00480010775942583,0.0111793907407764
"3420898_NPK_EG_25_116_S120_L001_R1_001_trim",-0.0228176764382118,0.0187722166181048,0.053079310761568
"3420899_NPK_EG_25_117_S121_L001_R1_001_trim",-0.0109375365140594,0.0118439658439015,0.0100698721003024
"3420900_NPK_EG_25_118_S122_L001_R1_001_trim",0.00717965800980548,0.0254220713424634,-0.011610713230882
"3420901_NPK_EG_25_119_S123_L001_R1_001_trim",0.0207859869480476,0.00967265458871635,-0.00111295697094073
"3420902_NPK_EG_25_120_S124_L001_R1_001_trim",0.00460147171075421,0.00573242864860873,0.00940459449862411
"3420903_NPK_EG_25_121_S125_L001_R1_001_trim",-0.0211051170772812,-0.00643493033496028,0.000938355025806281
"3420904_NPK_EG_25_122_S126_L001_R1_001_trim",0.0148771233019401,0.00158724621093493,-0.000959796841751836
"3420905_NPK_EG_25_123_S127_L001_R1_001_trim",-0.00292088838019492,0.00769733495671318,0.00115085955779305
"3420906_NPK_EG_25_124_S128_L001_R1_001_trim",-0.0369039844984414,0.0290795800272394,-0.017294512563219
"3420907_NPK_EG_25_125_S129_L001_R1_001_trim",-0.0104650095265287,-0.00761347420392671,-0.0184397833025854
"3420908_NPK_EG_25_126_S130_L001_R1_001_trim",0.00548490318641091,0.0174884466513856,-0.0106785303372623
"3420909_NPK_EG_25_127_S131_L001_R1_001_trim",-0.00169264621168161,0.0134784922701272,-0.0105132033803206
"3420910_NPK_EG_25_128_S132_L001_R1_001_trim",-0.0032777225876101,-0.0101507259771296,-0.0139705128407618
"3420911_NPK_EG_25_129_S133_L001_R1_001_trim",-0.02751418128432,0.016962181863205,0.0760262761000464
"3420912_NPK_EG_25_130_S134_L001_R1_001_trim",-0.00637458406311735,-0.0101828577228172,0.00158492522079757
"3420913_NPK_EG_25_131_S135_L001_R1_001_trim",-0.00564331626825311,-0.0193069396279537,-0.00877336224656988
"3420914_NPK_EG_25_132_S136_L001_R1_001_trim",-0.0527458529574079,0.0313803127469105,0.00502042538881535
"3420915_NPK_EG_25_133_S137_L001_R1_001_trim",-0.00734220719044277,0.00293530559015085,0.00286458375939167
"3420916_NPK_EG_25_134_S138_L001_R1_001_trim",0.00345365842445824,0.016857629109875,0.0694694394035449
"3420917_NPK_EG_25_135_S139_L001_R1_001_trim",-0.0362842310572379,0.00540018386327877,0.00214885775486663
"3420918_NPK_EG_25_136_S140_L001_R1_001_trim",-0.00300926364135977,0.00441140910277589,-0.0130793331628983
"3420919_NPK_EG_25_137_S141_L001_R1_001_trim",-0.004897049721069,-0.0254935036230904,0.0113342240701762
"3420920_NPK_EG_25_138_S142_L001_R1_001_trim",0.0126322897999227,-0.00482198009400813,0.00552330796386072
"3420921_NPK_EG_25_139_S143_L001_R1_001_trim",0.0104181345021425,-0.00989549971342198,0.00527460879397823
"3420922_NPK_EG_25_140_S144_L001_R1_001_trim",-0.0101107478558597,0.0169802734796055,-0.00373800069200408
"3420923_NPK_EG_25_141_S145_L001_R1_001_trim",0.000419209280160774,0.000692650139301161,0.0127257621455453
"3420924_NPK_EG_25_142_S146_L001_R1_001_trim",0.00136587976228672,0.00112995812239826,0.015866908674516
"3420925_NPK_EG_25_143_S147_L001_R1_001_trim",-0.00883927105956185,-0.00738361992702851,-0.00580547223736133
"3420926_NPK_EG_25_144_S148_L001_R1_001_trim",0.0108807784631531,0.00131695880179993,-0.0019824757429348
"3420927_NPK_EG_25_145_S149_L001_R1_001_trim",-0.0184671879784887,0.0160752143740289,0.0703827174238469
"3420928_NPK_EG_25_146_S150_L001_R1_001_trim",0.0120230691578195,-0.0075590249814167,0.0022502343703093
"3420929_NPK_EG_25_147_S151_L001_R1_001_trim",-0.0141465560342965,0.0201401353686739,-0.00934513421337622
"3420930_NPK_EG_25_148_S152_L001_R1_001_trim",0.01658501600364,0.00983712331486658,0.000977264397074036
"3420931_NPK_EG_25_149_S153_L001_R1_001_trim",-0.00725051235324398,0.0147145633273096,0.0185173786850375
"3420932_NPK_EG_25_150_S154_L001_R1_001_trim",-0.0146525777778431,0.013379105990103,-0.00785015444727756
"3420933_NPK_EG_25_151_S155_L001_R1_001_trim",-0.032095526127806,0.00411679879213235,-0.0146105203932206
"3420934_NPK_EG_25_152_S156_L001_R1_001_trim",0.00264449848412765,-0.0272721580539052,0.00814815238475004
"3420935_NPK_EG_25_153_S157_L001_R1_001_trim",-0.0018561530792792,-0.00741806266668302,-0.0063750961531882
"3420936_NPK_EG_25_154_S158_L001_R1_001_trim",0.0033381751769141,0.00987400668071694,-0.00436853767357344
"3420937_NPK_EG_25_155_S159_L001_R1_001_trim",-0.0201861680877883,-0.0130579324225926,-0.00848729470450071
"3420938_NPK_EG_25_156_S160_L001_R1_001_trim",0.016021739434708,0.00595531681924615,-0.00391837266249217
"3420939_NPK_EG_25_157_S161_L001_R1_001_trim",-0.00429598063663899,-0.000133138210842754,-0.000553961740379735
"3420940_NPK_EG_25_158_S162_L001_R1_001_trim",-0.0301851526478809,0.017655078016439,-0.00276081091218023
"3420941_NPK_EG_25_159_S163_L001_R1_001_trim",-0.0254398152328082,0.0266173236371131,-0.0156026585412176
"3420942_NPK_EG_25_160_S164_L001_R1_001_trim",0.0130499733926858,-0.00547693246451029,0.00330647076396164
"3420943_NPK_EG_25_161_S165_L001_R1_001_trim",-0.0143692069658369,0.00898671038400265,0.00562163292520016
"3420944_NPK_EG_25_162_S166_L001_R1_001_trim",-0.0166020556275849,0.0161900471555177,0.00400782740814305
"3420945_NPK_EG_25_163_S167_L001_R1_001_trim",-0.0127538276869825,0.00175267882621068,-0.0231992456444355
"3420946_NPK_EG_25_164_S168_L001_R1_001_trim",-0.00592844360078464,-0.00873690465813792,-0.0143453905359895
"3420951_NPK_EG_25_169_S173_L001_R1_001_trim",-0.0147440791645388,0.00402591048155055,0.0238112381696899
"3420952_NPK_EG_25_170_S174_L001_R1_001_trim",0.0101157018348173,-0.00966108576355378,0.00105386325978504
"3420954_NPK_EG_25_172_S176_L001_R1_001_trim",0.00851418207605224,-0.00295826583560332,-0.00339151027284797
"3420955_NPK_EG_25_173_S177_L001_R1_001_trim",-0.0182502506712106,0.0177473092858473,0.01786055221144
"3420956_NPK_EG_25_174_S178_L001_R1_001_trim",0.012841982256489,0.00859069226651625,-0.00885800071444046
"3420957_NPK_EG_25_175_S179_L001_R1_001_trim",-0.00723290063034078,0.01887338804287,-0.00963557128182638
"3420958_NPK_EG_25_176_S180_L001_R1_001_trim",-0.0143986569443769,0.0228760386270346,0.006018520315804
"3420959_NPK_EG_25_177_S181_L001_R1_001_trim",0.0039617607203529,-0.0243710710792954,0.00729426347024683
"3420960_NPK_EG_25_178_S182_L001_R1_001_trim",-0.0054730093771842,0.0140617749101314,-0.0132410148071565
"3420961_NPK_EG_25_179_S183_L001_R1_001_trim",-0.00272353384812058,-0.00119630979510524,0.00491126650056038
"3420962_NPK_EG_25_180_S184_L001_R1_001_trim",0.00831262468934607,-0.00689955301741199,0.0027690116046657
"3420963_NPK_EG_25_181_S185_L001_R1_001_trim",0.00149301534747422,0.00898059553887989,0.00777204746230855
"3420964_NPK_EG_25_182_S186_L001_R1_001_trim",-0.0327638034200949,0.00931476151041117,-0.0251551000726613
"3420965_NPK_EG_25_183_S187_L001_R1_001_trim",0.0120946444449646,-0.00631905488814965,0.00263808851616084
"3420966_NPK_EG_25_184_S188_L001_R1_001_trim",-0.0306864564797826,-0.0106799689827902,0.00292314701314496
"3420967_NPK_EG_25_185_S189_L001_R1_001_trim",0.0160692445668161,0.000734271735343294,0.000413644813204157
"3420968_NPK_EG_25_186_S190_L001_R1_001_trim",0.0159448753481326,0.000887337713665349,0.000427115306969657
"3420971_NPK_EG_25_187_S193_L001_R1_001_trim",-0.0393962655289866,0.0129942255192033,-0.00226439333915958
"3420972_NPK_EG_25_188_S194_L001_R1_001_trim",0.0161875647513409,0.00131485612882041,0.000987228876842077
"3420973_NPK_EG_25_189_S195_L001_R1_001_trim",0.021976913366855,0.0211996188261575,-0.00662055508078018
"3420974_NPK_EG_25_190_S196_L001_R1_001_trim",-0.00333495721037687,-0.0396634894944835,0.00740856447957901
"3420975_NPK_EG_25_191_S197_L001_R1_001_trim",0.00891863769616667,-0.0151939664438902,0.00593741545688359
"3420976_NPK_EG_25_192_S198_L001_R1_001_trim",-0.0131637031335534,0.00991497384013807,0.130860695393707
"3420977_NPK_EG_25_193_S199_L001_R1_001_trim",-0.00213831928404003,0.00593892578306379,-0.00598961403631549
"3420978_NPK_EG_25_194_S200_L001_R1_001_trim",-0.0099526864384267,-0.0317344955469058,0.0174582222548316
"3420979_NPK_EG_25_195_S201_L001_R1_001_trim",0.0021283290072017,0.0190565936745092,0.0566556937205406
"3420980_NPK_EG_25_196_S202_L001_R1_001_trim",0.00364832417177719,0.00714535693016243,-0.00625192062300931
"3420981_NPK_EG_25_197_S203_L001_R1_001_trim",-0.0244025035010264,-0.00629510322531354,0.0105963878325207
"3420982_NPK_EG_25_198_S204_L001_R1_001_trim",0.0115311173892034,-0.00375578031181094,0.00226564865913864
"3420983_NPK_EG_25_199_S205_L001_R1_001_trim",0.00030942001427371,-0.0313939939878003,0.00876024706984185
"3420984_NPK_EG_25_200_S206_L001_R1_001_trim",-0.0177664976823864,0.00484093876472858,-0.00555318759742876
"3420985_NPK_EG_25_201_S207_L001_R1_001_trim",0.002444477789177,0.0196783761910817,-0.0069728595744998
"3420986_NPK_EG_25_202_S208_L001_R1_001_trim",-0.0418558985969832,0.00568371587615317,-0.0176813757361705
"3420988_NPK_EG_25_203_S210_L001_R1_001_trim",0.00776102427418581,0.0138924146951212,-0.00515289966278231
"3420989_NPK_EG_25_204_S211_L001_R1_001_trim",0.00626671342597151,-0.0183252408200827,0.00652794401956628
"3420990_NPK_EG_25_205_S212_L001_R1_001_trim",0.0059915859425846,0.0127542856666804,0.0127636372332721
"3420991_NPK_EG_25_206_S213_L001_R1_001_trim",0.01937437199245,0.00815314525145781,-0.00114036545833077
"3420992_NPK_EG_25_207_S214_L001_R1_001_trim",-0.0123017761603886,-0.0257989127519159,-0.0135210689831667
"3420993_NPK_EG_25_208_S215_L001_R1_001_trim",0.0088182044377031,0.00129703038916215,-0.00388301190578714
"3420994_NPK_EG_25_209_S216_L001_R1_001_trim",-0.00158242601641353,0.0172119534880565,0.0828683925195397
"3420995_NPK_EG_25_210_S217_L001_R1_001_trim",0.0103917002548412,-0.0121930007162364,0.00430661831198634
"3420996_NPK_EG_25_211_S218_L001_R1_001_trim",-0.00888635406531771,0.00445116243064519,-0.0199256827721433
"3420997_NPK_EG_25_212_S219_L001_R1_001_trim",-0.024048639999262,0.00554727466341934,-0.0168098359176069
"3420998_NPK_EG_25_213_S220_L001_R1_001_trim",-0.0267652092387,0.0387863439752496,-0.00628477695909344
"3420999_NPK_EG_25_214_S221_L001_R1_001_trim",-0.0384380266423953,0.026388520958864,-0.0309830897851497
"3421000_NPK_EG_25_215_S222_L001_R1_001_trim",-0.0118703273852287,0.0266952805435867,-0.00549608001170343
"3421001_NPK_EG_25_216_S223_L001_R1_001_trim",0.0121342959112105,-0.00621117194043036,0.00379201470274668
"3421002_NPK_EG_25_217_S224_L001_R1_001_trim",0.0128992273820233,0.00364422303355281,-0.00704581939932698
"3421003_NPK_EG_25_218_S225_L001_R1_001_trim",-0.00681335435068697,0.017444522914163,-0.010450313460353
"3421004_NPK_EG_25_219_S226_L001_R1_001_trim",0.00117260346049551,0.0129662129851304,-0.0077747825884917
"3421005_NPK_EG_25_220_S227_L001_R1_001_trim",-0.0254547840237195,0.0260037497323697,0.00404509328763347
"3421006_NPK_EG_25_221_S228_L001_R1_001_trim",-0.0216977845430719,0.00918418105064098,0.0364922812170773
"3421007_NPK_EG_25_222_S229_L001_R1_001_trim",-0.00484957068407245,-0.0197708583594578,-0.012025168847817
"3421008_NPK_EG_25_223_S230_L001_R1_001_trim",-0.0167809273837501,-0.00632449533557032,-0.0299522372044271
"3421009_NPK_EG_25_224_S231_L001_R1_001_trim",-0.00212264688613148,-0.0112835739596534,0.0148413997148437
"3421010_NPK_EG_25_225_S232_L001_R1_001_trim",-0.007645611553914,-0.0118693013007996,-0.0175598114396051
"3421011_NPK_EG_25_226_S233_L001_R1_001_trim",0.00278759471407846,-0.0157965938378082,0.00437038071581404
"3421012_NPK_EG_25_227_S234_L001_R1_001_trim",-0.00998896329509119,-0.0197438650177917,0.00872765082791892
"3421013_NPK_EG_25_228_S235_L001_R1_001_trim",-0.0206795580993174,-0.00510560702007849,-0.00426048142210503
"3421014_NPK_EG_25_229_S236_L001_R1_001_trim",0.0119720612748004,-0.00938217791938162,0.00386645322365301
"3421015_NPK_EG_25_230_S237_L001_R1_001_trim",0.00531123707469836,0.00172430604050716,0.00171838191267576
"3421016_NPK_EG_25_231_S238_L001_R1_001_trim",0.0103029138733921,-0.00259624145763413,0.00738546693507581
"3421017_NPK_EG_25_232_S239_L001_R1_001_trim",-0.00442195635317479,-0.0110297984755189,-0.00213539722489808
"3421018_NPK_EG_25_233_S240_L001_R1_001_trim",-0.0115975124998996,-0.0203529046196595,-0.0190548910280103
"3421019_NPK_EG_25_234_S241_L001_R1_001_trim",-0.0140410446575256,0.00835654832591234,-0.00729708059497161
"3421020_NPK_EG_25_235_S242_L001_R1_001_trim",-0.00994542204181941,-0.00366585361428598,-0.00996037111850249
"3421021_NPK_EG_25_236_S243_L001_R1_001_trim",-0.00831535381936647,-0.0376122757342155,0.00828286267135082
"3421022_NPK_EG_25_237_S244_L001_R1_001_trim",-0.00636389977627144,0.015923104767241,0.0119029231142431
"3421023_NPK_EG_25_238_S245_L001_R1_001_trim",0.00708227397058372,0.0126065231030591,-0.00708266039829823
"3421024_NPK_EG_25_239_S246_L001_R1_001_trim",-0.00431916048050964,0.00090888963564232,0.00929636105901624
"3421025_NPK_EG_25_240_S247_L001_R1_001_trim",0.0119568058738436,-0.00434038166695433,0.00901181487874894
"3421026_NPK_EG_25_241_S248_L001_R1_001_trim",0.00421376479113991,0.00167177681058882,-0.00739077646415532
"3421027_NPK_EG_25_242_S249_L001_R1_001_trim",0.0153122788827294,-0.00404056589056867,0.00229784886314305
"3421028_NPK_EG_25_243_S250_L001_R1_001_trim",-0.0414909332142853,0.0400053252530575,0.0835684393489574
"3421029_NPK_EG_25_244_S251_L001_R1_001_trim",-0.0186389785071831,0.0223628867284012,0.0301618567581815
"3421030_NPK_EG_25_245_S252_L001_R1_001_trim",-0.023218562749237,0.0230496356402883,0.00702296451469769
"3421031_NPK_EG_25_246_S253_L001_R1_001_trim",-0.0155601561786962,0.00746126612038224,-0.00593764847366238
"3421032_NPK_EG_25_247_S254_L001_R1_001_trim",-0.0144076195473634,0.0212040177907052,0.000669435718971062
"3421033_NPK_EG_25_248_S255_L001_R1_001_trim",-0.0262390091508379,0.00907042473120953,-0.0175767264698898
"3421034_NPK_EG_25_249_S256_L001_R1_001_trim",0.0094532920771736,-0.00897937271521242,0.00242937324043879
"3421035_NPK_EG_25_250_S257_L001_R1_001_trim",0.0138746245032633,-0.00503974064481728,-0.000540845604373303
"3421043_NF_EG_25_08_S265_L001_R1_001_trim",-0.0107925405954605,-0.0291804287755766,0.0172413564213412
"3421044_NF_EG_25_09_S266_L001_R1_001_trim",-0.0190406526874839,-0.00386916960755701,-0.0327828195327419
"3421045_NF_EG_25_10_S267_L001_R1_001_trim",0.0201395626018122,0.0118067189641006,-0.00131387175892963
"3421046_NF_EG_25_11_S268_L001_R1_001_trim",-0.000141752480527927,-0.0143295235035131,-4.93444456530798e-05
"3421047_NF_EG_25_12_S269_L001_R1_001_trim",-0.0254595343066368,-0.00714956731179588,0.0297082769603593
"3421048_NF_EG_25_13_S270_L001_R1_001_trim",0.0121789679694263,-0.00264159804839753,0.0035337748037098
"3421049_NF_EG_25_14_S271_L001_R1_001_trim",0.00877455421024473,0.0281861360768503,-0.0172019702591985
"3421050_NF_EG_25_15_S272_L001_R1_001_trim",-0.0160419011206049,-0.0186209822842944,0.0062300153595022
"3421051_NF_EG_25_16_S273_L001_R1_001_trim",0.0126260823316259,0.00568463846432561,-0.00145623664912296
"3421052_NF_EG_25_17_S274_L001_R1_001_trim",0.00356782917106655,0.00972956769365378,-0.000784941475530952
"3421053_NF_EG_25_18_S275_L001_R1_001_trim",0.00488288000256331,-0.00886345476724546,-0.00413568729237772
"3421054_NF_EG_25_19_S276_L001_R1_001_trim",0.0010126551311198,0.00977062009650996,-0.00172113972712161
"3421055_NF_EG_25_20_S277_L001_R1_001_trim",0.0196564021453882,0.00946643983501046,0.000734757604789766
"3421056_NF_EG_25_21_S278_L001_R1_001_trim",0.0137398486910631,0.00515564411000096,-0.00557210568088734
"3421057_NF_EG_25_22_S279_L001_R1_001_trim",-0.00216443885961905,0.00657568312172579,0.0259030861601577
"3421058_NF_EG_25_23_S280_L001_R1_001_trim",-0.0248048223453492,0.0528831668722192,0.0264528732937291
"3421059_NF_EG_25_24_S281_L001_R1_001_trim",0.00629518742336565,-0.0136546719856661,0.00522548130010976
"3421060_NF_EG_25_25_S282_L001_R1_001_trim",-0.00141719100613974,0.00286954102195212,-0.0113040142735377
"3421061_NF_EG_25_26_S283_L001_R1_001_trim",-0.034758820880532,0.0238777861856717,0.0716818959523303
"3421062_NF_EG_25_27_S284_L001_R1_001_trim",-0.00975042123476553,-0.0061976355874484,-0.0135576819714802
"3421063_NF_EG_25_28_S285_L001_R1_001_trim",-0.000904216239612378,-0.0288728416567134,0.00430418986959308
"3421064_NF_EG_25_29_S286_L001_R1_001_trim",0.0199401961205237,0.0119461357796939,-0.00223287284236145
"3421067_NF_EG_25_30_S289_L002_R1_001_trim",0.0160127193545823,0.00513986780764958,-0.00279864636224861
"3421068_NF_EG_25_31_S290_L002_R1_001_trim",0.0165755236569923,-0.00061121120427208,-0.000660758598119898
"3421069_NF_EG_25_32_S291_L002_R1_001_trim",0.0219958631872556,0.0119137058923054,-0.00210769801459506
"3421070_NF_EG_25_33_S292_L002_R1_001_trim",0.00614878439893871,-0.0171349864220967,0.00429676479905047
"3421071_NF_EG_25_34_S293_L002_R1_001_trim",0.00373440811257883,0.00954561577075541,-0.0143535989032109
"3421072_NF_EG_25_35_S294_L002_R1_001_trim",0.0246038310574713,0.0168744942689804,-0.00352684849333515
"3421073_NF_EG_25_36_S295_L002_R1_001_trim",0.0120832727717774,0.00549693808490438,-0.0118130613508085
"3421074_NF_EG_25_37_S296_L002_R1_001_trim",0.0249447039490048,0.0190966327033761,-0.0034688604945147
"3421075_NF_EG_25_38_S297_L002_R1_001_trim",-0.0109103175550663,-0.020459380621015,0.0186396829228723
"3421076_NF_EG_25_39_S298_L002_R1_001_trim",-0.0184236839247909,0.00583188091390714,0.0138951204627314
"3421077_NF_EG_25_40_S299_L002_R1_001_trim",0.0247272345116109,0.0139683023680337,-0.00215671456632982
"3421078_NF_EG_25_41_S300_L002_R1_001_trim",-0.0285826297512467,0.0207937960371359,0.0751644998712188
"3421079_NF_EG_25_42_S301_L002_R1_001_trim",-0.00221909383177647,0.0194624427033108,-0.0078752292812973
"3421080_NF_EG_25_43_S302_L002_R1_001_trim",-0.0049562073498973,-0.0352200739059885,0.0100608364075448
"3421081_NF_EG_25_44_S303_L002_R1_001_trim",0.00511124983224096,-0.0106247767848024,-0.00268693961998973
"3421082_NF_EG_25_45_S304_L002_R1_001_trim",-0.0325325887540476,0.0220388065424573,0.070615144687734
"3421083_NF_EG_25_46_S305_L002_R1_001_trim",0.00361376099810616,0.00662090206860054,-0.00799864731749933
"3421084_NF_EG_25_47_S306_L002_R1_001_trim",-0.014748046154234,-0.015674247265132,-0.016220482772641
"3421085_NF_EG_25_48_S307_L002_R1_001_trim",0.00626228300631902,-0.0120734978540002,0.0031145611674776
"3421086_NF_EG_25_49_S308_L002_R1_001_trim",-0.00672167592369764,-0.0339644690702525,0.0167559949971988
"3421087_NF_EG_25_50_S309_L002_R1_001_trim",0.0138796087419574,-0.00315969388161358,0.0037082276333435
"3421088_NF_EG_25_51_S310_L002_R1_001_trim",-0.0100600251257399,-0.00154920472163869,0.0030823940873656
"3421089_NF_EG_25_52_S311_L002_R1_001_trim",-0.0203030253967021,-0.00458699995011987,0.00903566615796367
"3421090_NF_EG_25_53_S312_L002_R1_001_trim",-0.0261617083303079,-0.0266256809675501,0.0140952324923832
"3421092_NF_EG_25_54_S314_L002_R1_001_trim",-0.0180762511516867,0.0203162454099062,0.0297068543402745
"3421093_NF_EG_25_55_S315_L002_R1_001_trim",0.0161886393788991,0.000125443817391432,0.00149886714550347
"3421094_NF_EG_25_56_S316_L002_R1_001_trim",0.0163194805238846,0.00281184085170836,0.00133274285647374
"3421095_NF_EG_25_57_S317_L002_R1_001_trim",-0.0211592058988177,-0.0207364215938556,-0.00232755502403323
"3421096_NF_EG_25_58_S318_L002_R1_001_trim",-0.00391289946926118,-0.0201004823678968,-0.000948235363160896
"3421097_NF_EG_25_59_S319_L002_R1_001_trim",0.0128923356486157,-0.00609172818445498,0.0022207047663835
"3421098_NF_EG_25_60_S320_L002_R1_001_trim",0.0135605453944191,0.000333295972446946,-0.00294063415575997
"3421099_NF_EG_25_61_S321_L002_R1_001_trim",0.0110706573609362,0.0111449952758417,-0.0111017399789483
"3421100_NF_EG_25_62_S322_L002_R1_001_trim",0.0106506516867309,-0.0111014470934857,0.00439183814517045
"3421101_NF_EG_25_63_S323_L002_R1_001_trim",-0.020915370756382,-0.0221510290859031,-0.0208788738058495
"3421102_NF_EG_25_64_S324_L002_R1_001_trim",-0.0113423164658627,-0.00906966269030638,-0.0290984627280168
"3421103_NF_EG_25_65_S325_L002_R1_001_trim",0.00491363079498546,0.0165846296590707,-0.0108853478980389
"3421104_NF_EG_25_66_S326_L002_R1_001_trim",-0.00777036001120634,-0.0178222953720865,-0.00530323775358555
"3421105_NF_EG_25_67_S327_L002_R1_001_trim",-0.00934450010674489,-0.00385387294012421,0.0113666230688948
"3421106_NF_EG_25_68_S328_L002_R1_001_trim",0.022132356771391,0.0150858612888883,-0.00326044124543635
"3421109_NF_EG_25_71_S331_L002_R1_001_trim",0.0108195340234109,-0.0132723227019562,0.00415187865132069
"3421110_NF_EG_25_72_S332_L002_R1_001_trim",-0.0125155140987009,-0.0375137944807453,-0.00335277984187392
"3421111_NF_EG_25_73_S333_L002_R1_001_trim",-0.0260248161950389,0.0165452972079186,-0.0104840929105211
"3421112_NF_EG_25_74_S334_L002_R1_001_trim",-0.0372449138237405,0.0264545159403592,0.0623483661402617
"3421113_NF_EG_25_75_S335_L002_R1_001_trim",0.00206874704622959,-0.00447416702856991,-0.0198109783519042
"3421114_NF_EG_25_76_S336_L002_R1_001_trim",0.0206376551463054,0.0116168454008908,-0.000563823571439334
"3421115_NF_EG_25_77_S337_L002_R1_001_trim",0.0121468791111739,-0.00954691154574593,0.00630503521340354
"3421116_NF_EG_25_78_S338_L002_R1_001_trim",0.000123580607405825,0.00581731868309005,-0.00482650964697241
"3421117_NF_EG_25_79_S339_L002_R1_001_trim",0.00723725062481158,-0.00755745557035688,0.00668142655503192
"3421118_NF_EG_25_80_S340_L002_R1_001_trim",0.000614322474255652,-0.0253711342597376,0.00817966767394896
"3421119_NF_EG_25_81_S341_L002_R1_001_trim",0.0170130697753193,0.000770038345629687,-0.000499824650164078
"3421120_NF_EG_25_82_S342_L002_R1_001_trim",0.00729154929045963,0.0135835840921226,-0.0124994398461526
"3421121_NF_EG_25_83_S343_L002_R1_001_trim",-0.0150675278810616,0.0132982799817932,0.00802154347184031
"3421122_NF_EG_25_84_S344_L002_R1_001_trim",-0.0380349109990447,0.0267322503102216,0.0611371387621898
"3421123_NF_EG_25_85_S345_L002_R1_001_trim",-0.0315324646858781,0.0118197840089356,-0.00758070955373604
"3421124_NF_EG_25_86_S346_L002_R1_001_trim",0.00512195259908168,-0.0254432956967236,0.00496594192009028
"3421125_NF_EG_25_87_S347_L002_R1_001_trim",0.000134379877211876,0.00873673155686966,-0.00339877825005836
"3421126_NF_EG_25_88_S348_L002_R1_001_trim",-0.00406947767247559,0.0289667765407628,0.0445253824014058
"3421127_NF_EG_25_89_S349_L002_R1_001_trim",-0.00904803987949255,-9.9102031775412e-07,-0.0105617988398416
"3421128_NF_EG_25_90_S350_L002_R1_001_trim",-0.0014864111974215,-0.00908679272233238,-0.00907400398773012
"3421129_NF_EG_25_91_S351_L002_R1_001_trim",-0.038409753276694,-0.00335702218955572,-0.0053534978206671
"3421130_NF_EG_25_92_S352_L002_R1_001_trim",-0.00999961946758344,-0.0276334804849437,0.0182679594308947
"3421131_NF_EG_25_93_S353_L002_R1_001_trim",-0.00249275293227194,-0.00695587178552513,-0.01282955886883
"3421132_NF_EG_25_94_S354_L002_R1_001_trim",0.016727186120693,0.00662811476759523,-0.00329589745254312
"3421133_NF_EG_25_95_S355_L002_R1_001_trim",0.0210168518057204,0.0107630962376815,-0.00386533074575811
"3421134_NF_EG_25_96_S356_L002_R1_001_trim",0.0095758050557894,0.0127275977648135,-0.00233497201667497
"3421135_NF_EG_25_97_S357_L002_R1_001_trim",0.0027202695426741,-0.0167925305976545,0.00287906020590529
"3421136_NF_EG_25_98_S358_L002_R1_001_trim",0.0208714072659092,0.0146137495519006,-0.0044514149115944
"3421137_NF_EG_25_99_S359_L002_R1_001_trim",-0.0105420426876125,-0.0214658372697989,0.0185023359732876
"3421138_NF_EG_25_100_S360_L002_R1_001_trim",0.0227445469403307,0.0128299461066141,-0.0028220657744687
"3421139_NF_EG_25_101_S361_L002_R1_001_trim",-0.0121564655713019,-0.0057872140392142,0.0071119281350322
"3421140_NF_EG_25_102_S362_L002_R1_001_trim",-0.0215899446197015,0.0269308377414418,-0.0134292231094819
"3421141_NF_EG_25_103_S363_L002_R1_001_trim",4.70618291335781e-05,-0.031323497001387,0.00676246770788189
"3421142_NF_EG_25_104_S364_L002_R1_001_trim",-0.00944811768542513,-0.0141681118509608,-0.0112141043214205
"3421143_NF_EG_25_105_S365_L002_R1_001_trim",-0.0167404446148224,-0.00830741729555522,-0.0178529879501583
"3421144_NF_EG_25_106_S366_L002_R1_001_trim",0.0033256309204107,0.00173373125973742,0.00658077848459575
"3421145_NF_EG_25_107_S367_L002_R1_001_trim",-0.0450166707891716,0.022600041485098,-0.012765533852596
"3421146_NF_EG_25_108_S368_L002_R1_001_trim",-0.0280986626409646,0.0223723287530761,0.0475078431125164
"3421147_NF_EG_25_109_S369_L002_R1_001_trim",0.0083200494022744,0.0139787232771814,-0.013202193599902
"3421148_NF_EG_25_110_S370_L002_R1_001_trim",0.00384345286101814,0.00673724994292694,-0.00739425346754324
"3421149_NF_EG_25_111_S371_L002_R1_001_trim",-0.0257700503026137,-0.010503281990039,0.00325788186400901
"3421150_NF_EG_25_112_S372_L002_R1_001_trim",-0.0201036476202462,-0.0209169225322233,-0.0190929981211964
"3421151_NF_EG_25_113_S373_L002_R1_001_trim",0.00501965725173618,0.0171626828581955,-0.0109418327225389
"3421152_NF_EG_25_114_S374_L002_R1_001_trim",-0.0060015439783093,-0.0172761351948564,0.0110782962189939
"3421153_NF_EG_25_115_S375_L002_R1_001_trim",0.0203567181019975,0.0114417596230163,8.07539742415759e-05
"3421154_NF_EG_25_116_S376_L002_R1_001_trim",-0.000221664285084968,-0.00846610251653258,-0.00221946813947969
"3421155_NF_EG_25_117_S377_L002_R1_001_trim",-0.00677548172214817,-0.0126482011337133,-0.0175969328855247
"3421156_NF_EG_25_118_S378_L002_R1_001_trim",0.0121922714284093,0.0049077777151449,-0.0123733116901912
"3421157_NF_EG_25_119_S379_L002_R1_001_trim",-0.0281723336239075,0.0113942196914552,0.0588061858585901
"3421158_NF_EG_25_120_S380_L002_R1_001_trim",0.020120640729994,0.00740557016299005,-0.00227113521819281
"3421159_NF_EG_25_121_S381_L002_R1_001_trim",-0.0116547025365541,-0.0264750493215134,0.0171426802798484
"3421160_NF_EG_25_122_S382_L002_R1_001_trim",0.00649006599441876,0.0174629475076153,-0.00631115208290328
"3421163_NF_EG_25_123_S385_L002_R1_001_trim",0.00545729372226438,-0.000854868730930616,0.00694066244536515
"3421164_NF_EG_25_124_S386_L002_R1_001_trim",0.000727543750220732,0.00528927500589339,0.00346705611075161
"3421165_NF_EG_25_125_S387_L002_R1_001_trim",0.0234634242471594,0.014239089002293,-0.00219893630023541
"3421166_NF_EG_25_126_S388_L002_R1_001_trim",-0.0109489424783478,-0.0144649478806798,0.0112564003786757
"3421167_NF_EG_25_127_S389_L002_R1_001_trim",-0.00489226057549438,0.0103178649320934,-0.00537620583125754
"3421168_NF_EG_25_128_S390_L002_R1_001_trim",0.0057763059321869,0.0019799347777024,-0.0110432118243586
"3421169_NF_EG_25_129_S391_L002_R1_001_trim",-0.00523766993744137,-0.0142317337060726,-0.00035860075550739
"3421170_NF_EG_25_130_S392_L002_R1_001_trim",0.0195236234807152,0.0040399662881876,-0.000153209340648771
"3421171_NF_EG_25_131_S393_L002_R1_001_trim",-0.0131730583554812,-0.00593175982831201,-0.0157587068646647
"3421172_NF_EG_25_132_S394_L002_R1_001_trim",-0.00747934947847723,0.0146210264272442,-0.00255450888255859
"3421173_NF_EG_25_133_S395_L002_R1_001_trim",0.00149435963393219,-0.0038313896606652,-0.0192762271463001
"3421174_NF_EG_25_134_S396_L002_R1_001_trim",-0.0263575811675825,-0.0167675658544956,0.0367370605485997
"3421175_NF_EG_25_135_S397_L002_R1_001_trim",-0.0329198621467477,0.0303223219840411,-0.0272746527610873
"3421176_NF_EG_25_136_S398_L002_R1_001_trim",0.0174680061677299,0.00175813897150466,0.000671576054605046
"3421177_NF_EG_25_137_S399_L002_R1_001_trim",-0.00253479620191316,0.0103977237979082,-0.007817905136632
"3421178_NF_EG_25_138_S400_L002_R1_001_trim",-0.0144718097846099,0.00884326774218804,0.0589309283991219
"3421180_NF_EG_25_140_S402_L002_R1_001_trim",0.0207684800710895,0.00748373643774884,-0.0018764159686212
"3421181_NF_EG_25_141_S403_L002_R1_001_trim",0.00188398984971619,-0.0249291550152594,0.00631256637872938
"3421182_NF_EG_25_142_S404_L002_R1_001_trim",-0.00180084896631932,0.00860515938335956,-0.0029516191056691
"3421183_NF_EG_25_143_S405_L002_R1_001_trim",0.0026452853763145,-0.0244621245833436,0.00578614589267937
"3421184_NF_EG_25_144_S406_L002_R1_001_trim",0.0087032577464584,-0.0171478907426822,0.00645801385368985
"3421185_NF_EG_25_145_S407_L002_R1_001_trim",-0.00241358726180848,-0.0270656695034295,0.0121643365512975
"3421186_NF_EG_25_146_S408_L002_R1_001_trim",0.0227650190015166,0.0124448623186689,-0.00283825243787905
"3421187_NF_EG_25_147_S409_L002_R1_001_trim",-0.0043689525584345,-0.0115435174209842,-0.0117494780853161
"3421188_NF_EG_25_148_S410_L002_R1_001_trim",0.00454704572739529,0.0124848617401554,-0.00316715011350748
"3421189_NF_EG_25_149_S411_L002_R1_001_trim",0.0128992301387917,-0.00173004667401659,-0.00124697321332707
"3421190_NF_EG_25_150_S412_L002_R1_001_trim",-0.0297752799362833,0.0226769103724464,0.0442168106374692
"3421191_NF_EG_25_151_S413_L002_R1_001_trim",0.00953869253636912,-0.00988627897294656,0.0072607407201804
"3421192_NF_EG_25_152_S414_L002_R1_001_trim",0.020051105544094,0.00814682461304931,-0.00116611843735106
"3421193_NF_EG_25_153_S415_L002_R1_001_trim",-0.0343649198468199,0.0280031306150464,-0.00289074291027148
"3421194_NF_EG_25_154_S416_L002_R1_001_trim",-0.00810354591523123,0.00913536255502808,0.100809311200714
"3421196_NF_EG_25_155_S418_L002_R1_001_trim",-0.0123427377917018,-0.00525164018124552,0.00804986367603505
"3421197_NF_EG_25_156_S419_L002_R1_001_trim",-0.000425074211666332,-0.00826990124780766,-0.0015447938625205
"3421198_NF_EG_25_157_S420_L002_R1_001_trim",0.026833301974852,0.0198272008293994,-0.00489249617906672
"3421199_NF_EG_25_158_S421_L002_R1_001_trim",0.0187983144201378,0.00792608506135807,-0.00472095733126386
"3421200_NF_EG_25_159_S422_L002_R1_001_trim",-0.0460361692903303,0.0480650585330642,-0.00749205448126618
"3421201_NF_EG_25_160_S423_L002_R1_001_trim",-0.0212589011965599,0.0264274736205214,-0.013917778425191
"3421202_NF_EG_25_161_S424_L002_R1_001_trim",-0.00540322410306007,0.046817996830835,0.00251956148127743
"3421203_NF_EG_25_162_S425_L002_R1_001_trim",-0.00764916709822036,-0.0129455661237707,0.00328492055790247
"3421204_NF_EG_25_163_S426_L002_R1_001_trim",0.00625773591143752,0.0103918951215865,0.00682816604040594
"3421205_NF_EG_25_164_S427_L002_R1_001_trim",0.0170323952735824,0.0173761748594097,-0.00996910415924917
"3421206_NF_EG_25_165_S428_L002_R1_001_trim",0.00652223559337933,-0.018133443282062,0.00464709695213747
"3421207_NF_EG_25_166_S429_L002_R1_001_trim",-0.00967205293524677,0.0216870068903149,-0.0117248480525446
"3421208_NF_EG_25_167_S430_L002_R1_001_trim",0.0218834820856586,0.0121181415209956,-0.00337008656899782
"3421209_NF_EG_25_168_S431_L002_R1_001_trim",-0.0100543353655898,-0.0311819432195007,0.0195774387680998
"3421210_NF_EG_25_169_S432_L002_R1_001_trim",-0.0326903705660318,0.00649617251571903,-0.0130510496350101
"3421211_NF_EG_25_170_S433_L002_R1_001_trim",0.00979135457160334,0.0129795285011895,0.000331231558322381
"3421212_NF_EG_25_171_S434_L002_R1_001_trim",-0.0283082235799955,0.0253099696358896,-0.0130821414326252
"3421213_NF_EG_25_172_S435_L002_R1_001_trim",0.00414173414345357,0.0155893542172907,-0.0040729774477295
"3421214_NF_EG_25_173_S436_L002_R1_001_trim",-0.000687210789070141,0.0130302079585908,-0.00849877289510232
"3421215_NF_EG_25_174_S437_L002_R1_001_trim",0.0177362295041955,0.00879797078544832,-0.00385765271447679
"3421216_NF_EG_25_175_S438_L002_R1_001_trim",-0.0114941789809826,0.014266547068963,-0.00727374687343619
"3421217_NF_EG_25_176_S439_L002_R1_001_trim",-0.00332844980582786,0.0246089933926463,0.000970101926192032
"3421218_NF_EG_25_177_S440_L002_R1_001_trim",-0.0122344239549243,-0.00603906776579904,-0.017653566747731
"3421219_NF_EG_25_178_S441_L002_R1_001_trim",0.0204829659751069,0.0106045553648398,-0.00318623669377659
"3421220_NF_EG_25_179_S442_L002_R1_001_trim",0.0100561859554785,-0.00957906681922704,0.0031660877222517
"3421221_NF_EG_25_180_S443_L002_R1_001_trim",-0.016518083173677,0.00383829474188112,-0.00469835061408549
"3421222_NF_EG_25_181_S444_L002_R1_001_trim",0.00528740144903017,-0.00766255523062939,-0.00365844143683066
"3421223_NF_EG_25_182_S445_L002_R1_001_trim",0.0127150290164589,-0.0036877392245849,0.00208866893733404
"3421224_NF_EG_25_183_S446_L002_R1_001_trim",0.0247842194027984,0.016779798778276,-0.000775783998577073
"3421225_NF_EG_25_184_S447_L002_R1_001_trim",0.0101379824470901,0.0100665767128277,-0.0190357425378678
"3421226_NF_EG_25_185_S448_L002_R1_001_trim",-0.0317309158347716,0.0157279495439161,-0.0277440318910785
"3421227_NF_EG_25_186_S449_L002_R1_001_trim",0.0154518468095967,0.0114308202517392,-0.00486046677586381
"3421228_NF_EG_25_187_S450_L002_R1_001_trim",-0.0423984222103482,0.0201195390191911,-0.0251536115782579
"3421229_NF_EG_25_188_S451_L002_R1_001_trim",0.0132420007390327,-0.00377165181968686,0.00169036158136862
"3421230_NF_EG_25_189_S452_L002_R1_001_trim",-0.00252433929135696,0.0144186541047258,0.0123003990843842
"3421231_NF_EG_25_190_S453_L002_R1_001_trim",-0.00871456764457274,-0.00349212585172044,-0.00509437402764437
"3421232_NF_EG_25_191_S454_L002_R1_001_trim",-0.00304121375363236,-0.00687628137301017,0.0063446845202335
"3421233_NF_EG_25_192_S455_L002_R1_001_trim",-0.0166226066260745,0.00915456942351865,-0.00704877647094308
"3421234_NF_EG_25_193_S456_L002_R1_001_trim",0.00564359645674897,-0.0128258957046197,-0.000204841005719291
"3421235_NF_EG_25_194_S457_L002_R1_001_trim",0.00973631487075615,-0.0142422499354462,0.00205254276332534
"3421236_NF_EG_25_195_S458_L002_R1_001_trim",-0.0115363138781757,-0.0267717246736407,0.0180673562130734
"3421237_NF_EG_25_196_S459_L002_R1_001_trim",-0.0245942845064457,0.000556170789056376,-0.0129731960889008
"3421238_NF_EG_25_197_S460_L002_R1_001_trim",-0.0277420104635357,0.0209119357238413,0.0433588818080349
"3421239_NF_EG_25_198_S461_L002_R1_001_trim",0.0154512432379442,0.000577502490632544,0.000832255308364876
"3421240_NF_EG_25_199_S462_L002_R1_001_trim",-0.00610091748669445,-0.0167352193944116,0.0110625807247195
"3421241_NF_EG_25_200_S463_L002_R1_001_trim",-0.00419218554272455,-0.00549978686681135,0.038470698264138
"3421242_NF_EG_25_201_S464_L002_R1_001_trim",-0.00717885114747361,-0.0131140188616811,-0.0181140542943451
"3421243_NF_EG_25_202_S465_L002_R1_001_trim",0.0245687877426152,0.018406588813493,-0.0035773137393067
"3421244_NF_EG_25_203_S466_L002_R1_001_trim",-0.000380472993397233,0.0183924544934977,0.00749032474813661
"3421245_NF_EG_25_204_S467_L002_R1_001_trim",0.0144930740336099,6.70964860285632e-05,-0.00229324196141105
"3421246_NF_EG_25_205_S468_L002_R1_001_trim",0.00462055618396649,-0.0115686720922214,0.00193750559050261
"3421247_NF_EG_25_206_S469_L002_R1_001_trim",0.00367782258970368,-0.0208928412461217,0.00585971039684125
"3421248_NF_EG_25_207_S470_L002_R1_001_trim",0.00561239074152327,0.014324715567548,-0.0026272233293386
"3421249_NF_EG_25_208_S471_L002_R1_001_trim",-0.0132817012869507,-0.00744609242733969,0.0171421543516907
"3421250_NF_EG_25_209_S472_L002_R1_001_trim",0.000429224154688875,0.00559999690449325,-0.00353966520829738
"3421251_NF_EG_25_210_S473_L002_R1_001_trim",0.0180606278873863,0.00607605824974548,0.000335031358139555
"3421259_NF_EG_25_216_S481_L002_R1_001_trim",-0.000696331291019026,0.0104622003336135,0.00634382050608398
"3421260_NF_EG_25_217_S482_L002_R1_001_trim",0.0160018770208902,0.00222414474375396,0.000346410265174081
"3421261_NF_EG_25_218_S483_L002_R1_001_trim",0.00280357713755075,-0.00626284902588893,-0.0112086891475471
"3421262_NF_EG_25_219_S484_L002_R1_001_trim",0.0167395824645638,0.00160268590678827,0.00133059463196123
"3421263_NF_EG_25_220_S485_L002_R1_001_trim",0.0129187054903427,0.00889279390953969,-0.0119558180797352
"3421264_NF_EG_25_221_S486_L002_R1_001_trim",0.00287916232046649,-0.0199872417480312,0.00632665398111324
"3421265_NF_EG_25_222_S487_L002_R1_001_trim",-0.0700482906508561,0.151881138472858,-0.0848973147525221
"3421266_NF_EG_25_223_S488_L002_R1_001_trim",-0.0705712082952914,0.147586219667187,-0.0979393141414491
"3421267_NF_EG_25_224_S489_L002_R1_001_trim",-0.0029729516739057,0.0048338477114882,0.0318901562963636
"3421268_NF_EG_25_225_S490_L002_R1_001_trim",0.0212057110274007,0.00907312577959676,-0.00087825104794889
"3421269_NF_EG_25_226_S491_L002_R1_001_trim",-0.00897431722852162,-0.0053537905520181,0.0142078715670585
"3421270_NF_EG_25_227_S492_L002_R1_001_trim",0.0200171106692267,0.0105490366284558,-0.00310102402689312
"3421271_NF_EG_25_228_S493_L002_R1_001_trim",0.0114365332064935,-0.00316627418566698,3.35243944260027e-05
"3421272_NF_EG_25_229_S494_L002_R1_001_trim",-0.00885820646007518,-0.0273201628279287,-0.00348534210241487
"3421273_NF_EG_25_230_S495_L002_R1_001_trim",0.00819918876847379,0.0091878538380272,-0.00913403841889343
"3421274_NF_EG_25_231_S496_L002_R1_001_trim",-0.0112081852485175,-0.0260044299960612,0.00499189490196804
"3421275_NF_EG_25_232_S497_L002_R1_001_trim",0.00508328728940861,0.00227027959413802,0.00661915305945341
"3421276_NF_EG_25_233_S498_L002_R1_001_trim",0.0121602305218453,0.00237130092175034,-0.00328504247018616
"3421277_NF_EG_25_234_S499_L002_R1_001_trim",-0.00109931245743338,-0.00182924406929289,-0.00728891561721611
"3421278_NF_EG_25_235_S500_L002_R1_001_trim",0.010555726091223,-0.00460893232570551,6.44853579228312e-05
"3421279_NF_EG_25_236_S501_L002_R1_001_trim",-0.00795471902266161,-0.0448143821405381,0.0132358866782914
"3421280_NF_EG_25_237_S502_L002_R1_001_trim",0.013298893067087,-0.00857132824815351,-0.00168864265331805
"3421281_NF_EG_25_238_S503_L002_R1_001_trim",0.0199190071261063,0.00786340282430113,-7.10595308525521e-06
"3421282_NF_EG_25_239_S504_L002_R1_001_trim",-0.0157762577085821,0.0146769718920342,0.0127196837460994
"3421283_NF_EG_25_240_S505_L002_R1_001_trim",0.0162593824964575,-0.00145789295135578,0.000111763825090899
"3421284_NF_EG_25_241_S506_L002_R1_001_trim",0.00212463342892522,-0.000909706938207058,0.0107971124560167
"3421285_NF_EG_25_242_S507_L002_R1_001_trim",0.00514757701449724,0.0325950838193722,0.00173998211314471
"3421286_NF_EG_25_243_S508_L002_R1_001_trim",0.0175314541048835,0.00291072061337117,-0.000234656124052205
"3421287_NF_EG_25_244_S509_L002_R1_001_trim",0.0273546648823293,0.0192893666801273,-0.00271457591746763
"3421288_NF_EG_25_245_S510_L002_R1_001_trim",0.00974016014872053,0.00545124552640413,0.00459388387596875
"3421289_NF_EG_25_246_S511_L002_R1_001_trim",-0.0190196846313159,0.0385841172332325,-0.00815090173118341
"3421290_NF_EG_25_247_S512_L002_R1_001_trim",-0.0215923969257445,0.0116914551549551,-0.00445403767214676
"3421291_NF_EG_25_248_S513_L002_R1_001_trim",0.0082692200816639,-0.0114371549082593,1.74132277187412e-05
"3421292_NF_EG_25_249_S514_L002_R1_001_trim",0.000411114663386714,0.0176930837336782,-0.0028886384204733
"3421293_NF_EG_25_250_S515_L002_R1_001_trim",-0.00387398738473863,0.0268235083492325,-0.0134929038577818
