ID,GEN,TREAT,TREAT2
3019188_R_47_DIV_22_1_S12_L001_R1_001,gen0,gen0,gen0
3019189_R_100_DIV_22_1_S24_L001_R1_001,gen0,gen0,gen0
3019190_R_193_DIV_22_1_S36_L001_R1_001,gen0,gen0,gen0
3019191_R_240_DIV_22_1_S48_L001_R1_001,gen0,gen0,gen0
3019192_R_280_DIV_22_1_S60_L001_R1_001,gen0,gen0,gen0
3019193_R_612_DIV_22_6_S72_L001_R1_001,gen0,gen0,gen0
3019194_R_944_DIV_22_5_S83_L001_R1_001,gen0,gen0,gen0
3019195_R_34_DIV_22_1_S1_L001_R1_001,gen0,gen0,gen0
3019196_R_47_DIV_22_2_S13_L001_R1_001,gen0,gen0,gen0
3019197_R_100_DIV_22_2_S25_L001_R1_001,gen0,gen0,gen0
3019198_R_193_DIV_22_2_S37_L001_R1_001,gen0,gen0,gen0
3019199_R_240_DIV_22_2_S49_L001_R1_001,gen0,gen0,gen0
3019200_R_280_DIV_22_2_S61_L001_R1_001,gen0,gen0,gen0
3019201_R_937_DIV_22_1_S73_L001_R1_001,gen0,gen0,gen0
3019202_R_944_DIV_22_6_S84_L001_R1_001,gen0,gen0,gen0
3019203_R_34_DIV_22_2_S2_L001_R1_001,gen0,gen0,gen0
3019204_R_47_DIV_22_3_S14_L001_R1_001,gen0,gen0,gen0
3019205_R_100_DIV_22_3_S26_L001_R1_001,gen0,gen0,gen0
3019206_R_193_DIV_22_3_S38_L001_R1_001,gen0,gen0,gen0
3019207_R_240_DIV_22_3_S50_L001_R1_001,gen0,gen0,gen0
3019208_R_280_DIV_22_3_S62_L001_R1_001,gen0,gen0,gen0
3019209_R_937_DIV_22_2_S74_L001_R1_001,gen0,gen0,gen0
3019210_R_1027_DIV_22_1_S85_L001_R1_001,gen0,gen0,gen0
3019211_R_34_DIV_22_3_S3_L001_R1_001,gen0,gen0,gen0
3019212_R_47_DIV_22_4_S15_L001_R1_001,gen0,gen0,gen0
3019213_R_100_DIV_22_4_S27_L001_R1_001,gen0,gen0,gen0
3019214_R_193_DIV_22_4_S39_L001_R1_001,gen0,gen0,gen0
3019215_R_240_DIV_22_4_S51_L001_R1_001,gen0,gen0,gen0
3019216_R_280_DIV_22_4_S63_L001_R1_001,gen0,gen0,gen0
3019217_R_937_DIV_22_3_S75_L001_R1_001,gen0,gen0,gen0
3019218_R_1027_DIV_22_2_S86_L001_R1_001,gen0,gen0,gen0
3019219_R_34_DIV_22_4_S4_L001_R1_001,gen0,gen0,gen0
3019220_R_47_DIV_22_5_S16_L001_R1_001,gen0,gen0,gen0
3019221_R_100_DIV_22_5_S28_L001_R1_001,gen0,gen0,gen0
3019222_R_193_DIV_22_5_S40_L001_R1_001,gen0,gen0,gen0
3019223_R_240_DIV_22_5_S52_L001_R1_001,gen0,gen0,gen0
3019224_R_280_DIV_22_5_S64_L001_R1_001,gen0,gen0,gen0
3019225_R_937_DIV_22_4_S76_L001_R1_001,gen0,gen0,gen0
3019226_R_1027_DIV_22_3_S87_L001_R1_001,gen0,gen0,gen0
3019227_R_34_DIV_22_5_S5_L001_R1_001,gen0,gen0,gen0
3019228_R_47_DIV_22_6_S17_L001_R1_001,gen0,gen0,gen0
3019229_R_100_DIV_22_6_S29_L001_R1_001,gen0,gen0,gen0
3019230_R_193_DIV_22_6_S41_L001_R1_001,gen0,gen0,gen0
3019231_R_240_DIV_22_6_S53_L001_R1_001,gen0,gen0,gen0
3019232_R_280_DIV_22_6_S65_L001_R1_001,gen0,gen0,gen0
3019233_R_937_DIV_22_5_S77_L001_R1_001,gen0,gen0,gen0
3019234_R_1027_DIV_22_4_S88_L001_R1_001,gen0,gen0,gen0
3019235_R_34_DIV_22_6_S6_L001_R1_001,gen0,gen0,gen0
3019236_R_93_DIV_22_1_S18_L001_R1_001,gen0,gen0,gen0
3019237_R_191_DIV_22_1_S30_L001_R1_001,gen0,gen0,gen0
3019238_R_233_DIV_22_1_S42_L001_R1_001,gen0,gen0,gen0
3019239_R_242_DIV_22_1_S54_L001_R1_001,gen0,gen0,gen0
3019240_R_612_DIV_22_1_S66_L001_R1_001,gen0,gen0,gen0
3019241_R_937_DIV_22_6_S78_L001_R1_001,gen0,gen0,gen0
3019242_R_1027_DIV_22_5_S89_L001_R1_001,gen0,gen0,gen0
3019243_R_36_DIV_22_1_S7_L001_R1_001,gen0,gen0,gen0
3019244_R_93_DIV_22_2_S19_L001_R1_001,gen0,gen0,gen0
3019245_R_191_DIV_22_2_S31_L001_R1_001,gen0,gen0,gen0
3019246_R_233_DIV_22_2_S43_L001_R1_001,gen0,gen0,gen0
3019247_R_242_DIV_22_2_S55_L001_R1_001,gen0,gen0,gen0
3019248_R_612_DIV_22_2_S67_L001_R1_001,gen0,gen0,gen0
3019249_R_944_DIV_22_1_S79_L001_R1_001,gen0,gen0,gen0
3019250_R_1027_DIV_22_6_S90_L001_R1_001,gen0,gen0,gen0
3019251_R_36_DIV_22_2_S8_L001_R1_001,gen0,gen0,gen0
3019252_R_93_DIV_22_3_S20_L001_R1_001,gen0,gen0,gen0
3019253_R_191_DIV_22_3_S32_L001_R1_001,gen0,gen0,gen0
3019254_R_233_DIV_22_3_S44_L001_R1_001,gen0,gen0,gen0
3019255_R_242_DIV_22_3_S56_L001_R1_001,gen0,gen0,gen0
3019256_R_612_DIV_22_3_S68_L001_R1_001,gen0,gen0,gen0
3019257_R_944_DIV_22_2_S80_L001_R1_001,gen0,gen0,gen0
3019258_R_1038_DIV_22_1_S91_L001_R1_001,gen0,gen0,gen0
3019259_R_36_DIV_22_3_S9_L001_R1_001,gen0,gen0,gen0
3019260_R_93_DIV_22_4_S21_L001_R1_001,gen0,gen0,gen0
3019261_R_191_DIV_22_4_S33_L001_R1_001,gen0,gen0,gen0
3019262_R_233_DIV_22_4_S45_L001_R1_001,gen0,gen0,gen0
3019263_R_242_DIV_22_4_S57_L001_R1_001,gen0,gen0,gen0
3019264_R_612_DIV_22_4_S69_L001_R1_001,gen0,gen0,gen0
3019265_R_944_DIV_22_3_S81_L001_R1_001,gen0,gen0,gen0
3019266_R_1038_DIV_22_2_S92_L001_R1_001,gen0,gen0,gen0
3019267_R_36_DIV_22_5_S10_L001_R1_001,gen0,gen0,gen0
3019268_R_93_DIV_22_5_S22_L001_R1_001,gen0,gen0,gen0
3019269_R_191_DIV_22_5_S34_L001_R1_001,gen0,gen0,gen0
3019270_R_233_DIV_22_5_S46_L001_R1_001,gen0,gen0,gen0
3019271_R_242_DIV_22_5_S58_L001_R1_001,gen0,gen0,gen0
3019272_R_612_DIV_22_5_S70_L001_R1_001,gen0,gen0,gen0
3019273_R_944_DIV_22_4_S82_L001_R1_001,gen0,gen0,gen0
3019274_R_1038_DIV_22_3_S93_L001_R1_001,gen0,gen0,gen0
3019275_R_36_DIV_22_6_S11_L001_R1_001,gen0,gen0,gen0
3019276_R_93_DIV_22_6_S23_L001_R1_001,gen0,gen0,gen0
3019277_R_191_DIV_22_6_S35_L001_R1_001,gen0,gen0,gen0
3019278_R_233_DIV_22_6_S47_L001_R1_001,gen0,gen0,gen0
3019279_R_242_DIV_22_6_S59_L001_R1_001,gen0,gen0,gen0
3019283_R_1201_DIV_22_2_S94_L001_R1_001,gen0,gen0,gen0
3019284_R_1148_DIV_22_2_S105_L001_R1_001,gen0,gen0,gen0
3019286_R_1248_DIV_22_2_S126_L001_R1_001,gen0,gen0,gen0
3019287_R_1319_DIV_22_2_S136_L001_R1_001,gen0,gen0,gen0
3019288_R_1429_DIV_22_2_S146_L001_R1_001,gen0,gen0,gen0
3019289_R_1554_DIV_22_1_S156_L001_R1_001,gen0,gen0,gen0
3019290_R_1890_DIV_22_6_S166_L001_R1_001,gen0,gen0,gen0
3019291_R_1038_DIV_22_4_S95_L001_R1_001,gen0,gen0,gen0
3019292_R_1148_DIV_22_3_S106_L001_R1_001,gen0,gen0,gen0
3019293_R_1201_DIV_22_3_S116_L001_R1_001,gen0,gen0,gen0
3019294_R_1248_DIV_22_3_S127_L001_R1_001,gen0,gen0,gen0
3019295_R_1319_DIV_22_3_S137_L001_R1_001,gen0,gen0,gen0
3019296_R_1429_DIV_22_3_S147_L001_R1_001,gen0,gen0,gen0
3019297_R_1554_DIV_22_2_S157_L001_R1_001,gen0,gen0,gen0
3019298_R_1968_DIV_22_1_S167_L001_R1_001,gen0,gen0,gen0
3019299_R_1038_DIV_22_5_S96_L001_R1_001,gen0,gen0,gen0
3019300_R_1148_DIV_22_4_S107_L001_R1_001,gen0,gen0,gen0
3019301_R_1201_DIV_22_4_S117_L001_R1_001,gen0,gen0,gen0
3019302_R_1248_DIV_22_4_S128_L001_R1_001,gen0,gen0,gen0
3019303_R_1319_DIV_22_4_S138_L001_R1_001,gen0,gen0,gen0
3019304_R_1429_DIV_22_4_S148_L001_R1_001,gen0,gen0,gen0
3019305_R_1554_DIV_22_3_S158_L001_R1_001,gen0,gen0,gen0
3019306_R_1968_DIV_22_2_S168_L001_R1_001,gen0,gen0,gen0
3019307_R_1038_DIV_22_6_S97_L001_R1_001,gen0,gen0,gen0
3019308_R_1148_DIV_22_5_S108_L001_R1_001,gen0,gen0,gen0
3019309_R_1201_DIV_22_5_S118_L001_R1_001,gen0,gen0,gen0
3019310_R_1248_DIV_22_5_S129_L001_R1_001,gen0,gen0,gen0
3019311_R_1319_DIV_22_5_S139_L001_R1_001,gen0,gen0,gen0
3019312_R_1429_DIV_22_5_S149_L001_R1_001,gen0,gen0,gen0
3019313_R_1554_DIV_22_4_S159_L001_R1_001,gen0,gen0,gen0
3019314_R_1968_DIV_22_3_S169_L001_R1_001,gen0,gen0,gen0
3019315_R_36_DIV_22_4_S98_L001_R1_001,gen0,gen0,gen0
3019316_R_1148_DIV_22_6_S109_L001_R1_001,gen0,gen0,gen0
3019317_R_1201_DIV_22_6_S119_L001_R1_001,gen0,gen0,gen0
3019318_R_1248_DIV_22_6_S130_L001_R1_001,gen0,gen0,gen0
3019319_R_1319_DIV_22_6_S140_L001_R1_001,gen0,gen0,gen0
3019320_R_1429_DIV_22_6_S150_L001_R1_001,gen0,gen0,gen0
3019321_R_1554_DIV_22_5_S160_L001_R1_001,gen0,gen0,gen0
3019322_R_1968_DIV_22_4_S170_L001_R1_001,gen0,gen0,gen0
3019323_R_1084_DIV_22_1_S99_L001_R1_001,gen0,gen0,gen0
3019324_R_1185_DIV_22_1_S110_L001_R1_001,gen0,gen0,gen0
3019325_R_1213_DIV_22_1_S120_L001_R1_001,gen0,gen0,gen0
3019326_R_1257_DIV_22_1_S131_L001_R1_001,gen0,gen0,gen0
3019327_R_1384_DIV_22_1_S141_L001_R1_001,gen0,gen0,gen0
3019328_R_1450_DIV_22_1_S151_L001_R1_001,gen0,gen0,gen0
3019329_R_1554_DIV_22_6_S161_L001_R1_001,gen0,gen0,gen0
3019330_R_1968_DIV_22_5_S171_L001_R1_001,gen0,gen0,gen0
3019331_R_1084_DIV_22_2_S100_L001_R1_001,gen0,gen0,gen0
3019332_R_1185_DIV_22_2_S111_L001_R1_001,gen0,gen0,gen0
3019333_R_1213_DIV_22_2_S121_L001_R1_001,gen0,gen0,gen0
3019334_R_1257_DIV_22_2_S132_L001_R1_001,gen0,gen0,gen0
3019335_R_1384_DIV_22_2_S142_L001_R1_001,gen0,gen0,gen0
3019336_R_1450_DIV_22_2_S152_L001_R1_001,gen0,gen0,gen0
3019337_R_1890_DIV_22_1_S162_L001_R1_001,gen0,gen0,gen0
3019338_R_1968_DIV_22_6_S172_L001_R1_001,gen0,gen0,gen0
3019339_R_1084_DIV_22_3_S101_L001_R1_001,gen0,gen0,gen0
3019340_R_1185_DIV_22_3_S112_L001_R1_001,gen0,gen0,gen0
3019341_R_1213_DIV_22_3_S122_L001_R1_001,gen0,gen0,gen0
3019342_R_1257_DIV_22_3_S133_L001_R1_001,gen0,gen0,gen0
3019343_R_1384_DIV_22_3_S143_L001_R1_001,gen0,gen0,gen0
3019344_R_1450_DIV_22_3_S153_L001_R1_001,gen0,gen0,gen0
3019345_R_1890_DIV_22_2_S163_L001_R1_001,gen0,gen0,gen0
3019346_R_1972_DIV_22_1_S173_L001_R1_001,gen0,gen0,gen0
3019347_R_1084_DIV_22_4_S102_L001_R1_001,gen0,gen0,gen0
3019348_R_1185_DIV_22_4_S113_L001_R1_001,gen0,gen0,gen0
3019349_R_1213_DIV_22_4_S123_L001_R1_001,gen0,gen0,gen0
3019350_R_1257_DIV_22_4_S134_L001_R1_001,gen0,gen0,gen0
3019351_R_1384_DIV_22_4_S144_L001_R1_001,gen0,gen0,gen0
3019352_R_1450_DIV_22_4_S154_L001_R1_001,gen0,gen0,gen0
3019353_R_1890_DIV_22_3_S164_L001_R1_001,gen0,gen0,gen0
3019354_R_1972_DIV_22_2_S174_L001_R1_001,gen0,gen0,gen0
3019355_R_1084_DIV_22_5_S103_L001_R1_001,gen0,gen0,gen0
3019356_R_1185_DIV_22_5_S114_L001_R1_001,gen0,gen0,gen0
3019357_R_1213_DIV_22_5_S124_L001_R1_001,gen0,gen0,gen0
3019358_R_1257_DIV_22_5_S135_L001_R1_001,gen0,gen0,gen0
3019359_R_1384_DIV_22_5_S145_L001_R1_001,gen0,gen0,gen0
3019360_R_1450_DIV_22_5_S155_L001_R1_001,gen0,gen0,gen0
3019361_R_1890_DIV_22_4_S165_L001_R1_001,gen0,gen0,gen0
3019362_R_1972_DIV_22_3_S175_L001_R1_001,gen0,gen0,gen0
3019363_R_1084_DIV_22_6_S104_L001_R1_001,gen0,gen0,gen0
3019364_R_1185_DIV_22_6_S115_L001_R1_001,gen0,gen0,gen0
3019366_R_1572_DIV_22_3_S176_L002_R1_001,gen0,gen0,gen0
3019367_R_2229_DIV_22_1_S188_L002_R1_001,gen0,gen0,gen0
3019368_R_1090_DIV_22_3_S200_L002_R1_001,gen0,gen0,gen0
3019369_R_2082_DIV_22_1_S212_L002_R1_001,gen0,gen0,gen0
3019370_R_2596_DIV_22_2_S224_L002_R1_001,gen0,gen0,gen0
3019371_R_2863_DIV_22_3_S236_L002_R1_001,gen0,gen0,gen0
3019373_R_2606_DIV_22_1_S258_L002_R1_001,gen0,gen0,gen0
3019374_R_1972_DIV_22_5_S177_L002_R1_001,gen0,gen0,gen0
3019375_R_2229_DIV_22_4_S189_L002_R1_001,gen0,gen0,gen0
3019376_R_1090_DIV_22_4_S201_L002_R1_001,gen0,gen0,gen0
3019377_R_2082_DIV_22_2_S213_L002_R1_001,gen0,gen0,gen0
3019378_R_2596_DIV_22_4_S225_L002_R1_001,gen0,gen0,gen0
3019379_R_2863_DIV_22_5_S237_L002_R1_001,gen0,gen0,gen0
3019380_R_1572_DIV_22_5_S248_L002_R1_001,gen0,gen0,gen0
3019381_R_2606_DIV_22_3_S259_L002_R1_001,gen0,gen0,gen0
3019382_R_1972_DIV_22_6_S178_L002_R1_001,gen0,gen0,gen0
3019383_R_2229_DIV_22_5_S190_L002_R1_001,gen0,gen0,gen0
3019384_R_1090_DIV_22_5_S202_L002_R1_001,gen0,gen0,gen0
3019385_R_2082_DIV_22_4_S214_L002_R1_001,gen0,gen0,gen0
3019386_R_2596_DIV_22_5_S226_L002_R1_001,gen0,gen0,gen0
3019387_R_2863_DIV_22_6_S238_L002_R1_001,gen0,gen0,gen0
3019388_R_1133_DIV_22_1_S249_L002_R1_001,gen0,gen0,gen0
3019389_R_2606_DIV_22_4_S260_L002_R1_001,gen0,gen0,gen0
3019390_R_1987_DIV_22_1_S179_L002_R1_001,gen0,gen0,gen0
3019391_R_2596_DIV_22_1_S191_L002_R1_001,gen0,gen0,gen0
3019392_R_1572_DIV_22_4_S203_L002_R1_001,gen0,gen0,gen0
3019393_R_2082_DIV_22_6_S215_L002_R1_001,gen0,gen0,gen0
3019394_R_2596_DIV_22_6_S227_L002_R1_001,gen0,gen0,gen0
3019395_R_2859_DIV_22_1_S239_L002_R1_001,gen0,gen0,gen0
3019396_R_1133_DIV_22_2_S250_L002_R1_001,gen0,gen0,gen0
3019397_R_2420_DIV_22_1_S261_L002_R1_001,gen0,gen0,gen0
3019398_R_1987_DIV_22_2_S180_L002_R1_001,gen0,gen0,gen0
3019399_R_2302_DIV_22_2_S192_L002_R1_001,gen0,gen0,gen0
3019400_R_875_DIV_22_1_S204_L002_R1_001,gen0,gen0,gen0
3019401_R_2136_DIV_22_2_S216_L002_R1_001,gen0,gen0,gen0
3019402_R_2302_DIV_22_1_S228_L002_R1_001,gen0,gen0,gen0
3019404_R_1139_DIV_22_1_S251_L002_R1_001,gen0,gen0,gen0
3019405_R_1423_DIV_22_1_S262_L002_R1_001,gen0,gen0,gen0
3019406_R_1987_DIV_22_3_S181_L002_R1_001,gen0,gen0,gen0
3019407_R_2302_DIV_22_5_S193_L002_R1_001,gen0,gen0,gen0
3019408_R_875_DIV_22_2_S205_L002_R1_001,gen0,gen0,gen0
3019409_R_2136_DIV_22_3_S217_L002_R1_001,gen0,gen0,gen0
3019410_R_2302_DIV_22_3_S229_L002_R1_001,gen0,gen0,gen0
3019412_R_1139_DIV_22_5_S252_L002_R1_001,gen0,gen0,gen0
3019413_R_1423_DIV_22_2_S263_L002_R1_001,gen0,gen0,gen0
3019414_R_1987_DIV_22_4_S182_L002_R1_001,gen0,gen0,gen0
3019415_R_2413_DIV_22_1_S194_L002_R1_001,gen0,gen0,gen0
3019416_R_875_DIV_22_3_S206_L002_R1_001,gen0,gen0,gen0
3019417_R_2136_DIV_22_4_S218_L002_R1_001,gen0,gen0,gen0
3019418_R_2302_DIV_22_4_S230_L002_R1_001,gen0,gen0,gen0
3019420_R_18_DIV_22_1_S253_L002_R1_001,gen0,gen0,gen0
3019421_R_1423_DIV_22_4_S264_L002_R1_001,gen0,gen0,gen0
3019422_R_1987_DIV_22_5_S183_L002_R1_001,gen0,gen0,gen0
3019423_R_2413_DIV_22_2_S195_L002_R1_001,gen0,gen0,gen0
3019424_R_1850_DIV_22_1_S207_L002_R1_001,gen0,gen0,gen0
3019425_R_2136_DIV_22_5_S219_L002_R1_001,gen0,gen0,gen0
3019426_R_2302_DIV_22_6_S231_L002_R1_001,gen0,gen0,gen0
3019427_R_1090_DIV_22_1_S243_L002_R1_001,gen0,gen0,gen0
3019428_R_18_DIV_22_2_S254_L002_R1_001,gen0,gen0,gen0
3019429_R_253_DIV_22_2_S265_L002_R1_001,gen0,gen0,gen0
3019430_R_1987_DIV_22_6_S184_L002_R1_001,gen0,gen0,gen0
3019431_R_2413_DIV_22_3_S196_L002_R1_001,gen0,gen0,gen0
3019432_R_2743_DIV_22_2_S208_L002_R1_001,gen0,gen0,gen0
3019433_R_2136_DIV_22_6_S220_L002_R1_001,gen0,gen0,gen0
3019434_R_2413_DIV_22_5_S232_L002_R1_001,gen0,gen0,gen0
3019435_R_1090_DIV_22_6_S244_L002_R1_001,gen0,gen0,gen0
3019436_R_1850_DIV_22_2_S255_L002_R1_001,gen0,gen0,gen0
3019437_R_687_DIV_22_1_S266_L002_R1_001,gen0,gen0,gen0
3019438_R_2082_DIV_22_3_S185_L002_R1_001,gen0,gen0,gen0
3019439_R_2413_DIV_22_4_S197_L002_R1_001,gen0,gen0,gen0
3019440_R_2606_DIV_22_5_S209_L002_R1_001,gen0,gen0,gen0
3019441_R_2229_DIV_22_2_S221_L002_R1_001,gen0,gen0,gen0
3019442_R_2413_DIV_22_6_S233_L002_R1_001,gen0,gen0,gen0
3019443_R_1572_DIV_22_1_S245_L002_R1_001,gen0,gen0,gen0
3019444_R_1850_DIV_22_3_S256_L002_R1_001,gen0,gen0,gen0
3019445_R_779_DIV_22_3_S267_L002_R1_001,gen0,gen0,gen0
3019446_R_2082_DIV_22_5_S186_L002_R1_001,gen0,gen0,gen0
3019447_R_2863_DIV_22_4_S198_L002_R1_001,gen0,gen0,gen0
3019448_R_2581_DIV_22_1_S210_L002_R1_001,gen0,gen0,gen0
3019449_R_2229_DIV_22_3_S222_L002_R1_001,gen0,gen0,gen0
3019450_R_2863_DIV_22_1_S234_L002_R1_001,gen0,gen0,gen0
3019451_R_1572_DIV_22_2_S246_L002_R1_001,gen0,gen0,gen0
3019452_R_2743_DIV_22_4_S257_L002_R1_001,gen0,gen0,gen0
3019453_R_788_DIV_22_1_S268_L002_R1_001,gen0,gen0,gen0
3019454_R_2136_DIV_22_1_S187_L002_R1_001,gen0,gen0,gen0
3019455_R_1090_DIV_22_2_S199_L002_R1_001,gen0,gen0,gen0
3019456_R_1423_DIV_22_3_S211_L002_R1_001,gen0,gen0,gen0
3019457_R_2229_DIV_22_6_S223_L002_R1_001,gen0,gen0,gen0
3019458_R_2863_DIV_22_2_S235_L002_R1_001,gen0,gen0,gen0
3019462_R_687_DIV_22_5_S269_L002_R1_001,gen0,gen0,gen0
3019463_R_687_DIV_22_4_S280_L002_R1_001,gen0,gen0,gen0
3019464_R_783_DIV_22_5_S290_L002_R1_001,gen0,gen0,gen0
3019465_R_1001_DIV_22_5_S301_L002_R1_001,gen0,gen0,gen0
3019466_R_1091_DIV_22_5_S311_L002_R1_001,gen0,gen0,gen0
3019467_R_2434_DIV_22_5_S321_L002_R1_001,gen0,gen0,gen0
3019468_R_1213_DIV_22_6_S331_L002_R1_001,gen0,gen0,gen0
3019469_R_1429_DIV_22_1_S341_L002_R1_001,gen0,gen0,gen0
3019470_R_788_DIV_22_2_S270_L002_R1_001,gen0,gen0,gen0
3019472_R_783_DIV_22_6_S291_L002_R1_001,gen0,gen0,gen0
3019473_R_1001_DIV_22_6_S302_L002_R1_001,gen0,gen0,gen0
3019474_R_1091_DIV_22_6_S312_L002_R1_001,gen0,gen0,gen0
3019475_R_2434_DIV_22_6_S322_L002_R1_001,gen0,gen0,gen0
3019476_R_1257_DIV_22_6_S332_L002_R1_001,gen0,gen0,gen0
3019477_R_1001_DIV_22_3_S342_L002_R1_001,gen0,gen0,gen0
3019478_R_788_DIV_22_4_S271_L002_R1_001,gen0,gen0,gen0
3019479_R_687_DIV_22_6_S281_L002_R1_001,gen0,gen0,gen0
3019480_R_864_DIV_22_1_S292_L002_R1_001,gen0,gen0,gen0
3019481_R_1022_DIV_22_1_S303_L002_R1_001,gen0,gen0,gen0
3019482_R_1112_DIV_22_1_S313_L002_R1_001,gen0,gen0,gen0
3019483_R_2449_DIV_22_1_S323_L002_R1_001,gen0,gen0,gen0
3019484_R_1384_DIV_22_6_S333_L002_R1_001,gen0,gen0,gen0
3019485_R_1091_DIV_22_3_S343_L002_R1_001,gen0,gen0,gen0
3019486_R_788_DIV_22_5_S272_L002_R1_001,gen0,gen0,gen0
3019487_R_779_DIV_22_1_S282_L002_R1_001,gen0,gen0,gen0
3019488_R_864_DIV_22_2_S293_L002_R1_001,gen0,gen0,gen0
3019489_R_1022_DIV_22_2_S304_L002_R1_001,gen0,gen0,gen0
3019490_R_1112_DIV_22_2_S314_L002_R1_001,gen0,gen0,gen0
3019491_R_2449_DIV_22_2_S324_L002_R1_001,gen0,gen0,gen0
3019492_R_1450_DIV_22_6_S334_L002_R1_001,gen0,gen0,gen0
3019493_R_2434_DIV_22_3_S344_L002_R1_001,gen0,gen0,gen0
3019494_R_788_DIV_22_6_S273_L002_R1_001,gen0,gen0,gen0
3019495_R_779_DIV_22_2_S283_L002_R1_001,gen0,gen0,gen0
3019496_R_864_DIV_22_3_S294_L002_R1_001,gen0,gen0,gen0
3019497_R_1022_DIV_22_3_S305_L002_R1_001,gen0,gen0,gen0
3019498_R_1112_DIV_22_3_S315_L002_R1_001,gen0,gen0,gen0
3019499_R_2449_DIV_22_3_S325_L002_R1_001,gen0,gen0,gen0
3019500_R_1890_DIV_22_5_S335_L002_R1_001,gen0,gen0,gen0
3019501_R_1112_DIV_22_5_S345_L002_R1_001,gen0,gen0,gen0
3019502_R_253_DIV_22_1_S274_L002_R1_001,gen0,gen0,gen0
3019503_R_779_DIV_22_4_S284_L002_R1_001,gen0,gen0,gen0
3019504_R_864_DIV_22_4_S295_L002_R1_001,gen0,gen0,gen0
3019505_R_1022_DIV_22_4_S306_L002_R1_001,gen0,gen0,gen0
3019506_R_1112_DIV_22_4_S316_L002_R1_001,gen0,gen0,gen0
3019507_R_2449_DIV_22_4_S326_L002_R1_001,gen0,gen0,gen0
3019508_R_1972_DIV_22_4_S336_L002_R1_001,gen0,gen0,gen0
3019509_R_687_DIV_22_3_S346_L002_R1_001,gen0,gen0,gen0
3019510_R_253_DIV_22_3_S275_L002_R1_001,gen0,gen0,gen0
3019511_R_779_DIV_22_5_S285_L002_R1_001,gen0,gen0,gen0
3019512_R_864_DIV_22_5_S296_L002_R1_001,gen0,gen0,gen0
3019513_R_1022_DIV_22_5_S307_L002_R1_001,gen0,gen0,gen0
3019514_R_1112_DIV_22_5_S317_L002_R1_001,gen0,gen0,gen0
3019515_R_2449_DIV_22_5_S327_L002_R1_001,gen0,gen0,gen0
3019516_R_1148_DIV_22_1_S337_L002_R1_001,gen0,gen0,gen0
3019517_R_783_DIV_22_4_S347_L002_R1_001,gen0,gen0,gen0
3019518_R_253_DIV_22_4_S276_L002_R1_001,gen0,gen0,gen0
3019519_R_779_DIV_22_6_S286_L002_R1_001,gen0,gen0,gen0
3019520_R_864_DIV_22_6_S297_L002_R1_001,gen0,gen0,gen0
3019521_R_1022_DIV_22_6_S308_L002_R1_001,gen0,gen0,gen0
3019522_R_1112_DIV_22_6_S318_L002_R1_001,gen0,gen0,gen0
3019523_R_2449_DIV_22_6_S328_L002_R1_001,gen0,gen0,gen0
3019524_R_1201_DIV_22_1_S338_L002_R1_001,gen0,gen0,gen0
3019525_R_1001_DIV_22_4_S348_L002_R1_001,gen0,gen0,gen0
3019526_R_253_DIV_22_5_S277_L002_R1_001,gen0,gen0,gen0
3019527_R_783_DIV_22_1_S287_L002_R1_001,gen0,gen0,gen0
3019528_R_1001_DIV_22_1_S298_L002_R1_001,gen0,gen0,gen0
3019529_R_1091_DIV_22_1_S309_L002_R1_001,gen0,gen0,gen0
3019530_R_2434_DIV_22_1_S319_L002_R1_001,gen0,gen0,gen0
3019531_R_1084_DIV_22_4_S329_L002_R1_001,gen0,gen0,gen0
3019532_R_1248_DIV_22_1_S339_L002_R1_001,gen0,gen0,gen0
3019533_R_1091_DIV_22_4_S349_L002_R1_001,gen0,gen0,gen0
3019534_R_253_DIV_22_6_S278_L002_R1_001,gen0,gen0,gen0
3019535_R_783_DIV_22_2_S288_L002_R1_001,gen0,gen0,gen0
3019536_R_1001_DIV_22_2_S299_L002_R1_001,gen0,gen0,gen0
3019537_R_1091_DIV_22_2_S310_L002_R1_001,gen0,gen0,gen0
3019538_R_2434_DIV_22_2_S320_L002_R1_001,gen0,gen0,gen0
3019539_R_1185_DIV_22_4_S330_L002_R1_001,gen0,gen0,gen0
3019540_R_1319_DIV_22_1_S340_L002_R1_001,gen0,gen0,gen0
3019541_R_2434_DIV_22_4_S350_L002_R1_001,gen0,gen0,gen0
3019542_R_687_DIV_22_2_S279_L002_R1_001,gen0,gen0,gen0
3019543_R_783_DIV_22_3_S289_L002_R1_001,gen0,gen0,gen0
3234905_NF_EG_23_1_S1_L001_R1_001_trim,gen1,gen1_ND,ND
3234906_NF_EG_23_14_S13_L001_R1_001_trim,gen1,gen1_ND,ND
3234907_NF_EG_23_27_S25_L001_R1_001_trim,gen1,gen1_ND,ND
3234908_NF_EG_23_39_S37_L001_R1_001_trim,gen1,gen1_ND,ND
3234909_NF_EG_23_53_S48_L001_R1_001_trim,gen1,gen1_ND,ND
3234910_NF_EG_23_77_S60_L001_R1_001_trim,gen1,gen1_ND,ND
3234911_NF_EG_23_93_S72_L001_R1_001_trim,gen1,gen1_ND,ND
3234912_NF_EG_23_105_S83_L001_R1_001_trim,gen1,gen1_ND,ND
3234913_NF_EG_23_2_S2_L001_R1_001_trim,gen1,gen1_ND,ND
3234914_NF_EG_23_15_S14_L001_R1_001_trim,gen1,gen1_ND,ND
3234915_NF_EG_23_28_S26_L001_R1_001_trim,gen1,gen1_ND,ND
3234916_NF_EG_23_40_S38_L001_R1_001_trim,gen1,gen1_ND,ND
3234917_NF_EG_23_56_S49_L001_R1_001_trim,gen1,gen1_ND,ND
3234918_NF_EG_23_78_S61_L001_R1_001_trim,gen1,gen1_ND,ND
3234919_NF_EG_23_94_S73_L001_R1_001_trim,gen1,gen1_ND,ND
3234920_NF_EG_23_106_S84_L001_R1_001_trim,gen1,gen1_ND,ND
3234921_NF_EG_23_3_S3_L001_R1_001_trim,gen1,gen1_ND,ND
3234922_NF_EG_23_16_S15_L001_R1_001_trim,gen1,gen1_ND,ND
3234923_NF_EG_23_29_S27_L001_R1_001_trim,gen1,gen1_ND,ND
3234924_NF_EG_23_41_S39_L001_R1_001_trim,gen1,gen1_ND,ND
3234925_NF_EG_23_58_S50_L001_R1_001_trim,gen1,gen1_ND,ND
3234926_NF_EG_23_79_S62_L001_R1_001_trim,gen1,gen1_ND,ND
3234927_NF_EG_23_95_S74_L001_R1_001_trim,gen1,gen1_ND,ND
3234928_NF_EG_23_107_S85_L001_R1_001_trim,gen1,gen1_ND,ND
3234929_NF_EG_23_4_S4_L001_R1_001_trim,gen1,gen1_ND,ND
3234930_NF_EG_23_17_S16_L001_R1_001_trim,gen1,gen1_ND,ND
3234931_NF_EG_23_30_S28_L001_R1_001_trim,gen1,gen1_ND,ND
3234932_NF_EG_23_43_S40_L001_R1_001_trim,gen1,gen1_ND,ND
3234933_NF_EG_23_59_S51_L001_R1_001_trim,gen1,gen1_ND,ND
3234934_NF_EG_23_82_S63_L001_R1_001_trim,gen1,gen1_ND,ND
3234935_NF_EG_23_96_S75_L001_R1_001_trim,gen1,gen1_ND,ND
3234936_NF_EG_23_108_S86_L001_R1_001_trim,gen1,gen1_ND,ND
3234937_NF_EG_23_5_S5_L001_R1_001_trim,gen1,gen1_ND,ND
3234938_NF_EG_23_18_S17_L001_R1_001_trim,gen1,gen1_ND,ND
3234939_NF_EG_23_31_S29_L001_R1_001_trim,gen1,gen1_ND,ND
3234940_NF_EG_23_44_S41_L001_R1_001_trim,gen1,gen1_ND,ND
3234941_NF_EG_23_60_S52_L001_R1_001_trim,gen1,gen1_ND,ND
3234942_NF_EG_23_83_S64_L001_R1_001_trim,gen1,gen1_ND,ND
3234943_NF_EG_23_97_S76_L001_R1_001_trim,gen1,gen1_ND,ND
3234944_NF_EG_23_109_S87_L001_R1_001_trim,gen1,gen1_ND,ND
3234945_NF_EG_23_6_S6_L001_R1_001_trim,gen1,gen1_ND,ND
3234946_NF_EG_23_19_S18_L001_R1_001_trim,gen1,gen1_ND,ND
3234947_NF_EG_23_32_S30_L001_R1_001_trim,gen1,gen1_ND,ND
3234948_NF_EG_23_45_S42_L001_R1_001_trim,gen1,gen1_ND,ND
3234949_NF_EG_23_62_S53_L001_R1_001_trim,gen1,gen1_ND,ND
3234950_NF_EG_23_84_S65_L001_R1_001_trim,gen1,gen1_ND,ND
3234951_NF_EG_23_98_S77_L001_R1_001_trim,gen1,gen1_ND,ND
3234952_NF_EG_23_110_S88_L001_R1_001_trim,gen1,gen1_ND,ND
3234953_NF_EG_23_7_S7_L001_R1_001_trim,gen1,gen1_ND,ND
3234954_NF_EG_23_20_S19_L001_R1_001_trim,gen1,gen1_ND,ND
3234955_NF_EG_23_33_S31_L001_R1_001_trim,gen1,gen1_ND,ND
3234957_NF_EG_23_64_S54_L001_R1_001_trim,gen1,gen1_ND,ND
3234958_NF_EG_23_85_S66_L001_R1_001_trim,gen1,gen1_ND,ND
3234959_NF_EG_23_99_S78_L001_R1_001_trim,gen1,gen1_ND,ND
3234960_NF_EG_23_111_S89_L001_R1_001_trim,gen1,gen1_ND,ND
3234961_NF_EG_23_8_S8_L001_R1_001_trim,gen1,gen1_ND,ND
3234962_NF_EG_23_22_S20_L001_R1_001_trim,gen1,gen1_ND,ND
3234963_NF_EG_23_34_S32_L001_R1_001_trim,gen1,gen1_ND,ND
3234964_NF_EG_23_47_S43_L001_R1_001_trim,gen1,gen1_ND,ND
3234965_NF_EG_23_66_S55_L001_R1_001_trim,gen1,gen1_ND,ND
3234966_NF_EG_23_86_S67_L001_R1_001_trim,gen1,gen1_ND,ND
3234967_NF_EG_23_100_S79_L001_R1_001_trim,gen1,gen1_ND,ND
3234968_NF_EG_23_112_S90_L001_R1_001_trim,gen1,gen1_ND,ND
3234969_NF_EG_23_9_S9_L001_R1_001_trim,gen1,gen1_ND,ND
3234970_NF_EG_23_23_S21_L001_R1_001_trim,gen1,gen1_ND,ND
3234971_NF_EG_23_35_S33_L001_R1_001_trim,gen1,gen1_ND,ND
3234972_NF_EG_23_48_S44_L001_R1_001_trim,gen1,gen1_ND,ND
3234973_NF_EG_23_70_S56_L001_R1_001_trim,gen1,gen1_ND,ND
3234974_NF_EG_23_88_S68_L001_R1_001_trim,gen1,gen1_ND,ND
3234975_NF_EG_23_101_S80_L001_R1_001_trim,gen1,gen1_ND,ND
3234976_NF_EG_23_113_S91_L001_R1_001_trim,gen1,gen1_ND,ND
3234977_NF_EG_23_10_S10_L001_R1_001_trim,gen1,gen1_ND,ND
3234978_NF_EG_23_24_S22_L001_R1_001_trim,gen1,gen1_ND,ND
3234979_NF_EG_23_36_S34_L001_R1_001_trim,gen1,gen1_ND,ND
3234980_NF_EG_23_49_S45_L001_R1_001_trim,gen1,gen1_ND,ND
3234981_NF_EG_23_72_S57_L001_R1_001_trim,gen1,gen1_ND,ND
3234982_NF_EG_23_89_S69_L001_R1_001_trim,gen1,gen1_ND,ND
3234983_NF_EG_23_102_S81_L001_R1_001_trim,gen1,gen1_ND,ND
3234984_NF_EG_23_114_S92_L001_R1_001_trim,gen1,gen1_ND,ND
3234985_NF_EG_23_12_S11_L001_R1_001_trim,gen1,gen1_ND,ND
3234986_NF_EG_23_25_S23_L001_R1_001_trim,gen1,gen1_ND,ND
3234987_NF_EG_23_37_S35_L001_R1_001_trim,gen1,gen1_ND,ND
3234988_NF_EG_23_50_S46_L001_R1_001_trim,gen1,gen1_ND,ND
3234989_NF_EG_23_73_S58_L001_R1_001_trim,gen1,gen1_ND,ND
3234990_NF_EG_23_90_S70_L001_R1_001_trim,gen1,gen1_ND,ND
3234991_NF_EG_23_103_S82_L001_R1_001_trim,gen1,gen1_ND,ND
3234992_NF_EG_23_115_S93_L001_R1_001_trim,gen1,gen1_ND,ND
3234993_NF_EG_23_13_S12_L001_R1_001_trim,gen1,gen1_ND,ND
3234994_NF_EG_23_26_S24_L001_R1_001_trim,gen1,gen1_ND,ND
3234995_NF_EG_23_38_S36_L001_R1_001_trim,gen1,gen1_ND,ND
3234996_NF_EG_23_51_S47_L001_R1_001_trim,gen1,gen1_ND,ND
3234997_NF_EG_23_76_S59_L001_R1_001_trim,gen1,gen1_ND,ND
3235001_NF_EG_23_117_S94_L001_R1_001_trim,gen1,gen1_ND,ND
3235002_NF_EG_23_129_S106_L001_R1_001_trim,gen1,gen1_ND,ND
3235003_NF_EG_23_141_S117_L001_R1_001_trim,gen1,gen1_ND,ND
3235004_NF_EG_23_153_S129_L001_R1_001_trim,gen1,gen1_ND,ND
3235005_NF_EG_23_166_S141_L001_R1_001_trim,gen1,gen1_ND,ND
3235006_NF_EG_23_179_S153_L001_R1_001_trim,gen1,gen1_ND,ND
3235007_NF_EG_23_191_S165_L001_R1_001_trim,gen1,gen1_ND,ND
3235008_NF_EG_23_295_S176_L001_R1_001_trim,gen1,gen1_ND,ND
3235009_NF_EG_23_118_S95_L001_R1_001_trim,gen1,gen1_ND,ND
3235010_NF_EG_23_130_S107_L001_R1_001_trim,gen1,gen1_ND,ND
3235011_NF_EG_23_142_S118_L001_R1_001_trim,gen1,gen1_ND,ND
3235012_NF_EG_23_154_S130_L001_R1_001_trim,gen1,gen1_ND,ND
3235013_NF_EG_23_168_S142_L001_R1_001_trim,gen1,gen1_ND,ND
3235014_NF_EG_23_180_S154_L001_R1_001_trim,gen1,gen1_ND,ND
3235015_NF_EG_23_192_S166_L001_R1_001_trim,gen1,gen1_ND,ND
3235016_NF_EG_23_296_S177_L001_R1_001_trim,gen1,gen1_ND,ND
3235017_NF_EG_23_119_S96_L001_R1_001_trim,gen1,gen1_ND,ND
3235018_NF_EG_23_131_S108_L001_R1_001_trim,gen1,gen1_ND,ND
3235019_NF_EG_23_143_S119_L001_R1_001_trim,gen1,gen1_ND,ND
3235020_NF_EG_23_156_S131_L001_R1_001_trim,gen1,gen1_ND,ND
3235021_NF_EG_23_169_S143_L001_R1_001_trim,gen1,gen1_ND,ND
3235022_NF_EG_23_181_S155_L001_R1_001_trim,gen1,gen1_ND,ND
3235023_NF_EG_23_260_S167_L001_R1_001_trim,gen1,gen1_ND,ND
3235024_NF_EG_23_297_S178_L001_R1_001_trim,gen1,gen1_ND,ND
3235025_NF_EG_23_120_S97_L001_R1_001_trim,gen1,gen1_ND,ND
3235027_NF_EG_23_144_S120_L001_R1_001_trim,gen1,gen1_ND,ND
3235028_NF_EG_23_157_S132_L001_R1_001_trim,gen1,gen1_ND,ND
3235029_NF_EG_23_170_S144_L001_R1_001_trim,gen1,gen1_ND,ND
3235030_NF_EG_23_155_S156_L001_R1_001_trim,gen1,gen1_ND,ND
3235031_NF_EG_23_265_S168_L001_R1_001_trim,gen1,gen1_ND,ND
3235032_NF_EG_23_299_S179_L001_R1_001_trim,gen1,gen1_ND,ND
3235033_NF_EG_23_121_S98_L001_R1_001_trim,gen1,gen1_ND,ND
3235034_NF_EG_23_133_S109_L001_R1_001_trim,gen1,gen1_ND,ND
3235035_NF_EG_23_145_S121_L001_R1_001_trim,gen1,gen1_ND,ND
3235036_NF_EG_23_158_S133_L001_R1_001_trim,gen1,gen1_ND,ND
3235037_NF_EG_23_171_S145_L001_R1_001_trim,gen1,gen1_ND,ND
3235038_NF_EG_23_183_S157_L001_R1_001_trim,gen1,gen1_ND,ND
3235039_NF_EG_23_284_S169_L001_R1_001_trim,gen1,gen1_ND,ND
3235040_NF_EG_23_300_S180_L001_R1_001_trim,gen1,gen1_ND,ND
3235041_NF_EG_23_122_S99_L001_R1_001_trim,gen1,gen1_ND,ND
3235042_NF_EG_23_134_S110_L001_R1_001_trim,gen1,gen1_ND,ND
3235043_NF_EG_23_146_S122_L001_R1_001_trim,gen1,gen1_ND,ND
3235044_NF_EG_23_159_S134_L001_R1_001_trim,gen1,gen1_ND,ND
3235045_NF_EG_23_172_S146_L001_R1_001_trim,gen1,gen1_ND,ND
3235046_NF_EG_23_184_S158_L001_R1_001_trim,gen1,gen1_ND,ND
3235047_NF_EG_23_285_S170_L001_R1_001_trim,gen1,gen1_ND,ND
3235048_NF_EG_23_301_S181_L001_R1_001_trim,gen1,gen1_ND,ND
3235049_NF_EG_23_123_S100_L001_R1_001_trim,gen1,gen1_ND,ND
3235050_NF_EG_23_135_S111_L001_R1_001_trim,gen1,gen1_ND,ND
3235051_NF_EG_23_147_S123_L001_R1_001_trim,gen1,gen1_ND,ND
3235052_NF_EG_23_160_S135_L001_R1_001_trim,gen1,gen1_ND,ND
3235053_NF_EG_23_173_S147_L001_R1_001_trim,gen1,gen1_ND,ND
3235054_NF_EG_23_185_S159_L001_R1_001_trim,gen1,gen1_ND,ND
3235055_NF_EG_23_289_S171_L001_R1_001_trim,gen1,gen1_ND,ND
3235056_NF_EG_23_302_S182_L001_R1_001_trim,gen1,gen1_ND,ND
3235057_NF_EG_23_124_S101_L001_R1_001_trim,gen1,gen1_ND,ND
3235058_NF_EG_23_136_S112_L001_R1_001_trim,gen1,gen1_ND,ND
3235059_NF_EG_23_148_S124_L001_R1_001_trim,gen1,gen1_ND,ND
3235060_NF_EG_23_161_S136_L001_R1_001_trim,gen1,gen1_ND,ND
3235061_NF_EG_23_190_S148_L001_R1_001_trim,gen1,gen1_ND,ND
3235062_NF_EG_23_186_S160_L001_R1_001_trim,gen1,gen1_ND,ND
3235063_NF_EG_23_290_S172_L001_R1_001_trim,gen1,gen1_ND,ND
3235064_NF_EG_23_303_S183_L001_R1_001_trim,gen1,gen1_ND,ND
3235065_NF_EG_23_125_S102_L001_R1_001_trim,gen1,gen1_ND,ND
3235066_NF_EG_23_137_S113_L001_R1_001_trim,gen1,gen1_ND,ND
3235067_NF_EG_23_149_S125_L001_R1_001_trim,gen1,gen1_ND,ND
3235068_NF_EG_23_162_S137_L001_R1_001_trim,gen1,gen1_ND,ND
3235069_NF_EG_23_175_S149_L001_R1_001_trim,gen1,gen1_ND,ND
3235070_NF_EG_23_187_S161_L001_R1_001_trim,gen1,gen1_ND,ND
3235071_NF_EG_23_291_S173_L001_R1_001_trim,gen1,gen1_ND,ND
3235072_NF_EG_23_304_S184_L001_R1_001_trim,gen1,gen1_ND,ND
3235073_NF_EG_23_126_S103_L001_R1_001_trim,gen1,gen1_ND,ND
3235074_NF_EG_23_138_S114_L001_R1_001_trim,gen1,gen1_ND,ND
3235075_NF_EG_23_150_S126_L001_R1_001_trim,gen1,gen1_ND,ND
3235076_NF_EG_23_163_S138_L001_R1_001_trim,gen1,gen1_ND,ND
3235077_NF_EG_23_176_S150_L001_R1_001_trim,gen1,gen1_ND,ND
3235078_NF_EG_23_188_S162_L001_R1_001_trim,gen1,gen1_ND,ND
3235079_NF_EG_23_292_S174_L001_R1_001_trim,gen1,gen1_ND,ND
3235080_NF_EG_23_305_S185_L001_R1_001_trim,gen1,gen1_ND,ND
3235081_NF_EG_23_127_S104_L001_R1_001_trim,gen1,gen1_ND,ND
3235082_NF_EG_23_139_S115_L001_R1_001_trim,gen1,gen1_ND,ND
3235083_NF_EG_23_151_S127_L001_R1_001_trim,gen1,gen1_ND,ND
3235084_NF_EG_23_164_S139_L001_R1_001_trim,gen1,gen1_ND,ND
3235085_NF_EG_23_177_S151_L001_R1_001_trim,gen1,gen1_ND,ND
3235086_NF_EG_23_189_S163_L001_R1_001_trim,gen1,gen1_ND,ND
3235087_NF_EG_23_293_S175_L001_R1_001_trim,gen1,gen1_ND,ND
3235088_NF_EG_23_306_S186_L001_R1_001_trim,gen1,gen1_ND,ND
3235089_NF_EG_23_128_S105_L001_R1_001_trim,gen1,gen1_ND,ND
3235090_NF_EG_23_140_S116_L001_R1_001_trim,gen1,gen1_ND,ND
3235091_NF_EG_23_152_S128_L001_R1_001_trim,gen1,gen1_ND,ND
3235092_NF_EG_23_165_S140_L001_R1_001_trim,gen1,gen1_ND,ND
3235093_NF_EG_23_178_S152_L001_R1_001_trim,gen1,gen1_ND,ND
3235617_NF_EG_23_408_S187_L002_R1_001_trim,gen1,gen1_ND,ND
3235618_NF_EG_23_420_S199_L002_R1_001_trim,gen1,gen1_ND,ND
3235619_NF_EG_23_432_S211_L002_R1_001_trim,gen1,gen1_ND,ND
3235620_NF_EG_23_444_S223_L002_R1_001_trim,gen1,gen1_ND,ND
3235621_NF_EG_23_457_S234_L002_R1_001_trim,gen1,gen1_ND,ND
3235622_NF_EG_23_469_S246_L002_R1_001_trim,gen1,gen1_ND,ND
3235625_NF_EG_23_409_S188_L002_R1_001_trim,gen1,gen1_ND,ND
3235626_NF_EG_23_421_S200_L002_R1_001_trim,gen1,gen1_ND,ND
3235627_NF_EG_23_433_S212_L002_R1_001_trim,gen1,gen1_ND,ND
3235629_NF_EG_23_458_S235_L002_R1_001_trim,gen1,gen1_ND,ND
3235630_NF_EG_23_470_S247_L002_R1_001_trim,gen1,gen1_ND,ND
3235633_NF_EG_23_410_S189_L002_R1_001_trim,gen1,gen1_ND,ND
3235634_NF_EG_23_422_S201_L002_R1_001_trim,gen1,gen1_ND,ND
3235635_NF_EG_23_434_S213_L002_R1_001_trim,gen1,gen1_ND,ND
3235636_NF_EG_23_447_S224_L002_R1_001_trim,gen1,gen1_ND,ND
3235637_NF_EG_23_459_S236_L002_R1_001_trim,gen1,gen1_ND,ND
3235638_NF_EG_23_471_S248_L002_R1_001_trim,gen1,gen1_ND,ND
3235641_NF_EG_23_411_S190_L002_R1_001_trim,gen1,gen1_ND,ND
3235642_NF_EG_23_423_S202_L002_R1_001_trim,gen1,gen1_ND,ND
3235643_NF_EG_23_435_S214_L002_R1_001_trim,gen1,gen1_ND,ND
3235644_NF_EG_23_448_S225_L002_R1_001_trim,gen1,gen1_ND,ND
3235645_NF_EG_23_460_S237_L002_R1_001_trim,gen1,gen1_ND,ND
3235646_NF_EG_23_472_S249_L002_R1_001_trim,gen1,gen1_ND,ND
3235649_NF_EG_23_412_S191_L002_R1_001_trim,gen1,gen1_ND,ND
3235650_NF_EG_23_424_S203_L002_R1_001_trim,gen1,gen1_ND,ND
3235651_NF_EG_23_436_S215_L002_R1_001_trim,gen1,gen1_ND,ND
3235652_NF_EG_23_449_S226_L002_R1_001_trim,gen1,gen1_ND,ND
3235653_NF_EG_23_461_S238_L002_R1_001_trim,gen1,gen1_ND,ND
3235654_NF_EG_23_473_S250_L002_R1_001_trim,gen1,gen1_ND,ND
3235657_NF_EG_23_413_S192_L002_R1_001_trim,gen1,gen1_ND,ND
3235658_NF_EG_23_425_S204_L002_R1_001_trim,gen1,gen1_ND,ND
3235659_NF_EG_23_437_S216_L002_R1_001_trim,gen1,gen1_ND,ND
3235660_NF_EG_23_450_S227_L002_R1_001_trim,gen1,gen1_ND,ND
3235661_NF_EG_23_462_S239_L002_R1_001_trim,gen1,gen1_ND,ND
3235662_NF_EG_23_474_S251_L002_R1_001_trim,gen1,gen1_ND,ND
3235665_NF_EG_23_414_S193_L002_R1_001_trim,gen1,gen1_ND,ND
3235666_NF_EG_23_426_S205_L002_R1_001_trim,gen1,gen1_ND,ND
3235667_NF_EG_23_438_S217_L002_R1_001_trim,gen1,gen1_ND,ND
3235668_NF_EG_23_451_S228_L002_R1_001_trim,gen1,gen1_ND,ND
3235669_NF_EG_23_463_S240_L002_R1_001_trim,gen1,gen1_ND,ND
3235670_NF_EG_23_475_S252_L002_R1_001_trim,gen1,gen1_ND,ND
3235673_NF_EG_23_415_S194_L002_R1_001_trim,gen1,gen1_ND,ND
3235674_NF_EG_23_427_S206_L002_R1_001_trim,gen1,gen1_ND,ND
3235675_NF_EG_23_439_S218_L002_R1_001_trim,gen1,gen1_ND,ND
3235676_NF_EG_23_452_S229_L002_R1_001_trim,gen1,gen1_ND,ND
3235677_NF_EG_23_464_S241_L002_R1_001_trim,gen1,gen1_ND,ND
3235678_NF_EG_23_476_S253_L002_R1_001_trim,gen1,gen1_ND,ND
3235681_NF_EG_23_416_S195_L002_R1_001_trim,gen1,gen1_ND,ND
3235682_NF_EG_23_428_S207_L002_R1_001_trim,gen1,gen1_ND,ND
3235683_NF_EG_23_440_S219_L002_R1_001_trim,gen1,gen1_ND,ND
3235684_NF_EG_23_453_S230_L002_R1_001_trim,gen1,gen1_ND,ND
3235685_NF_EG_23_465_S242_L002_R1_001_trim,gen1,gen1_ND,ND
3235686_NF_EG_23_477_S254_L002_R1_001_trim,gen1,gen1_ND,ND
3235689_NF_EG_23_417_S196_L002_R1_001_trim,gen1,gen1_ND,ND
3235690_NF_EG_23_429_S208_L002_R1_001_trim,gen1,gen1_ND,ND
3235691_NF_EG_23_441_S220_L002_R1_001_trim,gen1,gen1_ND,ND
3235692_NF_EG_23_454_S231_L002_R1_001_trim,gen1,gen1_ND,ND
3235693_NF_EG_23_466_S243_L002_R1_001_trim,gen1,gen1_ND,ND
3235694_NF_EG_23_478_S255_L002_R1_001_trim,gen1,gen1_ND,ND
3235697_NF_EG_23_418_S197_L002_R1_001_trim,gen1,gen1_ND,ND
3235698_NF_EG_23_430_S209_L002_R1_001_trim,gen1,gen1_ND,ND
3235699_NF_EG_23_442_S221_L002_R1_001_trim,gen1,gen1_ND,ND
3235700_NF_EG_23_455_S232_L002_R1_001_trim,gen1,gen1_ND,ND
3235701_NF_EG_23_467_S244_L002_R1_001_trim,gen1,gen1_ND,ND
3235702_NF_EG_23_479_S256_L002_R1_001_trim,gen1,gen1_ND,ND
3235705_NF_EG_23_419_S198_L002_R1_001_trim,gen1,gen1_ND,ND
3235706_NF_EG_23_431_S210_L002_R1_001_trim,gen1,gen1_ND,ND
3235707_NF_EG_23_443_S222_L002_R1_001_trim,gen1,gen1_ND,ND
3235708_NF_EG_23_456_S233_L002_R1_001_trim,gen1,gen1_ND,ND
3235709_NF_EG_23_468_S245_L002_R1_001_trim,gen1,gen1_ND,ND
3235713_NF_EG_23_308_S280_L002_R1_001_trim,gen1,gen1_ND,ND
3235714_NF_EG_23_320_S292_L002_R1_001_trim,gen1,gen1_ND,ND
3235715_NF_EG_23_333_S304_L002_R1_001_trim,gen1,gen1_ND,ND
3235716_NF_EG_23_345_S316_L002_R1_001_trim,gen1,gen1_ND,ND
3235717_NF_EG_23_358_S328_L002_R1_001_trim,gen1,gen1_ND,ND
3235718_NF_EG_23_370_S340_L002_R1_001_trim,gen1,gen1_ND,ND
3235719_NF_EG_23_382_S352_L002_R1_001_trim,gen1,gen1_ND,ND
3235720_NF_EG_23_395_S363_L002_R1_001_trim,gen1,gen1_ND,ND
3235721_NF_EG_23_309_S281_L002_R1_001_trim,gen1,gen1_ND,ND
3235722_NF_EG_23_322_S293_L002_R1_001_trim,gen1,gen1_ND,ND
3235723_NF_EG_23_334_S305_L002_R1_001_trim,gen1,gen1_ND,ND
3235724_NF_EG_23_346_S317_L002_R1_001_trim,gen1,gen1_ND,ND
3235725_NF_EG_23_359_S329_L002_R1_001_trim,gen1,gen1_ND,ND
3235726_NF_EG_23_371_S341_L002_R1_001_trim,gen1,gen1_ND,ND
3235727_NF_EG_23_383_S353_L002_R1_001_trim,gen1,gen1_ND,ND
3235728_NF_EG_23_396_S364_L002_R1_001_trim,gen1,gen1_ND,ND
3235729_NF_EG_23_310_S282_L002_R1_001_trim,gen1,gen1_ND,ND
3235730_NF_EG_23_323_S294_L002_R1_001_trim,gen1,gen1_ND,ND
3235731_NF_EG_23_335_S306_L002_R1_001_trim,gen1,gen1_ND,ND
3235732_NF_EG_23_347_S318_L002_R1_001_trim,gen1,gen1_ND,ND
3235733_NF_EG_23_360_S330_L002_R1_001_trim,gen1,gen1_ND,ND
3235734_NF_EG_23_372_S342_L002_R1_001_trim,gen1,gen1_ND,ND
3235735_NF_EG_23_385_S354_L002_R1_001_trim,gen1,gen1_ND,ND
3235737_NF_EG_23_311_S283_L002_R1_001_trim,gen1,gen1_ND,ND
3235738_NF_EG_23_324_S295_L002_R1_001_trim,gen1,gen1_ND,ND
3235739_NF_EG_23_336_S307_L002_R1_001_trim,gen1,gen1_ND,ND
3235740_NF_EG_23_348_S319_L002_R1_001_trim,gen1,gen1_ND,ND
3235741_NF_EG_23_361_S331_L002_R1_001_trim,gen1,gen1_ND,ND
3235742_NF_EG_23_373_S343_L002_R1_001_trim,gen1,gen1_ND,ND
3235743_NF_EG_23_386_S355_L002_R1_001_trim,gen1,gen1_ND,ND
3235744_NF_EG_23_398_S365_L002_R1_001_trim,gen1,gen1_ND,ND
3235745_NF_EG_23_312_S284_L002_R1_001_trim,gen1,gen1_ND,ND
3235746_NF_EG_23_325_S296_L002_R1_001_trim,gen1,gen1_ND,ND
3235747_NF_EG_23_337_S308_L002_R1_001_trim,gen1,gen1_ND,ND
3235748_NF_EG_23_349_S320_L002_R1_001_trim,gen1,gen1_ND,ND
3235749_NF_EG_23_362_S332_L002_R1_001_trim,gen1,gen1_ND,ND
3235750_NF_EG_23_374_S344_L002_R1_001_trim,gen1,gen1_ND,ND
3235751_NF_EG_23_387_S356_L002_R1_001_trim,gen1,gen1_ND,ND
3235752_NF_EG_23_399_S366_L002_R1_001_trim,gen1,gen1_ND,ND
3235753_NF_EG_23_313_S285_L002_R1_001_trim,gen1,gen1_ND,ND
3235754_NF_EG_23_326_S297_L002_R1_001_trim,gen1,gen1_ND,ND
3235755_NF_EG_23_338_S309_L002_R1_001_trim,gen1,gen1_ND,ND
3235756_NF_EG_23_350_S321_L002_R1_001_trim,gen1,gen1_ND,ND
3235757_NF_EG_23_363_S333_L002_R1_001_trim,gen1,gen1_ND,ND
3235758_NF_EG_23_375_S345_L002_R1_001_trim,gen1,gen1_ND,ND
3235759_NF_EG_23_388_S357_L002_R1_001_trim,gen1,gen1_ND,ND
3235760_NF_EG_23_400_S367_L002_R1_001_trim,gen1,gen1_ND,ND
3235761_NF_EG_23_314_S286_L002_R1_001_trim,gen1,gen1_ND,ND
3235762_NF_EG_23_327_S298_L002_R1_001_trim,gen1,gen1_ND,ND
3235763_NF_EG_23_339_S310_L002_R1_001_trim,gen1,gen1_ND,ND
3235764_NF_EG_23_351_S322_L002_R1_001_trim,gen1,gen1_ND,ND
3235765_NF_EG_23_364_S334_L002_R1_001_trim,gen1,gen1_ND,ND
3235766_NF_EG_23_376_S346_L002_R1_001_trim,gen1,gen1_ND,ND
3235767_NF_EG_23_389_S358_L002_R1_001_trim,gen1,gen1_ND,ND
3235768_NF_EG_23_401_S368_L002_R1_001_trim,gen1,gen1_ND,ND
3235769_NF_EG_23_315_S287_L002_R1_001_trim,gen1,gen1_ND,ND
3235770_NF_EG_23_328_S299_L002_R1_001_trim,gen1,gen1_ND,ND
3235771_NF_EG_23_340_S311_L002_R1_001_trim,gen1,gen1_ND,ND
3235772_NF_EG_23_352_S323_L002_R1_001_trim,gen1,gen1_ND,ND
3235773_NF_EG_23_365_S335_L002_R1_001_trim,gen1,gen1_ND,ND
3235774_NF_EG_23_377_S347_L002_R1_001_trim,gen1,gen1_ND,ND
3235775_NF_EG_23_390_S359_L002_R1_001_trim,gen1,gen1_ND,ND
3235776_NF_EG_23_402_S369_L002_R1_001_trim,gen1,gen1_ND,ND
3235777_NF_EG_23_316_S288_L002_R1_001_trim,gen1,gen1_ND,ND
3235778_NF_EG_23_329_S300_L002_R1_001_trim,gen1,gen1_ND,ND
3235779_NF_EG_23_341_S312_L002_R1_001_trim,gen1,gen1_ND,ND
3235780_NF_EG_23_353_S324_L002_R1_001_trim,gen1,gen1_ND,ND
3235781_NF_EG_23_366_S336_L002_R1_001_trim,gen1,gen1_ND,ND
3235782_NF_EG_23_378_S348_L002_R1_001_trim,gen1,gen1_ND,ND
3235783_NF_EG_23_391_S360_L002_R1_001_trim,gen1,gen1_ND,ND
3235784_NF_EG_23_403_S370_L002_R1_001_trim,gen1,gen1_ND,ND
3235785_NF_EG_23_317_S289_L002_R1_001_trim,gen1,gen1_ND,ND
3235786_NF_EG_23_330_S301_L002_R1_001_trim,gen1,gen1_ND,ND
3235787_NF_EG_23_342_S313_L002_R1_001_trim,gen1,gen1_ND,ND
3235788_NF_EG_23_354_S325_L002_R1_001_trim,gen1,gen1_ND,ND
3235789_NF_EG_23_367_S337_L002_R1_001_trim,gen1,gen1_ND,ND
3235790_NF_EG_23_379_S349_L002_R1_001_trim,gen1,gen1_ND,ND
3235791_NF_EG_23_392_S361_L002_R1_001_trim,gen1,gen1_ND,ND
3235792_NF_EG_23_404_S371_L002_R1_001_trim,gen1,gen1_ND,ND
3235793_NF_EG_23_318_S290_L002_R1_001_trim,gen1,gen1_ND,ND
3235794_NF_EG_23_331_S302_L002_R1_001_trim,gen1,gen1_ND,ND
3235795_NF_EG_23_343_S314_L002_R1_001_trim,gen1,gen1_ND,ND
3235796_NF_EG_23_356_S326_L002_R1_001_trim,gen1,gen1_ND,ND
3235797_NF_EG_23_368_S338_L002_R1_001_trim,gen1,gen1_ND,ND
3235798_NF_EG_23_380_S350_L002_R1_001_trim,gen1,gen1_ND,ND
3235799_NF_EG_23_393_S362_L002_R1_001_trim,gen1,gen1_ND,ND
3235800_NF_EG_23_405_S372_L002_R1_001_trim,gen1,gen1_ND,ND
3235801_NF_EG_23_319_S291_L002_R1_001_trim,gen1,gen1_ND,ND
3235802_NF_EG_23_332_S303_L002_R1_001_trim,gen1,gen1_ND,ND
3235803_NF_EG_23_344_S315_L002_R1_001_trim,gen1,gen1_ND,ND
3235804_NF_EG_23_357_S327_L002_R1_001_trim,gen1,gen1_ND,ND
3235805_NF_EG_23_369_S339_L002_R1_001_trim,gen1,gen1_ND,ND
3237257_NF_EG_23_91_S357_L002_R1_001_trim,gen1,gen1_ND,ND
3237258_NF_EG_23_480_S369_L002_R1_001_trim,gen1,gen1_ND,ND
3237265_NF_EG_23_446_S358_L002_R1_001_trim,gen1,gen1_ND,ND
3237273_NF_EG_23_116_S359_L002_R1_001_trim,gen1,gen1_ND,ND
3237281_NF_EG_23_132_S360_L002_R1_001_trim,gen1,gen1_ND,ND
3237289_NF_EG_23_167_S361_L002_R1_001_trim,gen1,gen1_ND,ND
3237297_NF_EG_23_294_S362_L002_R1_001_trim,gen1,gen1_ND,ND
3237305_NF_EG_23_307_S363_L002_R1_001_trim,gen1,gen1_ND,ND
3237313_NF_EG_23_381_S364_L002_R1_001_trim,gen1,gen1_ND,ND
3237321_NF_EG_23_394_S365_L002_R1_001_trim,gen1,gen1_ND,ND
3237329_NF_EG_23_397_S366_L002_R1_001_trim,gen1,gen1_ND,ND
3237336_NF_EG_23_46_S355_L002_R1_001_trim,gen1,gen1_ND,ND
3237337_NF_EG_23_407_S367_L002_R1_001_trim,gen1,gen1_ND,ND
3235623_NPK_EG_23_1_S258_L002_R1_001_trim,gen1,gen1_Control,Control
3235624_NPK_EG_23_26_S269_L002_R1_001_trim,gen1,gen1_Control,Control
3235631_NPK_EG_23_5_S259_L002_R1_001_trim,gen1,gen1_Control,Control
3235632_NPK_EG_23_27_S270_L002_R1_001_trim,gen1,gen1_Control,Control
3235639_NPK_EG_23_7_S260_L002_R1_001_trim,gen1,gen1_Control,Control
3235640_NPK_EG_23_29_S271_L002_R1_001_trim,gen1,gen1_Control,Control
3235647_NPK_EG_23_9_S261_L002_R1_001_trim,gen1,gen1_Control,Control
3235648_NPK_EG_23_31_S272_L002_R1_001_trim,gen1,gen1_Control,Control
3235655_NPK_EG_23_12_S262_L002_R1_001_trim,gen1,gen1_Control,Control
3235656_NPK_EG_23_32_S273_L002_R1_001_trim,gen1,gen1_Control,Control
3235663_NPK_EG_23_13_S263_L002_R1_001_trim,gen1,gen1_Control,Control
3235664_NPK_EG_23_33_S274_L002_R1_001_trim,gen1,gen1_Control,Control
3235671_NPK_EG_23_14_S264_L002_R1_001_trim,gen1,gen1_Control,Control
3235672_NPK_EG_23_34_S275_L002_R1_001_trim,gen1,gen1_Control,Control
3235679_NPK_EG_23_16_S265_L002_R1_001_trim,gen1,gen1_Control,Control
3235680_NPK_EG_23_35_S276_L002_R1_001_trim,gen1,gen1_Control,Control
3235687_NPK_EG_23_18_S266_L002_R1_001_trim,gen1,gen1_Control,Control
3235688_NPK_EG_23_37_S277_L002_R1_001_trim,gen1,gen1_Control,Control
3235695_NPK_EG_23_21_S267_L002_R1_001_trim,gen1,gen1_Control,Control
3235696_NPK_EG_23_39_S278_L002_R1_001_trim,gen1,gen1_Control,Control
3235703_NPK_EG_23_22_S268_L002_R1_001_trim,gen1,gen1_Control,Control
3235704_NPK_EG_23_41_S279_L002_R1_001_trim,gen1,gen1_Control,Control
3236963_NPK_EG_23_46_S1_L001_R1_001_trim,gen1,gen1_Control,Control
3236964_NPK_EG_23_60_S13_L001_R1_001_trim,gen1,gen1_Control,Control
3236965_NPK_EG_23_76_S25_L001_R1_001_trim,gen1,gen1_Control,Control
3236966_NPK_EG_23_89_S37_L001_R1_001_trim,gen1,gen1_Control,Control
3236967_NPK_EG_23_102_S49_L001_R1_001_trim,gen1,gen1_Control,Control
3236968_NPK_EG_23_118_S61_L001_R1_001_trim,gen1,gen1_Control,Control
3236969_NPK_EG_23_131_S73_L001_R1_001_trim,gen1,gen1_Control,Control
3236970_NPK_EG_23_145_S84_L001_R1_001_trim,gen1,gen1_Control,Control
3236971_NPK_EG_23_47_S2_L001_R1_001_trim,gen1,gen1_Control,Control
3236972_NPK_EG_23_62_S14_L001_R1_001_trim,gen1,gen1_Control,Control
3236973_NPK_EG_23_77_S26_L001_R1_001_trim,gen1,gen1_Control,Control
3236974_NPK_EG_23_90_S38_L001_R1_001_trim,gen1,gen1_Control,Control
3236975_NPK_EG_23_103_S50_L001_R1_001_trim,gen1,gen1_Control,Control
3236976_NPK_EG_23_120_S62_L001_R1_001_trim,gen1,gen1_Control,Control
3236977_NPK_EG_23_132_S74_L001_R1_001_trim,gen1,gen1_Control,Control
3236978_NPK_EG_23_146_S85_L001_R1_001_trim,gen1,gen1_Control,Control
3236979_NPK_EG_23_48_S3_L001_R1_001_trim,gen1,gen1_Control,Control
3236980_NPK_EG_23_63_S15_L001_R1_001_trim,gen1,gen1_Control,Control
3236981_NPK_EG_23_78_S27_L001_R1_001_trim,gen1,gen1_Control,Control
3236982_NPK_EG_23_91_S39_L001_R1_001_trim,gen1,gen1_Control,Control
3236983_NPK_EG_23_104_S51_L001_R1_001_trim,gen1,gen1_Control,Control
3236984_NPK_EG_23_121_S63_L001_R1_001_trim,gen1,gen1_Control,Control
3236985_NPK_EG_23_133_S75_L001_R1_001_trim,gen1,gen1_Control,Control
3236986_NPK_EG_23_147_S86_L001_R1_001_trim,gen1,gen1_Control,Control
3236987_NPK_EG_23_49_S4_L001_R1_001_trim,gen1,gen1_Control,Control
3236988_NPK_EG_23_64_S16_L001_R1_001_trim,gen1,gen1_Control,Control
3236989_NPK_EG_23_79_S28_L001_R1_001_trim,gen1,gen1_Control,Control
3236990_NPK_EG_23_92_S40_L001_R1_001_trim,gen1,gen1_Control,Control
3236991_NPK_EG_23_105_S52_L001_R1_001_trim,gen1,gen1_Control,Control
3236992_NPK_EG_23_122_S64_L001_R1_001_trim,gen1,gen1_Control,Control
3236993_NPK_EG_23_135_S76_L001_R1_001_trim,gen1,gen1_Control,Control
3236994_NPK_EG_23_149_S87_L001_R1_001_trim,gen1,gen1_Control,Control
3236995_NPK_EG_23_50_S5_L001_R1_001_trim,gen1,gen1_Control,Control
3236996_NPK_EG_23_65_S17_L001_R1_001_trim,gen1,gen1_Control,Control
3236997_NPK_EG_23_80_S29_L001_R1_001_trim,gen1,gen1_Control,Control
3236998_NPK_EG_23_93_S41_L001_R1_001_trim,gen1,gen1_Control,Control
3236999_NPK_EG_23_106_S53_L001_R1_001_trim,gen1,gen1_Control,Control
3237000_NPK_EG_23_123_S65_L001_R1_001_trim,gen1,gen1_Control,Control
3237001_NPK_EG_23_136_S77_L001_R1_001_trim,gen1,gen1_Control,Control
3237002_NPK_EG_23_150_S88_L001_R1_001_trim,gen1,gen1_Control,Control
3237003_NPK_EG_23_51_S6_L001_R1_001_trim,gen1,gen1_Control,Control
3237004_NPK_EG_23_67_S18_L001_R1_001_trim,gen1,gen1_Control,Control
3237005_NPK_EG_23_81_S30_L001_R1_001_trim,gen1,gen1_Control,Control
3237006_NPK_EG_23_94_S42_L001_R1_001_trim,gen1,gen1_Control,Control
3237007_NPK_EG_23_107_S54_L001_R1_001_trim,gen1,gen1_Control,Control
3237008_NPK_EG_23_124_S66_L001_R1_001_trim,gen1,gen1_Control,Control
3237009_NPK_EG_23_137_S78_L001_R1_001_trim,gen1,gen1_Control,Control
3237010_NPK_EG_23_151_S89_L001_R1_001_trim,gen1,gen1_Control,Control
3237011_NPK_EG_23_53_S7_L001_R1_001_trim,gen1,gen1_Control,Control
3237012_NPK_EG_23_69_S19_L001_R1_001_trim,gen1,gen1_Control,Control
3237013_NPK_EG_23_82_S31_L001_R1_001_trim,gen1,gen1_Control,Control
3237014_NPK_EG_23_95_S43_L001_R1_001_trim,gen1,gen1_Control,Control
3237015_NPK_EG_23_108_S55_L001_R1_001_trim,gen1,gen1_Control,Control
3237016_NPK_EG_23_125_S67_L001_R1_001_trim,gen1,gen1_Control,Control
3237017_NPK_EG_23_138_S79_L001_R1_001_trim,gen1,gen1_Control,Control
3237018_NPK_EG_23_152_S90_L001_R1_001_trim,gen1,gen1_Control,Control
3237019_NPK_EG_23_55_S8_L001_R1_001_trim,gen1,gen1_Control,Control
3237020_NPK_EG_23_71_S20_L001_R1_001_trim,gen1,gen1_Control,Control
3237021_NPK_EG_23_83_S32_L001_R1_001_trim,gen1,gen1_Control,Control
3237022_NPK_EG_23_96_S44_L001_R1_001_trim,gen1,gen1_Control,Control
3237023_NPK_EG_23_109_S56_L001_R1_001_trim,gen1,gen1_Control,Control
3237024_NPK_EG_23_126_S68_L001_R1_001_trim,gen1,gen1_Control,Control
3237025_NPK_EG_23_140_S80_L001_R1_001_trim,gen1,gen1_Control,Control
3237026_NPK_EG_23_153_S91_L001_R1_001_trim,gen1,gen1_Control,Control
3237027_NPK_EG_23_56_S9_L001_R1_001_trim,gen1,gen1_Control,Control
3237028_NPK_EG_23_72_S21_L001_R1_001_trim,gen1,gen1_Control,Control
3237029_NPK_EG_23_84_S33_L001_R1_001_trim,gen1,gen1_Control,Control
3237030_NPK_EG_23_97_S45_L001_R1_001_trim,gen1,gen1_Control,Control
3237031_NPK_EG_23_112_S57_L001_R1_001_trim,gen1,gen1_Control,Control
3237032_NPK_EG_23_127_S69_L001_R1_001_trim,gen1,gen1_Control,Control
3237033_NPK_EG_23_141_S81_L001_R1_001_trim,gen1,gen1_Control,Control
3237034_NPK_EG_23_154_S92_L001_R1_001_trim,gen1,gen1_Control,Control
3237035_NPK_EG_23_57_S10_L001_R1_001_trim,gen1,gen1_Control,Control
3237037_NPK_EG_23_85_S34_L001_R1_001_trim,gen1,gen1_Control,Control
3237038_NPK_EG_23_98_S46_L001_R1_001_trim,gen1,gen1_Control,Control
3237039_NPK_EG_23_114_S58_L001_R1_001_trim,gen1,gen1_Control,Control
3237040_NPK_EG_23_128_S70_L001_R1_001_trim,gen1,gen1_Control,Control
3237041_NPK_EG_23_142_S82_L001_R1_001_trim,gen1,gen1_Control,Control
3237042_NPK_EG_23_155_S93_L001_R1_001_trim,gen1,gen1_Control,Control
3237043_NPK_EG_23_58_S11_L001_R1_001_trim,gen1,gen1_Control,Control
3237044_NPK_EG_23_74_S23_L001_R1_001_trim,gen1,gen1_Control,Control
3237045_NPK_EG_23_86_S35_L001_R1_001_trim,gen1,gen1_Control,Control
3237046_NPK_EG_23_99_S47_L001_R1_001_trim,gen1,gen1_Control,Control
3237047_NPK_EG_23_116_S59_L001_R1_001_trim,gen1,gen1_Control,Control
3237048_NPK_EG_23_129_S71_L001_R1_001_trim,gen1,gen1_Control,Control
3237049_NPK_EG_23_143_S83_L001_R1_001_trim,gen1,gen1_Control,Control
3237050_NPK_EG_23_156_S94_L001_R1_001_trim,gen1,gen1_Control,Control
3237051_NPK_EG_23_59_S12_L001_R1_001_trim,gen1,gen1_Control,Control
3237052_NPK_EG_23_75_S24_L001_R1_001_trim,gen1,gen1_Control,Control
3237053_NPK_EG_23_87_S36_L001_R1_001_trim,gen1,gen1_Control,Control
3237054_NPK_EG_23_100_S48_L001_R1_001_trim,gen1,gen1_Control,Control
3237055_NPK_EG_23_117_S60_L001_R1_001_trim,gen1,gen1_Control,Control
3237059_NPK_EG_23_158_S95_L001_R1_001_trim,gen1,gen1_Control,Control
3237060_NPK_EG_23_170_S107_L001_R1_001_trim,gen1,gen1_Control,Control
3237061_NPK_EG_23_182_S119_L001_R1_001_trim,gen1,gen1_Control,Control
3237062_NPK_EG_23_194_S131_L001_R1_001_trim,gen1,gen1_Control,Control
3237063_NPK_EG_23_207_S143_L001_R1_001_trim,gen1,gen1_Control,Control
3237064_NPK_EG_23_223_S155_L001_R1_001_trim,gen1,gen1_Control,Control
3237065_NPK_EG_23_239_S167_L001_R1_001_trim,gen1,gen1_Control,Control
3237066_NPK_EG_23_256_S179_L001_R1_001_trim,gen1,gen1_Control,Control
3237067_NPK_EG_23_159_S96_L001_R1_001_trim,gen1,gen1_Control,Control
3237068_NPK_EG_23_171_S108_L001_R1_001_trim,gen1,gen1_Control,Control
3237069_NPK_EG_23_183_S120_L001_R1_001_trim,gen1,gen1_Control,Control
3237070_NPK_EG_23_195_S132_L001_R1_001_trim,gen1,gen1_Control,Control
3237071_NPK_EG_23_208_S144_L001_R1_001_trim,gen1,gen1_Control,Control
3237072_NPK_EG_23_225_S156_L001_R1_001_trim,gen1,gen1_Control,Control
3237073_NPK_EG_23_241_S168_L001_R1_001_trim,gen1,gen1_Control,Control
3237074_NPK_EG_23_258_S180_L001_R1_001_trim,gen1,gen1_Control,Control
3237075_NPK_EG_23_160_S97_L001_R1_001_trim,gen1,gen1_Control,Control
3237076_NPK_EG_23_172_S109_L001_R1_001_trim,gen1,gen1_Control,Control
3237077_NPK_EG_23_184_S121_L001_R1_001_trim,gen1,gen1_Control,Control
3237078_NPK_EG_23_196_S133_L001_R1_001_trim,gen1,gen1_Control,Control
3237079_NPK_EG_23_209_S145_L001_R1_001_trim,gen1,gen1_Control,Control
3237080_NPK_EG_23_226_S157_L001_R1_001_trim,gen1,gen1_Control,Control
3237081_NPK_EG_23_242_S169_L001_R1_001_trim,gen1,gen1_Control,Control
3237082_NPK_EG_23_261_S181_L001_R1_001_trim,gen1,gen1_Control,Control
3237083_NPK_EG_23_161_S98_L001_R1_001_trim,gen1,gen1_Control,Control
3237084_NPK_EG_23_173_S110_L001_R1_001_trim,gen1,gen1_Control,Control
3237085_NPK_EG_23_185_S122_L001_R1_001_trim,gen1,gen1_Control,Control
3237086_NPK_EG_23_197_S134_L001_R1_001_trim,gen1,gen1_Control,Control
3237087_NPK_EG_23_210_S146_L001_R1_001_trim,gen1,gen1_Control,Control
3237088_NPK_EG_23_228_S158_L001_R1_001_trim,gen1,gen1_Control,Control
3237089_NPK_EG_23_244_S170_L001_R1_001_trim,gen1,gen1_Control,Control
3237090_NPK_EG_23_263_S182_L001_R1_001_trim,gen1,gen1_Control,Control
3237091_NPK_EG_23_162_S99_L001_R1_001_trim,gen1,gen1_Control,Control
3237092_NPK_EG_23_174_S111_L001_R1_001_trim,gen1,gen1_Control,Control
3237093_NPK_EG_23_186_S123_L001_R1_001_trim,gen1,gen1_Control,Control
3237094_NPK_EG_23_198_S135_L001_R1_001_trim,gen1,gen1_Control,Control
3237095_NPK_EG_23_211_S147_L001_R1_001_trim,gen1,gen1_Control,Control
3237096_NPK_EG_23_229_S159_L001_R1_001_trim,gen1,gen1_Control,Control
3237097_NPK_EG_23_246_S171_L001_R1_001_trim,gen1,gen1_Control,Control
3237098_NPK_EG_23_265_S183_L001_R1_001_trim,gen1,gen1_Control,Control
3237099_NPK_EG_23_163_S100_L001_R1_001_trim,gen1,gen1_Control,Control
3237100_NPK_EG_23_175_S112_L001_R1_001_trim,gen1,gen1_Control,Control
3237101_NPK_EG_23_187_S124_L001_R1_001_trim,gen1,gen1_Control,Control
3237102_NPK_EG_23_199_S136_L001_R1_001_trim,gen1,gen1_Control,Control
3237103_NPK_EG_23_212_S148_L001_R1_001_trim,gen1,gen1_Control,Control
3237104_NPK_EG_23_230_S160_L001_R1_001_trim,gen1,gen1_Control,Control
3237105_NPK_EG_23_247_S172_L001_R1_001_trim,gen1,gen1_Control,Control
3237106_NPK_EG_23_266_S184_L001_R1_001_trim,gen1,gen1_Control,Control
3237107_NPK_EG_23_164_S101_L001_R1_001_trim,gen1,gen1_Control,Control
3237108_NPK_EG_23_176_S113_L001_R1_001_trim,gen1,gen1_Control,Control
3237109_NPK_EG_23_188_S125_L001_R1_001_trim,gen1,gen1_Control,Control
3237110_NPK_EG_23_200_S137_L001_R1_001_trim,gen1,gen1_Control,Control
3237111_NPK_EG_23_213_S149_L001_R1_001_trim,gen1,gen1_Control,Control
3237112_NPK_EG_23_231_S161_L001_R1_001_trim,gen1,gen1_Control,Control
3237114_NPK_EG_23_267_S185_L001_R1_001_trim,gen1,gen1_Control,Control
3237115_NPK_EG_23_165_S102_L001_R1_001_trim,gen1,gen1_Control,Control
3237116_NPK_EG_23_177_S114_L001_R1_001_trim,gen1,gen1_Control,Control
3237117_NPK_EG_23_189_S126_L001_R1_001_trim,gen1,gen1_Control,Control
3237118_NPK_EG_23_201_S138_L001_R1_001_trim,gen1,gen1_Control,Control
3237119_NPK_EG_23_215_S150_L001_R1_001_trim,gen1,gen1_Control,Control
3237120_NPK_EG_23_234_S162_L001_R1_001_trim,gen1,gen1_Control,Control
3237121_NPK_EG_23_251_S174_L001_R1_001_trim,gen1,gen1_Control,Control
3237122_NPK_EG_23_268_S186_L001_R1_001_trim,gen1,gen1_Control,Control
3237123_NPK_EG_23_166_S103_L001_R1_001_trim,gen1,gen1_Control,Control
3237124_NPK_EG_23_178_S115_L001_R1_001_trim,gen1,gen1_Control,Control
3237125_NPK_EG_23_190_S127_L001_R1_001_trim,gen1,gen1_Control,Control
3237126_NPK_EG_23_202_S139_L001_R1_001_trim,gen1,gen1_Control,Control
3237127_NPK_EG_23_216_S151_L001_R1_001_trim,gen1,gen1_Control,Control
3237128_NPK_EG_23_235_S163_L001_R1_001_trim,gen1,gen1_Control,Control
3237129_NPK_EG_23_252_S175_L001_R1_001_trim,gen1,gen1_Control,Control
3237130_NPK_EG_23_269_S187_L001_R1_001_trim,gen1,gen1_Control,Control
3237131_NPK_EG_23_167_S104_L001_R1_001_trim,gen1,gen1_Control,Control
3237132_NPK_EG_23_179_S116_L001_R1_001_trim,gen1,gen1_Control,Control
3237133_NPK_EG_23_191_S128_L001_R1_001_trim,gen1,gen1_Control,Control
3237134_NPK_EG_23_204_S140_L001_R1_001_trim,gen1,gen1_Control,Control
3237135_NPK_EG_23_217_S152_L001_R1_001_trim,gen1,gen1_Control,Control
3237136_NPK_EG_23_236_S164_L001_R1_001_trim,gen1,gen1_Control,Control
3237137_NPK_EG_23_253_S176_L001_R1_001_trim,gen1,gen1_Control,Control
3237138_NPK_EG_23_270_S188_L001_R1_001_trim,gen1,gen1_Control,Control
3237139_NPK_EG_23_168_S105_L001_R1_001_trim,gen1,gen1_Control,Control
3237140_NPK_EG_23_180_S117_L001_R1_001_trim,gen1,gen1_Control,Control
3237141_NPK_EG_23_192_S129_L001_R1_001_trim,gen1,gen1_Control,Control
3237142_NPK_EG_23_205_S141_L001_R1_001_trim,gen1,gen1_Control,Control
3237143_NPK_EG_23_221_S153_L001_R1_001_trim,gen1,gen1_Control,Control
3237144_NPK_EG_23_237_S165_L001_R1_001_trim,gen1,gen1_Control,Control
3237145_NPK_EG_23_254_S177_L001_R1_001_trim,gen1,gen1_Control,Control
3237146_NPK_EG_23_272_S189_L001_R1_001_trim,gen1,gen1_Control,Control
3237147_NPK_EG_23_169_S106_L001_R1_001_trim,gen1,gen1_Control,Control
3237148_NPK_EG_23_181_S118_L001_R1_001_trim,gen1,gen1_Control,Control
3237149_NPK_EG_23_193_S130_L001_R1_001_trim,gen1,gen1_Control,Control
3237150_NPK_EG_23_206_S142_L001_R1_001_trim,gen1,gen1_Control,Control
3237151_NPK_EG_23_222_S154_L001_R1_001_trim,gen1,gen1_Control,Control
3237155_NPK_EG_23_274_S191_L002_R1_001_trim,gen1,gen1_Control,Control
3237156_NPK_EG_23_293_S203_L002_R1_001_trim,gen1,gen1_Control,Control
3237157_NPK_EG_23_306_S215_L002_R1_001_trim,gen1,gen1_Control,Control
3237158_NPK_EG_23_321_S227_L002_R1_001_trim,gen1,gen1_Control,Control
3237159_NPK_EG_23_335_S239_L002_R1_001_trim,gen1,gen1_Control,Control
3237160_NPK_EG_23_351_S251_L002_R1_001_trim,gen1,gen1_Control,Control
3237161_NPK_EG_23_365_S263_L002_R1_001_trim,gen1,gen1_Control,Control
3237162_NPK_EG_23_379_S274_L002_R1_001_trim,gen1,gen1_Control,Control
3237163_NPK_EG_23_275_S192_L002_R1_001_trim,gen1,gen1_Control,Control
3237164_NPK_EG_23_294_S204_L002_R1_001_trim,gen1,gen1_Control,Control
3237165_NPK_EG_23_307_S216_L002_R1_001_trim,gen1,gen1_Control,Control
3237166_NPK_EG_23_322_S228_L002_R1_001_trim,gen1,gen1_Control,Control
3237167_NPK_EG_23_337_S240_L002_R1_001_trim,gen1,gen1_Control,Control
3237168_NPK_EG_23_352_S252_L002_R1_001_trim,gen1,gen1_Control,Control
3237169_NPK_EG_23_366_S264_L002_R1_001_trim,gen1,gen1_Control,Control
3237170_NPK_EG_23_380_S275_L002_R1_001_trim,gen1,gen1_Control,Control
3237171_NPK_EG_23_276_S193_L002_R1_001_trim,gen1,gen1_Control,Control
3237172_NPK_EG_23_295_S205_L002_R1_001_trim,gen1,gen1_Control,Control
3237173_NPK_EG_23_308_S217_L002_R1_001_trim,gen1,gen1_Control,Control
3237174_NPK_EG_23_324_S229_L002_R1_001_trim,gen1,gen1_Control,Control
3237175_NPK_EG_23_338_S241_L002_R1_001_trim,gen1,gen1_Control,Control
3237176_NPK_EG_23_354_S253_L002_R1_001_trim,gen1,gen1_Control,Control
3237177_NPK_EG_23_368_S265_L002_R1_001_trim,gen1,gen1_Control,Control
3237178_NPK_EG_23_381_S276_L002_R1_001_trim,gen1,gen1_Control,Control
3237179_NPK_EG_23_281_S194_L002_R1_001_trim,gen1,gen1_Control,Control
3237180_NPK_EG_23_296_S206_L002_R1_001_trim,gen1,gen1_Control,Control
3237181_NPK_EG_23_309_S218_L002_R1_001_trim,gen1,gen1_Control,Control
3237182_NPK_EG_23_325_S230_L002_R1_001_trim,gen1,gen1_Control,Control
3237183_NPK_EG_23_339_S242_L002_R1_001_trim,gen1,gen1_Control,Control
3237184_NPK_EG_23_355_S254_L002_R1_001_trim,gen1,gen1_Control,Control
3237185_NPK_EG_23_369_S266_L002_R1_001_trim,gen1,gen1_Control,Control
3237186_NPK_EG_23_383_S277_L002_R1_001_trim,gen1,gen1_Control,Control
3237187_NPK_EG_23_282_S195_L002_R1_001_trim,gen1,gen1_Control,Control
3237188_NPK_EG_23_297_S207_L002_R1_001_trim,gen1,gen1_Control,Control
3237189_NPK_EG_23_310_S219_L002_R1_001_trim,gen1,gen1_Control,Control
3237190_NPK_EG_23_326_S231_L002_R1_001_trim,gen1,gen1_Control,Control
3237191_NPK_EG_23_340_S243_L002_R1_001_trim,gen1,gen1_Control,Control
3237192_NPK_EG_23_356_S255_L002_R1_001_trim,gen1,gen1_Control,Control
3237193_NPK_EG_23_370_S267_L002_R1_001_trim,gen1,gen1_Control,Control
3237194_NPK_EG_23_384_S278_L002_R1_001_trim,gen1,gen1_Control,Control
3237195_NPK_EG_23_284_S196_L002_R1_001_trim,gen1,gen1_Control,Control
3237196_NPK_EG_23_298_S208_L002_R1_001_trim,gen1,gen1_Control,Control
3237197_NPK_EG_23_311_S220_L002_R1_001_trim,gen1,gen1_Control,Control
3237198_NPK_EG_23_327_S232_L002_R1_001_trim,gen1,gen1_Control,Control
3237199_NPK_EG_23_342_S244_L002_R1_001_trim,gen1,gen1_Control,Control
3237200_NPK_EG_23_357_S256_L002_R1_001_trim,gen1,gen1_Control,Control
3237201_NPK_EG_23_371_S268_L002_R1_001_trim,gen1,gen1_Control,Control
3237202_NPK_EG_23_385_S279_L002_R1_001_trim,gen1,gen1_Control,Control
3237203_NPK_EG_23_285_S197_L002_R1_001_trim,gen1,gen1_Control,Control
3237204_NPK_EG_23_300_S209_L002_R1_001_trim,gen1,gen1_Control,Control
3237205_NPK_EG_23_312_S221_L002_R1_001_trim,gen1,gen1_Control,Control
3237206_NPK_EG_23_329_S233_L002_R1_001_trim,gen1,gen1_Control,Control
3237207_NPK_EG_23_343_S245_L002_R1_001_trim,gen1,gen1_Control,Control
3237208_NPK_EG_23_359_S257_L002_R1_001_trim,gen1,gen1_Control,Control
3237209_NPK_EG_23_372_S269_L002_R1_001_trim,gen1,gen1_Control,Control
3237210_NPK_EG_23_388_S280_L002_R1_001_trim,gen1,gen1_Control,Control
3237211_NPK_EG_23_287_S198_L002_R1_001_trim,gen1,gen1_Control,Control
3237212_NPK_EG_23_301_S210_L002_R1_001_trim,gen1,gen1_Control,Control
3237213_NPK_EG_23_313_S222_L002_R1_001_trim,gen1,gen1_Control,Control
3237214_NPK_EG_23_330_S234_L002_R1_001_trim,gen1,gen1_Control,Control
3237215_NPK_EG_23_345_S246_L002_R1_001_trim,gen1,gen1_Control,Control
3237216_NPK_EG_23_360_S258_L002_R1_001_trim,gen1,gen1_Control,Control
3237217_NPK_EG_23_374_S270_L002_R1_001_trim,gen1,gen1_Control,Control
3237218_NPK_EG_23_390_S281_L002_R1_001_trim,gen1,gen1_Control,Control
3237219_NPK_EG_23_289_S199_L002_R1_001_trim,gen1,gen1_Control,Control
3237220_NPK_EG_23_302_S211_L002_R1_001_trim,gen1,gen1_Control,Control
3237221_NPK_EG_23_317_S223_L002_R1_001_trim,gen1,gen1_Control,Control
3237222_NPK_EG_23_331_S235_L002_R1_001_trim,gen1,gen1_Control,Control
3237223_NPK_EG_23_347_S247_L002_R1_001_trim,gen1,gen1_Control,Control
3237224_NPK_EG_23_361_S259_L002_R1_001_trim,gen1,gen1_Control,Control
3237225_NPK_EG_23_375_S271_L002_R1_001_trim,gen1,gen1_Control,Control
3237226_NPK_EG_23_391_S282_L002_R1_001_trim,gen1,gen1_Control,Control
3237228_NPK_EG_23_303_S212_L002_R1_001_trim,gen1,gen1_Control,Control
3237229_NPK_EG_23_318_S224_L002_R1_001_trim,gen1,gen1_Control,Control
3237230_NPK_EG_23_332_S236_L002_R1_001_trim,gen1,gen1_Control,Control
3237231_NPK_EG_23_348_S248_L002_R1_001_trim,gen1,gen1_Control,Control
3237232_NPK_EG_23_362_S260_L002_R1_001_trim,gen1,gen1_Control,Control
3237233_NPK_EG_23_376_S272_L002_R1_001_trim,gen1,gen1_Control,Control
3237234_NPK_EG_23_392_S283_L002_R1_001_trim,gen1,gen1_Control,Control
3237235_NPK_EG_23_291_S201_L002_R1_001_trim,gen1,gen1_Control,Control
3237236_NPK_EG_23_304_S213_L002_R1_001_trim,gen1,gen1_Control,Control
3237237_NPK_EG_23_319_S225_L002_R1_001_trim,gen1,gen1_Control,Control
3237238_NPK_EG_23_333_S237_L002_R1_001_trim,gen1,gen1_Control,Control
3237239_NPK_EG_23_349_S249_L002_R1_001_trim,gen1,gen1_Control,Control
3237240_NPK_EG_23_363_S261_L002_R1_001_trim,gen1,gen1_Control,Control
3237241_NPK_EG_23_377_S273_L002_R1_001_trim,gen1,gen1_Control,Control
3237242_NPK_EG_23_393_S284_L002_R1_001_trim,gen1,gen1_Control,Control
3237243_NPK_EG_23_292_S202_L002_R1_001_trim,gen1,gen1_Control,Control
3237244_NPK_EG_23_305_S214_L002_R1_001_trim,gen1,gen1_Control,Control
3237245_NPK_EG_23_320_S226_L002_R1_001_trim,gen1,gen1_Control,Control
3237246_NPK_EG_23_334_S238_L002_R1_001_trim,gen1,gen1_Control,Control
3237247_NPK_EG_23_350_S250_L002_R1_001_trim,gen1,gen1_Control,Control
3237251_NPK_EG_23_397_S285_L002_R1_001_trim,gen1,gen1_Control,Control
3237252_NPK_EG_23_410_S297_L002_R1_001_trim,gen1,gen1_Control,Control
3237254_NPK_EG_23_441_S321_L002_R1_001_trim,gen1,gen1_Control,Control
3237255_NPK_EG_23_458_S333_L002_R1_001_trim,gen1,gen1_Control,Control
3237256_NPK_EG_23_470_S345_L002_R1_001_trim,gen1,gen1_Control,Control
3237259_NPK_EG_23_398_S286_L002_R1_001_trim,gen1,gen1_Control,Control
3237260_NPK_EG_23_411_S298_L002_R1_001_trim,gen1,gen1_Control,Control
3237261_NPK_EG_23_425_S310_L002_R1_001_trim,gen1,gen1_Control,Control
3237262_NPK_EG_23_443_S322_L002_R1_001_trim,gen1,gen1_Control,Control
3237263_NPK_EG_23_459_S334_L002_R1_001_trim,gen1,gen1_Control,Control
3237264_NPK_EG_23_471_S346_L002_R1_001_trim,gen1,gen1_Control,Control
3237266_NPK_EG_23_25_S370_L002_R1_001_trim,gen1,gen1_Control,Control
3237267_NPK_EG_23_399_S287_L002_R1_001_trim,gen1,gen1_Control,Control
3237268_NPK_EG_23_412_S299_L002_R1_001_trim,gen1,gen1_Control,Control
3237269_NPK_EG_23_427_S311_L002_R1_001_trim,gen1,gen1_Control,Control
3237270_NPK_EG_23_445_S323_L002_R1_001_trim,gen1,gen1_Control,Control
3237271_NPK_EG_23_460_S335_L002_R1_001_trim,gen1,gen1_Control,Control
3237272_NPK_EG_23_472_S347_L002_R1_001_trim,gen1,gen1_Control,Control
3237274_NPK_EG_23_43_S371_L002_R1_001_trim,gen1,gen1_Control,Control
3237275_NPK_EG_23_400_S288_L002_R1_001_trim,gen1,gen1_Control,Control
3237276_NPK_EG_23_413_S300_L002_R1_001_trim,gen1,gen1_Control,Control
3237277_NPK_EG_23_429_S312_L002_R1_001_trim,gen1,gen1_Control,Control
3237278_NPK_EG_23_446_S324_L002_R1_001_trim,gen1,gen1_Control,Control
3237279_NPK_EG_23_461_S336_L002_R1_001_trim,gen1,gen1_Control,Control
3237280_NPK_EG_23_473_S348_L002_R1_001_trim,gen1,gen1_Control,Control
3237282_NPK_EG_23_130_S372_L002_R1_001_trim,gen1,gen1_Control,Control
3237283_NPK_EG_23_401_S289_L002_R1_001_trim,gen1,gen1_Control,Control
3237284_NPK_EG_23_415_S301_L002_R1_001_trim,gen1,gen1_Control,Control
3237285_NPK_EG_23_430_S313_L002_R1_001_trim,gen1,gen1_Control,Control
3237286_NPK_EG_23_447_S325_L002_R1_001_trim,gen1,gen1_Control,Control
3237287_NPK_EG_23_462_S337_L002_R1_001_trim,gen1,gen1_Control,Control
3237288_NPK_EG_23_474_S349_L002_R1_001_trim,gen1,gen1_Control,Control
3237290_NPK_EG_23_144_S373_L002_R1_001_trim,gen1,gen1_Control,Control
3237291_NPK_EG_23_402_S290_L002_R1_001_trim,gen1,gen1_Control,Control
3237292_NPK_EG_23_416_S302_L002_R1_001_trim,gen1,gen1_Control,Control
3237293_NPK_EG_23_431_S314_L002_R1_001_trim,gen1,gen1_Control,Control
3237294_NPK_EG_23_448_S326_L002_R1_001_trim,gen1,gen1_Control,Control
3237295_NPK_EG_23_463_S338_L002_R1_001_trim,gen1,gen1_Control,Control
3237296_NPK_EG_23_475_S350_L002_R1_001_trim,gen1,gen1_Control,Control
3237298_NPK_EG_23_157_S374_L002_R1_001_trim,gen1,gen1_Control,Control
3237299_NPK_EG_23_403_S291_L002_R1_001_trim,gen1,gen1_Control,Control
3237300_NPK_EG_23_417_S303_L002_R1_001_trim,gen1,gen1_Control,Control
3237301_NPK_EG_23_432_S315_L002_R1_001_trim,gen1,gen1_Control,Control
3237302_NPK_EG_23_449_S327_L002_R1_001_trim,gen1,gen1_Control,Control
3237303_NPK_EG_23_464_S339_L002_R1_001_trim,gen1,gen1_Control,Control
3237304_NPK_EG_23_476_S351_L002_R1_001_trim,gen1,gen1_Control,Control
3237306_NPK_EG_23_238_S375_L002_R1_001_trim,gen1,gen1_Control,Control
3237307_NPK_EG_23_404_S292_L002_R1_001_trim,gen1,gen1_Control,Control
3237308_NPK_EG_23_418_S304_L002_R1_001_trim,gen1,gen1_Control,Control
3237309_NPK_EG_23_433_S316_L002_R1_001_trim,gen1,gen1_Control,Control
3237310_NPK_EG_23_452_S328_L002_R1_001_trim,gen1,gen1_Control,Control
3237311_NPK_EG_23_465_S340_L002_R1_001_trim,gen1,gen1_Control,Control
3237312_NPK_EG_23_477_S352_L002_R1_001_trim,gen1,gen1_Control,Control
3237314_NPK_EG_23_255_S376_L002_R1_001_trim,gen1,gen1_Control,Control
3237315_NPK_EG_23_405_S293_L002_R1_001_trim,gen1,gen1_Control,Control
3237316_NPK_EG_23_419_S305_L002_R1_001_trim,gen1,gen1_Control,Control
3237317_NPK_EG_23_434_S317_L002_R1_001_trim,gen1,gen1_Control,Control
3237318_NPK_EG_23_453_S329_L002_R1_001_trim,gen1,gen1_Control,Control
3237319_NPK_EG_23_466_S341_L002_R1_001_trim,gen1,gen1_Control,Control
3237320_NPK_EG_23_480_S353_L002_R1_001_trim,gen1,gen1_Control,Control
3237322_NPK_EG_23_273_S377_L002_R1_001_trim,gen1,gen1_Control,Control
3237323_NPK_EG_23_407_S294_L002_R1_001_trim,gen1,gen1_Control,Control
3237324_NPK_EG_23_420_S306_L002_R1_001_trim,gen1,gen1_Control,Control
3237325_NPK_EG_23_436_S318_L002_R1_001_trim,gen1,gen1_Control,Control
3237326_NPK_EG_23_455_S330_L002_R1_001_trim,gen1,gen1_Control,Control
3237327_NPK_EG_23_467_S342_L002_R1_001_trim,gen1,gen1_Control,Control
3237328_NPK_EG_23_394_S354_L002_R1_001_trim,gen1,gen1_Control,Control
3237330_NPK_EG_23_364_S378_L002_R1_001_trim,gen1,gen1_Control,Control
3237331_NPK_EG_23_408_S295_L002_R1_001_trim,gen1,gen1_Control,Control
3237332_NPK_EG_23_421_S307_L002_R1_001_trim,gen1,gen1_Control,Control
3237333_NPK_EG_23_437_S319_L002_R1_001_trim,gen1,gen1_Control,Control
3237334_NPK_EG_23_456_S331_L002_R1_001_trim,gen1,gen1_Control,Control
3237335_NPK_EG_23_468_S343_L002_R1_001_trim,gen1,gen1_Control,Control
3237338_NPK_EG_23_378_S379_L002_R1_001_trim,gen1,gen1_Control,Control
3237339_NPK_EG_23_409_S296_L002_R1_001_trim,gen1,gen1_Control,Control
3237340_NPK_EG_23_423_S308_L002_R1_001_trim,gen1,gen1_Control,Control
3237341_NPK_EG_23_440_S320_L002_R1_001_trim,gen1,gen1_Control,Control
3237342_NPK_EG_23_457_S332_L002_R1_001_trim,gen1,gen1_Control,Control
3237343_NPK_EG_23_469_S344_L002_R1_001_trim,gen1,gen1_Control,Control
3400613_NF_EG_24_66_S1_L001_R1_001_trim,gen2,gen2_ND,ND
3400614_NF_EG_24_9_S2_L001_R1_001_trim,gen2,gen2_ND,ND
3400615_NF_EG_24_23_S3_L001_R1_001_trim,gen2,gen2_ND,ND
3400616_NF_EG_24_35_S4_L001_R1_001_trim,gen2,gen2_ND,ND
3400617_NF_EG_24_47_S5_L001_R1_001_trim,gen2,gen2_ND,ND
3400618_NF_EG_24_64_S6_L001_R1_001_trim,gen2,gen2_ND,ND
3400619_NF_EG_24_78_S7_L001_R1_001_trim,gen2,gen2_ND,ND
3400620_NF_EG_24_90_S8_L001_R1_001_trim,gen2,gen2_ND,ND
3400621_NF_EG_24_71_S9_L001_R1_001_trim,gen2,gen2_ND,ND
3400622_NF_EG_24_10_S10_L001_R1_001_trim,gen2,gen2_ND,ND
3400623_NF_EG_24_24_S11_L001_R1_001_trim,gen2,gen2_ND,ND
3400624_NF_EG_24_36_S12_L001_R1_001_trim,gen2,gen2_ND,ND
3400625_NF_EG_24_48_S13_L001_R1_001_trim,gen2,gen2_ND,ND
3400626_NF_EG_24_65_S14_L001_R1_001_trim,gen2,gen2_ND,ND
3400628_NF_EG_24_91_S15_L001_R1_001_trim,gen2,gen2_ND,ND
3400629_NF_EG_24_73_S16_L001_R1_001_trim,gen2,gen2_ND,ND
3400630_NF_EG_24_11_S17_L001_R1_001_trim,gen2,gen2_ND,ND
3400631_NF_EG_24_25_S18_L001_R1_001_trim,gen2,gen2_ND,ND
3400632_NF_EG_24_37_S19_L001_R1_001_trim,gen2,gen2_ND,ND
3400633_NF_EG_24_49_S20_L001_R1_001_trim,gen2,gen2_ND,ND
3400634_NF_EG_24_67_S21_L001_R1_001_trim,gen2,gen2_ND,ND
3400635_NF_EG_24_79_S22_L001_R1_001_trim,gen2,gen2_ND,ND
3400636_NF_EG_24_92_S23_L001_R1_001_trim,gen2,gen2_ND,ND
3400637_NF_EG_24_85_S24_L001_R1_001_trim,gen2,gen2_ND,ND
3400638_NF_EG_24_12_S25_L001_R1_001_trim,gen2,gen2_ND,ND
3400639_NF_EG_24_26_S26_L001_R1_001_trim,gen2,gen2_ND,ND
3400640_NF_EG_24_38_S27_L001_R1_001_trim,gen2,gen2_ND,ND
3400641_NF_EG_24_50_S28_L001_R1_001_trim,gen2,gen2_ND,ND
3400642_NF_EG_24_68_S29_L001_R1_001_trim,gen2,gen2_ND,ND
3400643_NF_EG_24_81_S30_L001_R1_001_trim,gen2,gen2_ND,ND
3400644_NF_EG_24_93_S31_L001_R1_001_trim,gen2,gen2_ND,ND
3400645_NF_EG_24_96_S32_L001_R1_001_trim,gen2,gen2_ND,ND
3400646_NF_EG_24_14_S33_L001_R1_001_trim,gen2,gen2_ND,ND
3400647_NF_EG_24_27_S34_L001_R1_001_trim,gen2,gen2_ND,ND
3400648_NF_EG_24_39_S35_L001_R1_001_trim,gen2,gen2_ND,ND
3400649_NF_EG_24_55_S36_L001_R1_001_trim,gen2,gen2_ND,ND
3400650_NF_EG_24_69_S37_L001_R1_001_trim,gen2,gen2_ND,ND
3400651_NF_EG_24_82_S38_L001_R1_001_trim,gen2,gen2_ND,ND
3400652_NF_EG_24_94_S39_L001_R1_001_trim,gen2,gen2_ND,ND
3400653_NF_EG_24_1_S40_L001_R1_001_trim,gen2,gen2_ND,ND
3400654_NF_EG_24_15_S41_L001_R1_001_trim,gen2,gen2_ND,ND
3400655_NF_EG_24_28_S42_L001_R1_001_trim,gen2,gen2_ND,ND
3400656_NF_EG_24_40_S43_L001_R1_001_trim,gen2,gen2_ND,ND
3400657_NF_EG_24_56_S44_L001_R1_001_trim,gen2,gen2_ND,ND
3400658_NF_EG_24_70_S45_L001_R1_001_trim,gen2,gen2_ND,ND
3400659_NF_EG_24_83_S46_L001_R1_001_trim,gen2,gen2_ND,ND
3400660_NF_EG_24_95_S47_L001_R1_001_trim,gen2,gen2_ND,ND
3400661_NF_EG_24_3_S48_L001_R1_001_trim,gen2,gen2_ND,ND
3400662_NF_EG_24_16_S49_L001_R1_001_trim,gen2,gen2_ND,ND
3400663_NF_EG_24_29_S50_L001_R1_001_trim,gen2,gen2_ND,ND
3400664_NF_EG_24_41_S51_L001_R1_001_trim,gen2,gen2_ND,ND
3400665_NF_EG_24_57_S52_L001_R1_001_trim,gen2,gen2_ND,ND
3400666_NF_EG_24_72_S53_L001_R1_001_trim,gen2,gen2_ND,ND
3400667_NF_EG_24_84_S54_L001_R1_001_trim,gen2,gen2_ND,ND
3400668_NF_EG_24_97_S55_L001_R1_001_trim,gen2,gen2_ND,ND
3400669_NF_EG_24_4_S56_L001_R1_001_trim,gen2,gen2_ND,ND
3400670_NF_EG_24_17_S57_L001_R1_001_trim,gen2,gen2_ND,ND
3400671_NF_EG_24_30_S58_L001_R1_001_trim,gen2,gen2_ND,ND
3400672_NF_EG_24_42_S59_L001_R1_001_trim,gen2,gen2_ND,ND
3400673_NF_EG_24_58_S60_L001_R1_001_trim,gen2,gen2_ND,ND
3400674_NF_EG_24_74_S61_L001_R1_001_trim,gen2,gen2_ND,ND
3400675_NF_EG_24_86_S62_L001_R1_001_trim,gen2,gen2_ND,ND
3400676_NF_EG_24_99_S63_L001_R1_001_trim,gen2,gen2_ND,ND
3400677_NF_EG_24_5_S64_L001_R1_001_trim,gen2,gen2_ND,ND
3400678_NF_EG_24_18_S65_L001_R1_001_trim,gen2,gen2_ND,ND
3400679_NF_EG_24_31_S66_L001_R1_001_trim,gen2,gen2_ND,ND
3400680_NF_EG_24_43_S67_L001_R1_001_trim,gen2,gen2_ND,ND
3400681_NF_EG_24_59_S68_L001_R1_001_trim,gen2,gen2_ND,ND
3400682_NF_EG_24_75_S69_L001_R1_001_trim,gen2,gen2_ND,ND
3400683_NF_EG_24_87_S70_L001_R1_001_trim,gen2,gen2_ND,ND
3400684_NF_EG_24_100_S71_L001_R1_001_trim,gen2,gen2_ND,ND
3400685_NF_EG_24_6_S72_L001_R1_001_trim,gen2,gen2_ND,ND
3400686_NF_EG_24_19_S73_L001_R1_001_trim,gen2,gen2_ND,ND
3400687_NF_EG_24_32_S74_L001_R1_001_trim,gen2,gen2_ND,ND
3400688_NF_EG_24_44_S75_L001_R1_001_trim,gen2,gen2_ND,ND
3400689_NF_EG_24_60_S76_L001_R1_001_trim,gen2,gen2_ND,ND
3400690_NF_EG_24_76_S77_L001_R1_001_trim,gen2,gen2_ND,ND
3400691_NF_EG_24_88_S78_L001_R1_001_trim,gen2,gen2_ND,ND
3400692_NF_EG_24_101_S79_L001_R1_001_trim,gen2,gen2_ND,ND
3400693_NF_EG_24_7_S80_L001_R1_001_trim,gen2,gen2_ND,ND
3400694_NF_EG_24_21_S81_L001_R1_001_trim,gen2,gen2_ND,ND
3400695_NF_EG_24_33_S82_L001_R1_001_trim,gen2,gen2_ND,ND
3400696_NF_EG_24_45_S83_L001_R1_001_trim,gen2,gen2_ND,ND
3400697_NF_EG_24_61_S84_L001_R1_001_trim,gen2,gen2_ND,ND
3400698_NF_EG_24_77_S85_L001_R1_001_trim,gen2,gen2_ND,ND
3400699_NF_EG_24_89_S86_L001_R1_001_trim,gen2,gen2_ND,ND
3400700_NF_EG_24_103_S87_L001_R1_001_trim,gen2,gen2_ND,ND
3400701_NF_EG_24_8_S88_L001_R1_001_trim,gen2,gen2_ND,ND
3400702_NF_EG_24_22_S89_L001_R1_001_trim,gen2,gen2_ND,ND
3400703_NF_EG_24_34_S90_L001_R1_001_trim,gen2,gen2_ND,ND
3400704_NF_EG_24_46_S91_L001_R1_001_trim,gen2,gen2_ND,ND
3400705_NF_EG_24_63_S92_L001_R1_001_trim,gen2,gen2_ND,ND
3400709_NF_EG_24_104_S94_L001_R1_001_trim,gen2,gen2_ND,ND
3400710_NF_EG_24_118_S95_L001_R1_001_trim,gen2,gen2_ND,ND
3400711_NF_EG_24_137_S96_L001_R1_001_trim,gen2,gen2_ND,ND
3400712_NF_EG_24_153_S97_L001_R1_001_trim,gen2,gen2_ND,ND
3400713_NF_EG_24_167_S98_L001_R1_001_trim,gen2,gen2_ND,ND
3400714_NF_EG_24_187_S99_L001_R1_001_trim,gen2,gen2_ND,ND
3400715_NF_EG_24_169_S100_L001_R1_001_trim,gen2,gen2_ND,ND
3400716_NF_EG_24_220_S101_L001_R1_001_trim,gen2,gen2_ND,ND
3400717_NF_EG_24_105_S102_L001_R1_001_trim,gen2,gen2_ND,ND
3400718_NF_EG_24_119_S103_L001_R1_001_trim,gen2,gen2_ND,ND
3400719_NF_EG_24_138_S104_L001_R1_001_trim,gen2,gen2_ND,ND
3400720_NF_EG_24_154_S105_L001_R1_001_trim,gen2,gen2_ND,ND
3400721_NF_EG_24_168_S106_L001_R1_001_trim,gen2,gen2_ND,ND
3400722_NF_EG_24_188_S107_L001_R1_001_trim,gen2,gen2_ND,ND
3400723_NF_EG_24_176_S108_L001_R1_001_trim,gen2,gen2_ND,ND
3400724_NF_EG_24_222_S109_L001_R1_001_trim,gen2,gen2_ND,ND
3400725_NF_EG_24_106_S110_L001_R1_001_trim,gen2,gen2_ND,ND
3400726_NF_EG_24_120_S111_L001_R1_001_trim,gen2,gen2_ND,ND
3400727_NF_EG_24_139_S112_L001_R1_001_trim,gen2,gen2_ND,ND
3400728_NF_EG_24_155_S113_L001_R1_001_trim,gen2,gen2_ND,ND
3400729_NF_EG_24_170_S114_L001_R1_001_trim,gen2,gen2_ND,ND
3400730_NF_EG_24_116_S115_L001_R1_001_trim,gen2,gen2_ND,ND
3400731_NF_EG_24_181_S116_L001_R1_001_trim,gen2,gen2_ND,ND
3400732_NF_EG_24_223_S117_L001_R1_001_trim,gen2,gen2_ND,ND
3400733_NF_EG_24_107_S118_L001_R1_001_trim,gen2,gen2_ND,ND
3400734_NF_EG_24_121_S119_L001_R1_001_trim,gen2,gen2_ND,ND
3400735_NF_EG_24_140_S120_L001_R1_001_trim,gen2,gen2_ND,ND
3400736_NF_EG_24_156_S121_L001_R1_001_trim,gen2,gen2_ND,ND
3400737_NF_EG_24_171_S122_L001_R1_001_trim,gen2,gen2_ND,ND
3400738_NF_EG_24_125_S123_L001_R1_001_trim,gen2,gen2_ND,ND
3400739_NF_EG_24_182_S124_L001_R1_001_trim,gen2,gen2_ND,ND
3400740_NF_EG_24_225_S125_L001_R1_001_trim,gen2,gen2_ND,ND
3400741_NF_EG_24_108_S126_L001_R1_001_trim,gen2,gen2_ND,ND
3400742_NF_EG_24_126_S127_L001_R1_001_trim,gen2,gen2_ND,ND
3400743_NF_EG_24_141_S128_L001_R1_001_trim,gen2,gen2_ND,ND
3400744_NF_EG_24_157_S129_L001_R1_001_trim,gen2,gen2_ND,ND
3400745_NF_EG_24_172_S130_L001_R1_001_trim,gen2,gen2_ND,ND
3400746_NF_EG_24_131_S131_L001_R1_001_trim,gen2,gen2_ND,ND
3400747_NF_EG_24_183_S132_L001_R1_001_trim,gen2,gen2_ND,ND
3400748_NF_EG_24_226_S133_L001_R1_001_trim,gen2,gen2_ND,ND
3400749_NF_EG_24_109_S134_L001_R1_001_trim,gen2,gen2_ND,ND
3400750_NF_EG_24_127_S135_L001_R1_001_trim,gen2,gen2_ND,ND
3400751_NF_EG_24_142_S136_L001_R1_001_trim,gen2,gen2_ND,ND
3400752_NF_EG_24_159_S137_L001_R1_001_trim,gen2,gen2_ND,ND
3400753_NF_EG_24_175_S138_L001_R1_001_trim,gen2,gen2_ND,ND
3400754_NF_EG_24_143_S139_L001_R1_001_trim,gen2,gen2_ND,ND
3400755_NF_EG_24_189_S140_L001_R1_001_trim,gen2,gen2_ND,ND
3400756_NF_EG_24_229_S141_L001_R1_001_trim,gen2,gen2_ND,ND
3400757_NF_EG_24_111_S142_L001_R1_001_trim,gen2,gen2_ND,ND
3400758_NF_EG_24_129_S143_L001_R1_001_trim,gen2,gen2_ND,ND
3400759_NF_EG_24_144_S144_L001_R1_001_trim,gen2,gen2_ND,ND
3400760_NF_EG_24_160_S145_L001_R1_001_trim,gen2,gen2_ND,ND
3400761_NF_EG_24_177_S146_L001_R1_001_trim,gen2,gen2_ND,ND
3400762_NF_EG_24_146_S147_L001_R1_001_trim,gen2,gen2_ND,ND
3400763_NF_EG_24_190_S148_L001_R1_001_trim,gen2,gen2_ND,ND
3400764_NF_EG_24_233_S149_L001_R1_001_trim,gen2,gen2_ND,ND
3400766_NF_EG_24_132_S150_L001_R1_001_trim,gen2,gen2_ND,ND
3400767_NF_EG_24_145_S151_L001_R1_001_trim,gen2,gen2_ND,ND
3400768_NF_EG_24_161_S152_L001_R1_001_trim,gen2,gen2_ND,ND
3400769_NF_EG_24_178_S153_L001_R1_001_trim,gen2,gen2_ND,ND
3400770_NF_EG_24_150_S154_L001_R1_001_trim,gen2,gen2_ND,ND
3400771_NF_EG_24_208_S155_L001_R1_001_trim,gen2,gen2_ND,ND
3400772_NF_EG_24_234_S156_L001_R1_001_trim,gen2,gen2_ND,ND
3400773_NF_EG_24_113_S157_L001_R1_001_trim,gen2,gen2_ND,ND
3400774_NF_EG_24_133_S158_L001_R1_001_trim,gen2,gen2_ND,ND
3400775_NF_EG_24_147_S159_L001_R1_001_trim,gen2,gen2_ND,ND
3400776_NF_EG_24_162_S160_L001_R1_001_trim,gen2,gen2_ND,ND
3400777_NF_EG_24_179_S161_L001_R1_001_trim,gen2,gen2_ND,ND
3400778_NF_EG_24_152_S162_L001_R1_001_trim,gen2,gen2_ND,ND
3400779_NF_EG_24_211_S163_L001_R1_001_trim,gen2,gen2_ND,ND
3400780_NF_EG_24_235_S164_L001_R1_001_trim,gen2,gen2_ND,ND
3400781_NF_EG_24_114_S165_L001_R1_001_trim,gen2,gen2_ND,ND
3400782_NF_EG_24_134_S166_L001_R1_001_trim,gen2,gen2_ND,ND
3400783_NF_EG_24_148_S167_L001_R1_001_trim,gen2,gen2_ND,ND
3400784_NF_EG_24_163_S168_L001_R1_001_trim,gen2,gen2_ND,ND
3400785_NF_EG_24_180_S169_L001_R1_001_trim,gen2,gen2_ND,ND
3400786_NF_EG_24_158_S170_L001_R1_001_trim,gen2,gen2_ND,ND
3400787_NF_EG_24_215_S171_L001_R1_001_trim,gen2,gen2_ND,ND
3400788_NF_EG_24_236_S172_L001_R1_001_trim,gen2,gen2_ND,ND
3400789_NF_EG_24_115_S173_L001_R1_001_trim,gen2,gen2_ND,ND
3400790_NF_EG_24_135_S174_L001_R1_001_trim,gen2,gen2_ND,ND
3400791_NF_EG_24_149_S175_L001_R1_001_trim,gen2,gen2_ND,ND
3400792_NF_EG_24_165_S176_L001_R1_001_trim,gen2,gen2_ND,ND
3400793_NF_EG_24_185_S177_L001_R1_001_trim,gen2,gen2_ND,ND
3400794_NF_EG_24_164_S178_L001_R1_001_trim,gen2,gen2_ND,ND
3400795_NF_EG_24_219_S179_L001_R1_001_trim,gen2,gen2_ND,ND
3400796_NF_EG_24_237_S180_L001_R1_001_trim,gen2,gen2_ND,ND
3400797_NF_EG_24_117_S181_L001_R1_001_trim,gen2,gen2_ND,ND
3400798_NF_EG_24_136_S182_L001_R1_001_trim,gen2,gen2_ND,ND
3400799_NF_EG_24_151_S183_L001_R1_001_trim,gen2,gen2_ND,ND
3400800_NF_EG_24_166_S184_L001_R1_001_trim,gen2,gen2_ND,ND
3400801_NF_EG_24_186_S185_L001_R1_001_trim,gen2,gen2_ND,ND
3400805_NF_EG_24_238_S187_L001_R1_001_trim,gen2,gen2_ND,ND
3400806_NF_EG_24_251_S188_L001_R1_001_trim,gen2,gen2_ND,ND
3400807_NF_EG_24_268_S189_L001_R1_001_trim,gen2,gen2_ND,ND
3400808_NF_EG_24_284_S190_L001_R1_001_trim,gen2,gen2_ND,ND
3400809_NF_EG_24_201_S191_L001_R1_001_trim,gen2,gen2_ND,ND
3400810_NF_EG_24_218_S192_L001_R1_001_trim,gen2,gen2_ND,ND
3400813_NF_EG_24_239_S195_L001_R1_001_trim,gen2,gen2_ND,ND
3400814_NF_EG_24_252_S196_L001_R1_001_trim,gen2,gen2_ND,ND
3400815_NF_EG_24_270_S197_L001_R1_001_trim,gen2,gen2_ND,ND
3400816_NF_EG_24_285_S198_L001_R1_001_trim,gen2,gen2_ND,ND
3400817_NF_EG_24_204_S199_L001_R1_001_trim,gen2,gen2_ND,ND
3400818_NF_EG_24_221_S200_L001_R1_001_trim,gen2,gen2_ND,ND
3400821_NF_EG_24_241_S203_L001_R1_001_trim,gen2,gen2_ND,ND
3400822_NF_EG_24_253_S204_L001_R1_001_trim,gen2,gen2_ND,ND
3400823_NF_EG_24_272_S205_L001_R1_001_trim,gen2,gen2_ND,ND
3400824_NF_EG_24_286_S206_L001_R1_001_trim,gen2,gen2_ND,ND
3400825_NF_EG_24_205_S207_L001_R1_001_trim,gen2,gen2_ND,ND
3400826_NF_EG_24_227_S208_L001_R1_001_trim,gen2,gen2_ND,ND
3400829_NF_EG_24_242_S211_L001_R1_001_trim,gen2,gen2_ND,ND
3400830_NF_EG_24_256_S212_L001_R1_001_trim,gen2,gen2_ND,ND
3400831_NF_EG_24_274_S213_L001_R1_001_trim,gen2,gen2_ND,ND
3400832_NF_EG_24_287_S214_L001_R1_001_trim,gen2,gen2_ND,ND
3400833_NF_EG_24_206_S215_L001_R1_001_trim,gen2,gen2_ND,ND
3400834_NF_EG_24_228_S216_L001_R1_001_trim,gen2,gen2_ND,ND
3400837_NF_EG_24_243_S219_L001_R1_001_trim,gen2,gen2_ND,ND
3400838_NF_EG_24_257_S220_L001_R1_001_trim,gen2,gen2_ND,ND
3400839_NF_EG_24_275_S221_L001_R1_001_trim,gen2,gen2_ND,ND
3400840_NF_EG_24_288_S222_L001_R1_001_trim,gen2,gen2_ND,ND
3400841_NF_EG_24_207_S223_L001_R1_001_trim,gen2,gen2_ND,ND
3400842_NF_EG_24_230_S224_L001_R1_001_trim,gen2,gen2_ND,ND
3400845_NF_EG_24_244_S227_L001_R1_001_trim,gen2,gen2_ND,ND
3400846_NF_EG_24_259_S228_L001_R1_001_trim,gen2,gen2_ND,ND
3400847_NF_EG_24_276_S229_L001_R1_001_trim,gen2,gen2_ND,ND
3400848_NF_EG_24_193_S230_L001_R1_001_trim,gen2,gen2_ND,ND
3400849_NF_EG_24_209_S231_L001_R1_001_trim,gen2,gen2_ND,ND
3400850_NF_EG_24_240_S232_L001_R1_001_trim,gen2,gen2_ND,ND
3400853_NF_EG_24_245_S235_L001_R1_001_trim,gen2,gen2_ND,ND
3400854_NF_EG_24_260_S236_L001_R1_001_trim,gen2,gen2_ND,ND
3400855_NF_EG_24_277_S237_L001_R1_001_trim,gen2,gen2_ND,ND
3400856_NF_EG_24_194_S238_L001_R1_001_trim,gen2,gen2_ND,ND
3400857_NF_EG_24_210_S239_L001_R1_001_trim,gen2,gen2_ND,ND
3400858_NF_EG_24_255_S240_L001_R1_001_trim,gen2,gen2_ND,ND
3400861_NF_EG_24_246_S243_L001_R1_001_trim,gen2,gen2_ND,ND
3400862_NF_EG_24_261_S244_L001_R1_001_trim,gen2,gen2_ND,ND
3400863_NF_EG_24_279_S245_L001_R1_001_trim,gen2,gen2_ND,ND
3400864_NF_EG_24_195_S246_L001_R1_001_trim,gen2,gen2_ND,ND
3400865_NF_EG_24_212_S247_L001_R1_001_trim,gen2,gen2_ND,ND
3400869_NF_EG_24_247_S251_L001_R1_001_trim,gen2,gen2_ND,ND
3400870_NF_EG_24_262_S252_L001_R1_001_trim,gen2,gen2_ND,ND
3400871_NF_EG_24_280_S253_L001_R1_001_trim,gen2,gen2_ND,ND
3400872_NF_EG_24_196_S254_L001_R1_001_trim,gen2,gen2_ND,ND
3400873_NF_EG_24_213_S255_L001_R1_001_trim,gen2,gen2_ND,ND
3400877_NF_EG_24_248_S259_L001_R1_001_trim,gen2,gen2_ND,ND
3400878_NF_EG_24_263_S260_L001_R1_001_trim,gen2,gen2_ND,ND
3400879_NF_EG_24_281_S261_L001_R1_001_trim,gen2,gen2_ND,ND
3400880_NF_EG_24_198_S262_L001_R1_001_trim,gen2,gen2_ND,ND
3400885_NF_EG_24_249_S266_L001_R1_001_trim,gen2,gen2_ND,ND
3400886_NF_EG_24_265_S267_L001_R1_001_trim,gen2,gen2_ND,ND
3400887_NF_EG_24_282_S268_L001_R1_001_trim,gen2,gen2_ND,ND
3400888_NF_EG_24_199_S269_L001_R1_001_trim,gen2,gen2_ND,ND
3400889_NF_EG_24_216_S270_L001_R1_001_trim,gen2,gen2_ND,ND
3400893_NF_EG_24_250_S274_L001_R1_001_trim,gen2,gen2_ND,ND
3400894_NF_EG_24_267_S275_L001_R1_001_trim,gen2,gen2_ND,ND
3400895_NF_EG_24_283_S276_L001_R1_001_trim,gen2,gen2_ND,ND
3400896_NF_EG_24_200_S277_L001_R1_001_trim,gen2,gen2_ND,ND
3400897_NF_EG_24_217_S278_L001_R1_001_trim,gen2,gen2_ND,ND
3400811_NPK_EG_24_16_S193_L001_R1_001_trim,gen2,gen2_Control,Control
3400812_NPK_EG_24_39_S194_L001_R1_001_trim,gen2,gen2_Control,Control
3400819_NPK_EG_24_20_S201_L001_R1_001_trim,gen2,gen2_Control,Control
3400820_NPK_EG_24_42_S202_L001_R1_001_trim,gen2,gen2_Control,Control
3400827_NPK_EG_24_21_S209_L001_R1_001_trim,gen2,gen2_Control,Control
3400828_NPK_EG_24_43_S210_L001_R1_001_trim,gen2,gen2_Control,Control
3400835_NPK_EG_24_22_S217_L001_R1_001_trim,gen2,gen2_Control,Control
3400836_NPK_EG_24_44_S218_L001_R1_001_trim,gen2,gen2_Control,Control
3400843_NPK_EG_24_24_S225_L001_R1_001_trim,gen2,gen2_Control,Control
3400844_NPK_EG_24_45_S226_L001_R1_001_trim,gen2,gen2_Control,Control
3400851_NPK_EG_24_28_S233_L001_R1_001_trim,gen2,gen2_Control,Control
3400852_NPK_EG_24_51_S234_L001_R1_001_trim,gen2,gen2_Control,Control
3400859_NPK_EG_24_29_S241_L001_R1_001_trim,gen2,gen2_Control,Control
3400860_NPK_EG_24_52_S242_L001_R1_001_trim,gen2,gen2_Control,Control
3400866_NPK_EG_24_9_S248_L001_R1_001_trim,gen2,gen2_Control,Control
3400867_NPK_EG_24_32_S249_L001_R1_001_trim,gen2,gen2_Control,Control
3400868_NPK_EG_24_53_S250_L001_R1_001_trim,gen2,gen2_Control,Control
3400874_NPK_EG_24_11_S256_L001_R1_001_trim,gen2,gen2_Control,Control
3400875_NPK_EG_24_34_S257_L001_R1_001_trim,gen2,gen2_Control,Control
3400876_NPK_EG_24_54_S258_L001_R1_001_trim,gen2,gen2_Control,Control
3400882_NPK_EG_24_12_S263_L001_R1_001_trim,gen2,gen2_Control,Control
3400883_NPK_EG_24_35_S264_L001_R1_001_trim,gen2,gen2_Control,Control
3400884_NPK_EG_24_56_S265_L001_R1_001_trim,gen2,gen2_Control,Control
3400890_NPK_EG_24_15_S271_L001_R1_001_trim,gen2,gen2_Control,Control
3400891_NPK_EG_24_36_S272_L001_R1_001_trim,gen2,gen2_Control,Control
3400892_NPK_EG_24_57_S273_L001_R1_001_trim,gen2,gen2_Control,Control
3400910_NPK_EG_24_63_S280_L002_R1_001_trim,gen2,gen2_Control,Control
3400911_NPK_EG_24_82_S281_L002_R1_001_trim,gen2,gen2_Control,Control
3400912_NPK_EG_24_27_S282_L002_R1_001_trim,gen2,gen2_Control,Control
3400913_NPK_EG_24_71_S283_L002_R1_001_trim,gen2,gen2_Control,Control
3400914_NPK_EG_24_184_S284_L002_R1_001_trim,gen2,gen2_Control,Control
3400915_NPK_EG_24_107_S285_L002_R1_001_trim,gen2,gen2_Control,Control
3400916_NPK_EG_24_118_S286_L002_R1_001_trim,gen2,gen2_Control,Control
3400917_NPK_EG_24_132_S287_L002_R1_001_trim,gen2,gen2_Control,Control
3400918_NPK_EG_24_64_S288_L002_R1_001_trim,gen2,gen2_Control,Control
3400919_NPK_EG_24_83_S289_L002_R1_001_trim,gen2,gen2_Control,Control
3400920_NPK_EG_24_30_S290_L002_R1_001_trim,gen2,gen2_Control,Control
3400921_NPK_EG_24_72_S291_L002_R1_001_trim,gen2,gen2_Control,Control
3400922_NPK_EG_24_97_S292_L002_R1_001_trim,gen2,gen2_Control,Control
3400923_NPK_EG_24_108_S293_L002_R1_001_trim,gen2,gen2_Control,Control
3400924_NPK_EG_24_119_S294_L002_R1_001_trim,gen2,gen2_Control,Control
3400925_NPK_EG_24_133_S295_L002_R1_001_trim,gen2,gen2_Control,Control
3400926_NPK_EG_24_65_S296_L002_R1_001_trim,gen2,gen2_Control,Control
3400927_NPK_EG_24_84_S297_L002_R1_001_trim,gen2,gen2_Control,Control
3400928_NPK_EG_24_31_S298_L002_R1_001_trim,gen2,gen2_Control,Control
3400929_NPK_EG_24_74_S299_L002_R1_001_trim,gen2,gen2_Control,Control
3400930_NPK_EG_24_98_S300_L002_R1_001_trim,gen2,gen2_Control,Control
3400931_NPK_EG_24_109_S301_L002_R1_001_trim,gen2,gen2_Control,Control
3400932_NPK_EG_24_120_S302_L002_R1_001_trim,gen2,gen2_Control,Control
3400933_NPK_EG_24_134_S303_L002_R1_001_trim,gen2,gen2_Control,Control
3400934_NPK_EG_24_66_S304_L002_R1_001_trim,gen2,gen2_Control,Control
3400935_NPK_EG_24_86_S305_L002_R1_001_trim,gen2,gen2_Control,Control
3400936_NPK_EG_24_33_S306_L002_R1_001_trim,gen2,gen2_Control,Control
3400937_NPK_EG_24_77_S307_L002_R1_001_trim,gen2,gen2_Control,Control
3400938_NPK_EG_24_99_S308_L002_R1_001_trim,gen2,gen2_Control,Control
3400939_NPK_EG_24_110_S309_L002_R1_001_trim,gen2,gen2_Control,Control
3400940_NPK_EG_24_121_S310_L002_R1_001_trim,gen2,gen2_Control,Control
3400941_NPK_EG_24_135_S311_L002_R1_001_trim,gen2,gen2_Control,Control
3400942_NPK_EG_24_68_S312_L002_R1_001_trim,gen2,gen2_Control,Control
3400943_NPK_EG_24_87_S313_L002_R1_001_trim,gen2,gen2_Control,Control
3400944_NPK_EG_24_37_S314_L002_R1_001_trim,gen2,gen2_Control,Control
3400945_NPK_EG_24_78_S315_L002_R1_001_trim,gen2,gen2_Control,Control
3400947_NPK_EG_24_111_S316_L002_R1_001_trim,gen2,gen2_Control,Control
3400948_NPK_EG_24_122_S317_L002_R1_001_trim,gen2,gen2_Control,Control
3400949_NPK_EG_24_136_S318_L002_R1_001_trim,gen2,gen2_Control,Control
3400950_NPK_EG_24_69_S319_L002_R1_001_trim,gen2,gen2_Control,Control
3400951_NPK_EG_24_89_S320_L002_R1_001_trim,gen2,gen2_Control,Control
3400952_NPK_EG_24_38_S321_L002_R1_001_trim,gen2,gen2_Control,Control
3400953_NPK_EG_24_85_S322_L002_R1_001_trim,gen2,gen2_Control,Control
3400954_NPK_EG_24_100_S323_L002_R1_001_trim,gen2,gen2_Control,Control
3400955_NPK_EG_24_112_S324_L002_R1_001_trim,gen2,gen2_Control,Control
3400956_NPK_EG_24_125_S325_L002_R1_001_trim,gen2,gen2_Control,Control
3400957_NPK_EG_24_138_S326_L002_R1_001_trim,gen2,gen2_Control,Control
3400958_NPK_EG_24_70_S327_L002_R1_001_trim,gen2,gen2_Control,Control
3400959_NPK_EG_24_92_S328_L002_R1_001_trim,gen2,gen2_Control,Control
3400960_NPK_EG_24_40_S329_L002_R1_001_trim,gen2,gen2_Control,Control
3400961_NPK_EG_24_90_S330_L002_R1_001_trim,gen2,gen2_Control,Control
3400962_NPK_EG_24_101_S331_L002_R1_001_trim,gen2,gen2_Control,Control
3400963_NPK_EG_24_113_S332_L002_R1_001_trim,gen2,gen2_Control,Control
3400964_NPK_EG_24_126_S333_L002_R1_001_trim,gen2,gen2_Control,Control
3400965_NPK_EG_24_139_S334_L002_R1_001_trim,gen2,gen2_Control,Control
3400966_NPK_EG_24_75_S335_L002_R1_001_trim,gen2,gen2_Control,Control
3400967_NPK_EG_24_94_S336_L002_R1_001_trim,gen2,gen2_Control,Control
3400968_NPK_EG_24_49_S337_L002_R1_001_trim,gen2,gen2_Control,Control
3400969_NPK_EG_24_123_S338_L002_R1_001_trim,gen2,gen2_Control,Control
3400970_NPK_EG_24_102_S339_L002_R1_001_trim,gen2,gen2_Control,Control
3400971_NPK_EG_24_114_S340_L002_R1_001_trim,gen2,gen2_Control,Control
3400972_NPK_EG_24_127_S341_L002_R1_001_trim,gen2,gen2_Control,Control
3400973_NPK_EG_24_140_S342_L002_R1_001_trim,gen2,gen2_Control,Control
3400974_NPK_EG_24_76_S343_L002_R1_001_trim,gen2,gen2_Control,Control
3400975_NPK_EG_24_95_S344_L002_R1_001_trim,gen2,gen2_Control,Control
3400976_NPK_EG_24_55_S345_L002_R1_001_trim,gen2,gen2_Control,Control
3400977_NPK_EG_24_144_S346_L002_R1_001_trim,gen2,gen2_Control,Control
3400978_NPK_EG_24_103_S347_L002_R1_001_trim,gen2,gen2_Control,Control
3400979_NPK_EG_24_115_S348_L002_R1_001_trim,gen2,gen2_Control,Control
3400980_NPK_EG_24_128_S349_L002_R1_001_trim,gen2,gen2_Control,Control
3400981_NPK_EG_24_141_S350_L002_R1_001_trim,gen2,gen2_Control,Control
3400982_NPK_EG_24_79_S351_L002_R1_001_trim,gen2,gen2_Control,Control
3400983_NPK_EG_24_1_S352_L002_R1_001_trim,gen2,gen2_Control,Control
3400984_NPK_EG_24_59_S353_L002_R1_001_trim,gen2,gen2_Control,Control
3400985_NPK_EG_24_145_S354_L002_R1_001_trim,gen2,gen2_Control,Control
3400986_NPK_EG_24_104_S355_L002_R1_001_trim,gen2,gen2_Control,Control
3400987_NPK_EG_24_116_S356_L002_R1_001_trim,gen2,gen2_Control,Control
3400988_NPK_EG_24_129_S357_L002_R1_001_trim,gen2,gen2_Control,Control
3400989_NPK_EG_24_142_S358_L002_R1_001_trim,gen2,gen2_Control,Control
3400990_NPK_EG_24_80_S359_L002_R1_001_trim,gen2,gen2_Control,Control
3400991_NPK_EG_24_13_S360_L002_R1_001_trim,gen2,gen2_Control,Control
3400992_NPK_EG_24_61_S361_L002_R1_001_trim,gen2,gen2_Control,Control
3400993_NPK_EG_24_158_S362_L002_R1_001_trim,gen2,gen2_Control,Control
3400994_NPK_EG_24_105_S363_L002_R1_001_trim,gen2,gen2_Control,Control
3400995_NPK_EG_24_117_S364_L002_R1_001_trim,gen2,gen2_Control,Control
3400996_NPK_EG_24_131_S365_L002_R1_001_trim,gen2,gen2_Control,Control
3400997_NPK_EG_24_146_S366_L002_R1_001_trim,gen2,gen2_Control,Control
3400998_NPK_EG_24_81_S367_L002_R1_001_trim,gen2,gen2_Control,Control
3400999_NPK_EG_24_19_S368_L002_R1_001_trim,gen2,gen2_Control,Control
3401000_NPK_EG_24_67_S369_L002_R1_001_trim,gen2,gen2_Control,Control
3401001_NPK_EG_24_166_S370_L002_R1_001_trim,gen2,gen2_Control,Control
3401002_NPK_EG_24_106_S371_L002_R1_001_trim,gen2,gen2_Control,Control
3401006_NPK_EG_24_147_S373_L002_R1_001_trim,gen2,gen2_Control,Control
3401007_NPK_EG_24_161_S374_L002_R1_001_trim,gen2,gen2_Control,Control
3401008_NPK_EG_24_173_S375_L002_R1_001_trim,gen2,gen2_Control,Control
3401009_NPK_EG_24_186_S376_L002_R1_001_trim,gen2,gen2_Control,Control
3401010_NPK_EG_24_196_S377_L002_R1_001_trim,gen2,gen2_Control,Control
3401011_NPK_EG_24_210_S378_L002_R1_001_trim,gen2,gen2_Control,Control
3401012_NPK_EG_24_224_S379_L002_R1_001_trim,gen2,gen2_Control,Control
3401013_NPK_EG_24_236_S380_L002_R1_001_trim,gen2,gen2_Control,Control
3401014_NPK_EG_24_148_S381_L002_R1_001_trim,gen2,gen2_Control,Control
3401015_NPK_EG_24_162_S382_L002_R1_001_trim,gen2,gen2_Control,Control
3401016_NPK_EG_24_174_S383_L002_R1_001_trim,gen2,gen2_Control,Control
3401017_NPK_EG_24_187_S384_L002_R1_001_trim,gen2,gen2_Control,Control
3401018_NPK_EG_24_197_S385_L002_R1_001_trim,gen2,gen2_Control,Control
3401019_NPK_EG_24_211_S386_L002_R1_001_trim,gen2,gen2_Control,Control
3401020_NPK_EG_24_225_S387_L002_R1_001_trim,gen2,gen2_Control,Control
3401021_NPK_EG_24_237_S388_L002_R1_001_trim,gen2,gen2_Control,Control
3401022_NPK_EG_24_149_S389_L002_R1_001_trim,gen2,gen2_Control,Control
3401023_NPK_EG_24_163_S390_L002_R1_001_trim,gen2,gen2_Control,Control
3401024_NPK_EG_24_175_S391_L002_R1_001_trim,gen2,gen2_Control,Control
3401025_NPK_EG_24_188_S392_L002_R1_001_trim,gen2,gen2_Control,Control
3401026_NPK_EG_24_199_S393_L002_R1_001_trim,gen2,gen2_Control,Control
3401027_NPK_EG_24_213_S394_L002_R1_001_trim,gen2,gen2_Control,Control
3401028_NPK_EG_24_226_S395_L002_R1_001_trim,gen2,gen2_Control,Control
3401029_NPK_EG_24_238_S396_L002_R1_001_trim,gen2,gen2_Control,Control
3401030_NPK_EG_24_151_S397_L002_R1_001_trim,gen2,gen2_Control,Control
3401032_NPK_EG_24_176_S398_L002_R1_001_trim,gen2,gen2_Control,Control
3401033_NPK_EG_24_189_S399_L002_R1_001_trim,gen2,gen2_Control,Control
3401034_NPK_EG_24_200_S400_L002_R1_001_trim,gen2,gen2_Control,Control
3401035_NPK_EG_24_214_S401_L002_R1_001_trim,gen2,gen2_Control,Control
3401036_NPK_EG_24_227_S402_L002_R1_001_trim,gen2,gen2_Control,Control
3401037_NPK_EG_24_239_S403_L002_R1_001_trim,gen2,gen2_Control,Control
3401038_NPK_EG_24_152_S404_L002_R1_001_trim,gen2,gen2_Control,Control
3401039_NPK_EG_24_164_S405_L002_R1_001_trim,gen2,gen2_Control,Control
3401040_NPK_EG_24_177_S406_L002_R1_001_trim,gen2,gen2_Control,Control
3401041_NPK_EG_24_190_S407_L002_R1_001_trim,gen2,gen2_Control,Control
3401042_NPK_EG_24_201_S408_L002_R1_001_trim,gen2,gen2_Control,Control
3401043_NPK_EG_24_215_S409_L002_R1_001_trim,gen2,gen2_Control,Control
3401044_NPK_EG_24_228_S410_L002_R1_001_trim,gen2,gen2_Control,Control
3401045_NPK_EG_24_240_S411_L002_R1_001_trim,gen2,gen2_Control,Control
3401046_NPK_EG_24_153_S412_L002_R1_001_trim,gen2,gen2_Control,Control
3401047_NPK_EG_24_165_S413_L002_R1_001_trim,gen2,gen2_Control,Control
3401048_NPK_EG_24_178_S414_L002_R1_001_trim,gen2,gen2_Control,Control
3401049_NPK_EG_24_191_S415_L002_R1_001_trim,gen2,gen2_Control,Control
3401050_NPK_EG_24_203_S416_L002_R1_001_trim,gen2,gen2_Control,Control
3401051_NPK_EG_24_216_S417_L002_R1_001_trim,gen2,gen2_Control,Control
3401052_NPK_EG_24_229_S418_L002_R1_001_trim,gen2,gen2_Control,Control
3401053_NPK_EG_24_241_S419_L002_R1_001_trim,gen2,gen2_Control,Control
3401054_NPK_EG_24_154_S420_L002_R1_001_trim,gen2,gen2_Control,Control
3401055_NPK_EG_24_167_S421_L002_R1_001_trim,gen2,gen2_Control,Control
3401056_NPK_EG_24_179_S422_L002_R1_001_trim,gen2,gen2_Control,Control
3401057_NPK_EG_24_192_S423_L002_R1_001_trim,gen2,gen2_Control,Control
3401058_NPK_EG_24_204_S424_L002_R1_001_trim,gen2,gen2_Control,Control
3401059_NPK_EG_24_217_S425_L002_R1_001_trim,gen2,gen2_Control,Control
3401060_NPK_EG_24_230_S426_L002_R1_001_trim,gen2,gen2_Control,Control
3401061_NPK_EG_24_242_S427_L002_R1_001_trim,gen2,gen2_Control,Control
3401062_NPK_EG_24_155_S428_L002_R1_001_trim,gen2,gen2_Control,Control
3401063_NPK_EG_24_168_S429_L002_R1_001_trim,gen2,gen2_Control,Control
3401064_NPK_EG_24_180_S430_L002_R1_001_trim,gen2,gen2_Control,Control
3401065_NPK_EG_24_198_S431_L002_R1_001_trim,gen2,gen2_Control,Control
3401066_NPK_EG_24_205_S432_L002_R1_001_trim,gen2,gen2_Control,Control
3401067_NPK_EG_24_218_S433_L002_R1_001_trim,gen2,gen2_Control,Control
3401068_NPK_EG_24_231_S434_L002_R1_001_trim,gen2,gen2_Control,Control
3401069_NPK_EG_24_243_S435_L002_R1_001_trim,gen2,gen2_Control,Control
3401070_NPK_EG_24_156_S436_L002_R1_001_trim,gen2,gen2_Control,Control
3401071_NPK_EG_24_169_S437_L002_R1_001_trim,gen2,gen2_Control,Control
3401072_NPK_EG_24_181_S438_L002_R1_001_trim,gen2,gen2_Control,Control
3401073_NPK_EG_24_235_S439_L002_R1_001_trim,gen2,gen2_Control,Control
3401074_NPK_EG_24_206_S440_L002_R1_001_trim,gen2,gen2_Control,Control
3401075_NPK_EG_24_220_S441_L002_R1_001_trim,gen2,gen2_Control,Control
3401076_NPK_EG_24_232_S442_L002_R1_001_trim,gen2,gen2_Control,Control
3401077_NPK_EG_24_244_S443_L002_R1_001_trim,gen2,gen2_Control,Control
3401078_NPK_EG_24_157_S444_L002_R1_001_trim,gen2,gen2_Control,Control
3401079_NPK_EG_24_170_S445_L002_R1_001_trim,gen2,gen2_Control,Control
3401080_NPK_EG_24_182_S446_L002_R1_001_trim,gen2,gen2_Control,Control
3401081_NPK_EG_24_287_S447_L002_R1_001_trim,gen2,gen2_Control,Control
3401082_NPK_EG_24_207_S448_L002_R1_001_trim,gen2,gen2_Control,Control
3401083_NPK_EG_24_221_S449_L002_R1_001_trim,gen2,gen2_Control,Control
3401084_NPK_EG_24_233_S450_L002_R1_001_trim,gen2,gen2_Control,Control
3401085_NPK_EG_24_245_S451_L002_R1_001_trim,gen2,gen2_Control,Control
3401086_NPK_EG_24_159_S452_L002_R1_001_trim,gen2,gen2_Control,Control
3401087_NPK_EG_24_171_S453_L002_R1_001_trim,gen2,gen2_Control,Control
3401088_NPK_EG_24_183_S454_L002_R1_001_trim,gen2,gen2_Control,Control
3401089_NPK_EG_24_193_S455_L002_R1_001_trim,gen2,gen2_Control,Control
3401090_NPK_EG_24_208_S456_L002_R1_001_trim,gen2,gen2_Control,Control
3401091_NPK_EG_24_222_S457_L002_R1_001_trim,gen2,gen2_Control,Control
3401092_NPK_EG_24_234_S458_L002_R1_001_trim,gen2,gen2_Control,Control
3401093_NPK_EG_24_246_S459_L002_R1_001_trim,gen2,gen2_Control,Control
3401094_NPK_EG_24_160_S460_L002_R1_001_trim,gen2,gen2_Control,Control
3401095_NPK_EG_24_172_S461_L002_R1_001_trim,gen2,gen2_Control,Control
3401096_NPK_EG_24_185_S462_L002_R1_001_trim,gen2,gen2_Control,Control
3401097_NPK_EG_24_195_S463_L002_R1_001_trim,gen2,gen2_Control,Control
3401098_NPK_EG_24_209_S464_L002_R1_001_trim,gen2,gen2_Control,Control
3421043_NF_EG_25_08_S265_L001_R1_001_trim,gen3,gen3_ND,ND
3421044_NF_EG_25_09_S266_L001_R1_001_trim,gen3,gen3_ND,ND
3421045_NF_EG_25_10_S267_L001_R1_001_trim,gen3,gen3_ND,ND
3421046_NF_EG_25_11_S268_L001_R1_001_trim,gen3,gen3_ND,ND
3421047_NF_EG_25_12_S269_L001_R1_001_trim,gen3,gen3_ND,ND
3421048_NF_EG_25_13_S270_L001_R1_001_trim,gen3,gen3_ND,ND
3421049_NF_EG_25_14_S271_L001_R1_001_trim,gen3,gen3_ND,ND
3421050_NF_EG_25_15_S272_L001_R1_001_trim,gen3,gen3_ND,ND
3421051_NF_EG_25_16_S273_L001_R1_001_trim,gen3,gen3_ND,ND
3421052_NF_EG_25_17_S274_L001_R1_001_trim,gen3,gen3_ND,ND
3421053_NF_EG_25_18_S275_L001_R1_001_trim,gen3,gen3_ND,ND
3421054_NF_EG_25_19_S276_L001_R1_001_trim,gen3,gen3_ND,ND
3421055_NF_EG_25_20_S277_L001_R1_001_trim,gen3,gen3_ND,ND
3421056_NF_EG_25_21_S278_L001_R1_001_trim,gen3,gen3_ND,ND
3421057_NF_EG_25_22_S279_L001_R1_001_trim,gen3,gen3_ND,ND
3421058_NF_EG_25_23_S280_L001_R1_001_trim,gen3,gen3_ND,ND
3421059_NF_EG_25_24_S281_L001_R1_001_trim,gen3,gen3_ND,ND
3421060_NF_EG_25_25_S282_L001_R1_001_trim,gen3,gen3_ND,ND
3421061_NF_EG_25_26_S283_L001_R1_001_trim,gen3,gen3_ND,ND
3421062_NF_EG_25_27_S284_L001_R1_001_trim,gen3,gen3_ND,ND
3421063_NF_EG_25_28_S285_L001_R1_001_trim,gen3,gen3_ND,ND
3421064_NF_EG_25_29_S286_L001_R1_001_trim,gen3,gen3_ND,ND
3421067_NF_EG_25_30_S289_L002_R1_001_trim,gen3,gen3_ND,ND
3421068_NF_EG_25_31_S290_L002_R1_001_trim,gen3,gen3_ND,ND
3421069_NF_EG_25_32_S291_L002_R1_001_trim,gen3,gen3_ND,ND
3421070_NF_EG_25_33_S292_L002_R1_001_trim,gen3,gen3_ND,ND
3421071_NF_EG_25_34_S293_L002_R1_001_trim,gen3,gen3_ND,ND
3421072_NF_EG_25_35_S294_L002_R1_001_trim,gen3,gen3_ND,ND
3421073_NF_EG_25_36_S295_L002_R1_001_trim,gen3,gen3_ND,ND
3421074_NF_EG_25_37_S296_L002_R1_001_trim,gen3,gen3_ND,ND
3421075_NF_EG_25_38_S297_L002_R1_001_trim,gen3,gen3_ND,ND
3421076_NF_EG_25_39_S298_L002_R1_001_trim,gen3,gen3_ND,ND
3421077_NF_EG_25_40_S299_L002_R1_001_trim,gen3,gen3_ND,ND
3421078_NF_EG_25_41_S300_L002_R1_001_trim,gen3,gen3_ND,ND
3421079_NF_EG_25_42_S301_L002_R1_001_trim,gen3,gen3_ND,ND
3421080_NF_EG_25_43_S302_L002_R1_001_trim,gen3,gen3_ND,ND
3421081_NF_EG_25_44_S303_L002_R1_001_trim,gen3,gen3_ND,ND
3421082_NF_EG_25_45_S304_L002_R1_001_trim,gen3,gen3_ND,ND
3421083_NF_EG_25_46_S305_L002_R1_001_trim,gen3,gen3_ND,ND
3421084_NF_EG_25_47_S306_L002_R1_001_trim,gen3,gen3_ND,ND
3421085_NF_EG_25_48_S307_L002_R1_001_trim,gen3,gen3_ND,ND
3421086_NF_EG_25_49_S308_L002_R1_001_trim,gen3,gen3_ND,ND
3421087_NF_EG_25_50_S309_L002_R1_001_trim,gen3,gen3_ND,ND
3421088_NF_EG_25_51_S310_L002_R1_001_trim,gen3,gen3_ND,ND
3421089_NF_EG_25_52_S311_L002_R1_001_trim,gen3,gen3_ND,ND
3421090_NF_EG_25_53_S312_L002_R1_001_trim,gen3,gen3_ND,ND
3421092_NF_EG_25_54_S314_L002_R1_001_trim,gen3,gen3_ND,ND
3421093_NF_EG_25_55_S315_L002_R1_001_trim,gen3,gen3_ND,ND
3421094_NF_EG_25_56_S316_L002_R1_001_trim,gen3,gen3_ND,ND
3421095_NF_EG_25_57_S317_L002_R1_001_trim,gen3,gen3_ND,ND
3421096_NF_EG_25_58_S318_L002_R1_001_trim,gen3,gen3_ND,ND
3421097_NF_EG_25_59_S319_L002_R1_001_trim,gen3,gen3_ND,ND
3421098_NF_EG_25_60_S320_L002_R1_001_trim,gen3,gen3_ND,ND
3421099_NF_EG_25_61_S321_L002_R1_001_trim,gen3,gen3_ND,ND
3421100_NF_EG_25_62_S322_L002_R1_001_trim,gen3,gen3_ND,ND
3421101_NF_EG_25_63_S323_L002_R1_001_trim,gen3,gen3_ND,ND
3421102_NF_EG_25_64_S324_L002_R1_001_trim,gen3,gen3_ND,ND
3421103_NF_EG_25_65_S325_L002_R1_001_trim,gen3,gen3_ND,ND
3421104_NF_EG_25_66_S326_L002_R1_001_trim,gen3,gen3_ND,ND
3421105_NF_EG_25_67_S327_L002_R1_001_trim,gen3,gen3_ND,ND
3421106_NF_EG_25_68_S328_L002_R1_001_trim,gen3,gen3_ND,ND
3421109_NF_EG_25_71_S331_L002_R1_001_trim,gen3,gen3_ND,ND
3421110_NF_EG_25_72_S332_L002_R1_001_trim,gen3,gen3_ND,ND
3421111_NF_EG_25_73_S333_L002_R1_001_trim,gen3,gen3_ND,ND
3421112_NF_EG_25_74_S334_L002_R1_001_trim,gen3,gen3_ND,ND
3421113_NF_EG_25_75_S335_L002_R1_001_trim,gen3,gen3_ND,ND
3421114_NF_EG_25_76_S336_L002_R1_001_trim,gen3,gen3_ND,ND
3421115_NF_EG_25_77_S337_L002_R1_001_trim,gen3,gen3_ND,ND
3421116_NF_EG_25_78_S338_L002_R1_001_trim,gen3,gen3_ND,ND
3421117_NF_EG_25_79_S339_L002_R1_001_trim,gen3,gen3_ND,ND
3421118_NF_EG_25_80_S340_L002_R1_001_trim,gen3,gen3_ND,ND
3421119_NF_EG_25_81_S341_L002_R1_001_trim,gen3,gen3_ND,ND
3421120_NF_EG_25_82_S342_L002_R1_001_trim,gen3,gen3_ND,ND
3421121_NF_EG_25_83_S343_L002_R1_001_trim,gen3,gen3_ND,ND
3421122_NF_EG_25_84_S344_L002_R1_001_trim,gen3,gen3_ND,ND
3421123_NF_EG_25_85_S345_L002_R1_001_trim,gen3,gen3_ND,ND
3421124_NF_EG_25_86_S346_L002_R1_001_trim,gen3,gen3_ND,ND
3421125_NF_EG_25_87_S347_L002_R1_001_trim,gen3,gen3_ND,ND
3421126_NF_EG_25_88_S348_L002_R1_001_trim,gen3,gen3_ND,ND
3421127_NF_EG_25_89_S349_L002_R1_001_trim,gen3,gen3_ND,ND
3421128_NF_EG_25_90_S350_L002_R1_001_trim,gen3,gen3_ND,ND
3421129_NF_EG_25_91_S351_L002_R1_001_trim,gen3,gen3_ND,ND
3421130_NF_EG_25_92_S352_L002_R1_001_trim,gen3,gen3_ND,ND
3421131_NF_EG_25_93_S353_L002_R1_001_trim,gen3,gen3_ND,ND
3421132_NF_EG_25_94_S354_L002_R1_001_trim,gen3,gen3_ND,ND
3421133_NF_EG_25_95_S355_L002_R1_001_trim,gen3,gen3_ND,ND
3421134_NF_EG_25_96_S356_L002_R1_001_trim,gen3,gen3_ND,ND
3421135_NF_EG_25_97_S357_L002_R1_001_trim,gen3,gen3_ND,ND
3421136_NF_EG_25_98_S358_L002_R1_001_trim,gen3,gen3_ND,ND
3421137_NF_EG_25_99_S359_L002_R1_001_trim,gen3,gen3_ND,ND
3421138_NF_EG_25_100_S360_L002_R1_001_trim,gen3,gen3_ND,ND
3421139_NF_EG_25_101_S361_L002_R1_001_trim,gen3,gen3_ND,ND
3421140_NF_EG_25_102_S362_L002_R1_001_trim,gen3,gen3_ND,ND
3421141_NF_EG_25_103_S363_L002_R1_001_trim,gen3,gen3_ND,ND
3421142_NF_EG_25_104_S364_L002_R1_001_trim,gen3,gen3_ND,ND
3421143_NF_EG_25_105_S365_L002_R1_001_trim,gen3,gen3_ND,ND
3421144_NF_EG_25_106_S366_L002_R1_001_trim,gen3,gen3_ND,ND
3421145_NF_EG_25_107_S367_L002_R1_001_trim,gen3,gen3_ND,ND
3421146_NF_EG_25_108_S368_L002_R1_001_trim,gen3,gen3_ND,ND
3421147_NF_EG_25_109_S369_L002_R1_001_trim,gen3,gen3_ND,ND
3421148_NF_EG_25_110_S370_L002_R1_001_trim,gen3,gen3_ND,ND
3421149_NF_EG_25_111_S371_L002_R1_001_trim,gen3,gen3_ND,ND
3421150_NF_EG_25_112_S372_L002_R1_001_trim,gen3,gen3_ND,ND
3421151_NF_EG_25_113_S373_L002_R1_001_trim,gen3,gen3_ND,ND
3421152_NF_EG_25_114_S374_L002_R1_001_trim,gen3,gen3_ND,ND
3421153_NF_EG_25_115_S375_L002_R1_001_trim,gen3,gen3_ND,ND
3421154_NF_EG_25_116_S376_L002_R1_001_trim,gen3,gen3_ND,ND
3421155_NF_EG_25_117_S377_L002_R1_001_trim,gen3,gen3_ND,ND
3421156_NF_EG_25_118_S378_L002_R1_001_trim,gen3,gen3_ND,ND
3421157_NF_EG_25_119_S379_L002_R1_001_trim,gen3,gen3_ND,ND
3421158_NF_EG_25_120_S380_L002_R1_001_trim,gen3,gen3_ND,ND
3421159_NF_EG_25_121_S381_L002_R1_001_trim,gen3,gen3_ND,ND
3421160_NF_EG_25_122_S382_L002_R1_001_trim,gen3,gen3_ND,ND
3421163_NF_EG_25_123_S385_L002_R1_001_trim,gen3,gen3_ND,ND
3421164_NF_EG_25_124_S386_L002_R1_001_trim,gen3,gen3_ND,ND
3421165_NF_EG_25_125_S387_L002_R1_001_trim,gen3,gen3_ND,ND
3421166_NF_EG_25_126_S388_L002_R1_001_trim,gen3,gen3_ND,ND
3421167_NF_EG_25_127_S389_L002_R1_001_trim,gen3,gen3_ND,ND
3421168_NF_EG_25_128_S390_L002_R1_001_trim,gen3,gen3_ND,ND
3421169_NF_EG_25_129_S391_L002_R1_001_trim,gen3,gen3_ND,ND
3421170_NF_EG_25_130_S392_L002_R1_001_trim,gen3,gen3_ND,ND
3421171_NF_EG_25_131_S393_L002_R1_001_trim,gen3,gen3_ND,ND
3421172_NF_EG_25_132_S394_L002_R1_001_trim,gen3,gen3_ND,ND
3421173_NF_EG_25_133_S395_L002_R1_001_trim,gen3,gen3_ND,ND
3421174_NF_EG_25_134_S396_L002_R1_001_trim,gen3,gen3_ND,ND
3421175_NF_EG_25_135_S397_L002_R1_001_trim,gen3,gen3_ND,ND
3421176_NF_EG_25_136_S398_L002_R1_001_trim,gen3,gen3_ND,ND
3421177_NF_EG_25_137_S399_L002_R1_001_trim,gen3,gen3_ND,ND
3421178_NF_EG_25_138_S400_L002_R1_001_trim,gen3,gen3_ND,ND
3421180_NF_EG_25_140_S402_L002_R1_001_trim,gen3,gen3_ND,ND
3421181_NF_EG_25_141_S403_L002_R1_001_trim,gen3,gen3_ND,ND
3421182_NF_EG_25_142_S404_L002_R1_001_trim,gen3,gen3_ND,ND
3421183_NF_EG_25_143_S405_L002_R1_001_trim,gen3,gen3_ND,ND
3421184_NF_EG_25_144_S406_L002_R1_001_trim,gen3,gen3_ND,ND
3421185_NF_EG_25_145_S407_L002_R1_001_trim,gen3,gen3_ND,ND
3421186_NF_EG_25_146_S408_L002_R1_001_trim,gen3,gen3_ND,ND
3421187_NF_EG_25_147_S409_L002_R1_001_trim,gen3,gen3_ND,ND
3421188_NF_EG_25_148_S410_L002_R1_001_trim,gen3,gen3_ND,ND
3421189_NF_EG_25_149_S411_L002_R1_001_trim,gen3,gen3_ND,ND
3421190_NF_EG_25_150_S412_L002_R1_001_trim,gen3,gen3_ND,ND
3421191_NF_EG_25_151_S413_L002_R1_001_trim,gen3,gen3_ND,ND
3421192_NF_EG_25_152_S414_L002_R1_001_trim,gen3,gen3_ND,ND
3421193_NF_EG_25_153_S415_L002_R1_001_trim,gen3,gen3_ND,ND
3421194_NF_EG_25_154_S416_L002_R1_001_trim,gen3,gen3_ND,ND
3421196_NF_EG_25_155_S418_L002_R1_001_trim,gen3,gen3_ND,ND
3421197_NF_EG_25_156_S419_L002_R1_001_trim,gen3,gen3_ND,ND
3421198_NF_EG_25_157_S420_L002_R1_001_trim,gen3,gen3_ND,ND
3421199_NF_EG_25_158_S421_L002_R1_001_trim,gen3,gen3_ND,ND
3421200_NF_EG_25_159_S422_L002_R1_001_trim,gen3,gen3_ND,ND
3421201_NF_EG_25_160_S423_L002_R1_001_trim,gen3,gen3_ND,ND
3421202_NF_EG_25_161_S424_L002_R1_001_trim,gen3,gen3_ND,ND
3421203_NF_EG_25_162_S425_L002_R1_001_trim,gen3,gen3_ND,ND
3421204_NF_EG_25_163_S426_L002_R1_001_trim,gen3,gen3_ND,ND
3421205_NF_EG_25_164_S427_L002_R1_001_trim,gen3,gen3_ND,ND
3421206_NF_EG_25_165_S428_L002_R1_001_trim,gen3,gen3_ND,ND
3421207_NF_EG_25_166_S429_L002_R1_001_trim,gen3,gen3_ND,ND
3421208_NF_EG_25_167_S430_L002_R1_001_trim,gen3,gen3_ND,ND
3421209_NF_EG_25_168_S431_L002_R1_001_trim,gen3,gen3_ND,ND
3421210_NF_EG_25_169_S432_L002_R1_001_trim,gen3,gen3_ND,ND
3421211_NF_EG_25_170_S433_L002_R1_001_trim,gen3,gen3_ND,ND
3421212_NF_EG_25_171_S434_L002_R1_001_trim,gen3,gen3_ND,ND
3421213_NF_EG_25_172_S435_L002_R1_001_trim,gen3,gen3_ND,ND
3421214_NF_EG_25_173_S436_L002_R1_001_trim,gen3,gen3_ND,ND
3421215_NF_EG_25_174_S437_L002_R1_001_trim,gen3,gen3_ND,ND
3421216_NF_EG_25_175_S438_L002_R1_001_trim,gen3,gen3_ND,ND
3421217_NF_EG_25_176_S439_L002_R1_001_trim,gen3,gen3_ND,ND
3421218_NF_EG_25_177_S440_L002_R1_001_trim,gen3,gen3_ND,ND
3421219_NF_EG_25_178_S441_L002_R1_001_trim,gen3,gen3_ND,ND
3421220_NF_EG_25_179_S442_L002_R1_001_trim,gen3,gen3_ND,ND
3421221_NF_EG_25_180_S443_L002_R1_001_trim,gen3,gen3_ND,ND
3421222_NF_EG_25_181_S444_L002_R1_001_trim,gen3,gen3_ND,ND
3421223_NF_EG_25_182_S445_L002_R1_001_trim,gen3,gen3_ND,ND
3421224_NF_EG_25_183_S446_L002_R1_001_trim,gen3,gen3_ND,ND
3421225_NF_EG_25_184_S447_L002_R1_001_trim,gen3,gen3_ND,ND
3421226_NF_EG_25_185_S448_L002_R1_001_trim,gen3,gen3_ND,ND
3421227_NF_EG_25_186_S449_L002_R1_001_trim,gen3,gen3_ND,ND
3421228_NF_EG_25_187_S450_L002_R1_001_trim,gen3,gen3_ND,ND
3421229_NF_EG_25_188_S451_L002_R1_001_trim,gen3,gen3_ND,ND
3421230_NF_EG_25_189_S452_L002_R1_001_trim,gen3,gen3_ND,ND
3421231_NF_EG_25_190_S453_L002_R1_001_trim,gen3,gen3_ND,ND
3421232_NF_EG_25_191_S454_L002_R1_001_trim,gen3,gen3_ND,ND
3421233_NF_EG_25_192_S455_L002_R1_001_trim,gen3,gen3_ND,ND
3421234_NF_EG_25_193_S456_L002_R1_001_trim,gen3,gen3_ND,ND
3421235_NF_EG_25_194_S457_L002_R1_001_trim,gen3,gen3_ND,ND
3421236_NF_EG_25_195_S458_L002_R1_001_trim,gen3,gen3_ND,ND
3421237_NF_EG_25_196_S459_L002_R1_001_trim,gen3,gen3_ND,ND
3421238_NF_EG_25_197_S460_L002_R1_001_trim,gen3,gen3_ND,ND
3421239_NF_EG_25_198_S461_L002_R1_001_trim,gen3,gen3_ND,ND
3421240_NF_EG_25_199_S462_L002_R1_001_trim,gen3,gen3_ND,ND
3421241_NF_EG_25_200_S463_L002_R1_001_trim,gen3,gen3_ND,ND
3421242_NF_EG_25_201_S464_L002_R1_001_trim,gen3,gen3_ND,ND
3421243_NF_EG_25_202_S465_L002_R1_001_trim,gen3,gen3_ND,ND
3421244_NF_EG_25_203_S466_L002_R1_001_trim,gen3,gen3_ND,ND
3421245_NF_EG_25_204_S467_L002_R1_001_trim,gen3,gen3_ND,ND
3421246_NF_EG_25_205_S468_L002_R1_001_trim,gen3,gen3_ND,ND
3421247_NF_EG_25_206_S469_L002_R1_001_trim,gen3,gen3_ND,ND
3421248_NF_EG_25_207_S470_L002_R1_001_trim,gen3,gen3_ND,ND
3421249_NF_EG_25_208_S471_L002_R1_001_trim,gen3,gen3_ND,ND
3421250_NF_EG_25_209_S472_L002_R1_001_trim,gen3,gen3_ND,ND
3421251_NF_EG_25_210_S473_L002_R1_001_trim,gen3,gen3_ND,ND
3421259_NF_EG_25_216_S481_L002_R1_001_trim,gen3,gen3_ND,ND
3421260_NF_EG_25_217_S482_L002_R1_001_trim,gen3,gen3_ND,ND
3421261_NF_EG_25_218_S483_L002_R1_001_trim,gen3,gen3_ND,ND
3421262_NF_EG_25_219_S484_L002_R1_001_trim,gen3,gen3_ND,ND
3421263_NF_EG_25_220_S485_L002_R1_001_trim,gen3,gen3_ND,ND
3421264_NF_EG_25_221_S486_L002_R1_001_trim,gen3,gen3_ND,ND
3421265_NF_EG_25_222_S487_L002_R1_001_trim,gen3,gen3_ND,ND
3421266_NF_EG_25_223_S488_L002_R1_001_trim,gen3,gen3_ND,ND
3421267_NF_EG_25_224_S489_L002_R1_001_trim,gen3,gen3_ND,ND
3421268_NF_EG_25_225_S490_L002_R1_001_trim,gen3,gen3_ND,ND
3421269_NF_EG_25_226_S491_L002_R1_001_trim,gen3,gen3_ND,ND
3421270_NF_EG_25_227_S492_L002_R1_001_trim,gen3,gen3_ND,ND
3421271_NF_EG_25_228_S493_L002_R1_001_trim,gen3,gen3_ND,ND
3421272_NF_EG_25_229_S494_L002_R1_001_trim,gen3,gen3_ND,ND
3421273_NF_EG_25_230_S495_L002_R1_001_trim,gen3,gen3_ND,ND
3421274_NF_EG_25_231_S496_L002_R1_001_trim,gen3,gen3_ND,ND
3421275_NF_EG_25_232_S497_L002_R1_001_trim,gen3,gen3_ND,ND
3421276_NF_EG_25_233_S498_L002_R1_001_trim,gen3,gen3_ND,ND
3421277_NF_EG_25_234_S499_L002_R1_001_trim,gen3,gen3_ND,ND
3421278_NF_EG_25_235_S500_L002_R1_001_trim,gen3,gen3_ND,ND
3421279_NF_EG_25_236_S501_L002_R1_001_trim,gen3,gen3_ND,ND
3421280_NF_EG_25_237_S502_L002_R1_001_trim,gen3,gen3_ND,ND
3421281_NF_EG_25_238_S503_L002_R1_001_trim,gen3,gen3_ND,ND
3421282_NF_EG_25_239_S504_L002_R1_001_trim,gen3,gen3_ND,ND
3421283_NF_EG_25_240_S505_L002_R1_001_trim,gen3,gen3_ND,ND
3421284_NF_EG_25_241_S506_L002_R1_001_trim,gen3,gen3_ND,ND
3421285_NF_EG_25_242_S507_L002_R1_001_trim,gen3,gen3_ND,ND
3421286_NF_EG_25_243_S508_L002_R1_001_trim,gen3,gen3_ND,ND
3421287_NF_EG_25_244_S509_L002_R1_001_trim,gen3,gen3_ND,ND
3421288_NF_EG_25_245_S510_L002_R1_001_trim,gen3,gen3_ND,ND
3421289_NF_EG_25_246_S511_L002_R1_001_trim,gen3,gen3_ND,ND
3421290_NF_EG_25_247_S512_L002_R1_001_trim,gen3,gen3_ND,ND
3421291_NF_EG_25_248_S513_L002_R1_001_trim,gen3,gen3_ND,ND
3421292_NF_EG_25_249_S514_L002_R1_001_trim,gen3,gen3_ND,ND
3421293_NF_EG_25_250_S515_L002_R1_001_trim,gen3,gen3_ND,ND
3420780_NPK_EG_25_01_S2_L001_R1_001_trim,gen3,gen3_Control,Control
3420781_NPK_EG_25_02_S3_L001_R1_001_trim,gen3,gen3_Control,Control
3420782_NPK_EG_25_03_S4_L001_R1_001_trim,gen3,gen3_Control,Control
3420783_NPK_EG_25_04_S5_L001_R1_001_trim,gen3,gen3_Control,Control
3420785_NPK_EG_25_06_S7_L001_R1_001_trim,gen3,gen3_Control,Control
3420786_NPK_EG_25_07_S8_L001_R1_001_trim,gen3,gen3_Control,Control
3420787_NPK_EG_25_08_S9_L001_R1_001_trim,gen3,gen3_Control,Control
3420788_NPK_EG_25_09_S10_L001_R1_001_trim,gen3,gen3_Control,Control
3420789_NPK_EG_25_10_S11_L001_R1_001_trim,gen3,gen3_Control,Control
3420790_NPK_EG_25_11_S12_L001_R1_001_trim,gen3,gen3_Control,Control
3420791_NPK_EG_25_12_S13_L001_R1_001_trim,gen3,gen3_Control,Control
3420792_NPK_EG_25_13_S14_L001_R1_001_trim,gen3,gen3_Control,Control
3420793_NPK_EG_25_14_S15_L001_R1_001_trim,gen3,gen3_Control,Control
3420794_NPK_EG_25_15_S16_L001_R1_001_trim,gen3,gen3_Control,Control
3420795_NPK_EG_25_16_S17_L001_R1_001_trim,gen3,gen3_Control,Control
3420796_NPK_EG_25_17_S18_L001_R1_001_trim,gen3,gen3_Control,Control
3420797_NPK_EG_25_18_S19_L001_R1_001_trim,gen3,gen3_Control,Control
3420798_NPK_EG_25_19_S20_L001_R1_001_trim,gen3,gen3_Control,Control
3420799_NPK_EG_25_20_S21_L001_R1_001_trim,gen3,gen3_Control,Control
3420800_NPK_EG_25_21_S22_L001_R1_001_trim,gen3,gen3_Control,Control
3420801_NPK_EG_25_22_S23_L001_R1_001_trim,gen3,gen3_Control,Control
3420802_NPK_EG_25_23_S24_L001_R1_001_trim,gen3,gen3_Control,Control
3420803_NPK_EG_25_24_S25_L001_R1_001_trim,gen3,gen3_Control,Control
3420804_NPK_EG_25_25_S26_L001_R1_001_trim,gen3,gen3_Control,Control
3420805_NPK_EG_25_26_S27_L001_R1_001_trim,gen3,gen3_Control,Control
3420806_NPK_EG_25_27_S28_L001_R1_001_trim,gen3,gen3_Control,Control
3420807_NPK_EG_25_28_S29_L001_R1_001_trim,gen3,gen3_Control,Control
3420808_NPK_EG_25_29_S30_L001_R1_001_trim,gen3,gen3_Control,Control
3420809_NPK_EG_25_30_S31_L001_R1_001_trim,gen3,gen3_Control,Control
3420810_NPK_EG_25_31_S32_L001_R1_001_trim,gen3,gen3_Control,Control
3420811_NPK_EG_25_32_S33_L001_R1_001_trim,gen3,gen3_Control,Control
3420812_NPK_EG_25_33_S34_L001_R1_001_trim,gen3,gen3_Control,Control
3420813_NPK_EG_25_34_S35_L001_R1_001_trim,gen3,gen3_Control,Control
3420814_NPK_EG_25_35_S36_L001_R1_001_trim,gen3,gen3_Control,Control
3420815_NPK_EG_25_36_S37_L001_R1_001_trim,gen3,gen3_Control,Control
3420816_NPK_EG_25_37_S38_L001_R1_001_trim,gen3,gen3_Control,Control
3420817_NPK_EG_25_38_S39_L001_R1_001_trim,gen3,gen3_Control,Control
3420818_NPK_EG_25_39_S40_L001_R1_001_trim,gen3,gen3_Control,Control
3420819_NPK_EG_25_40_S41_L001_R1_001_trim,gen3,gen3_Control,Control
3420820_NPK_EG_25_41_S42_L001_R1_001_trim,gen3,gen3_Control,Control
3420821_NPK_EG_25_42_S43_L001_R1_001_trim,gen3,gen3_Control,Control
3420822_NPK_EG_25_43_S44_L001_R1_001_trim,gen3,gen3_Control,Control
3420823_NPK_EG_25_44_S45_L001_R1_001_trim,gen3,gen3_Control,Control
3420824_NPK_EG_25_45_S46_L001_R1_001_trim,gen3,gen3_Control,Control
3420825_NPK_EG_25_46_S47_L001_R1_001_trim,gen3,gen3_Control,Control
3420826_NPK_EG_25_47_S48_L001_R1_001_trim,gen3,gen3_Control,Control
3420827_NPK_EG_25_48_S49_L001_R1_001_trim,gen3,gen3_Control,Control
3420829_NPK_EG_25_50_S51_L001_R1_001_trim,gen3,gen3_Control,Control
3420830_NPK_EG_25_51_S52_L001_R1_001_trim,gen3,gen3_Control,Control
3420831_NPK_EG_25_52_S53_L001_R1_001_trim,gen3,gen3_Control,Control
3420832_NPK_EG_25_53_S54_L001_R1_001_trim,gen3,gen3_Control,Control
3420833_NPK_EG_25_54_S55_L001_R1_001_trim,gen3,gen3_Control,Control
3420834_NPK_EG_25_55_S56_L001_R1_001_trim,gen3,gen3_Control,Control
3420835_NPK_EG_25_56_S57_L001_R1_001_trim,gen3,gen3_Control,Control
3420838_NPK_EG_25_59_S60_L001_R1_001_trim,gen3,gen3_Control,Control
3420840_NPK_EG_25_61_S62_L001_R1_001_trim,gen3,gen3_Control,Control
3420841_NPK_EG_25_62_S63_L001_R1_001_trim,gen3,gen3_Control,Control
3420842_NPK_EG_25_63_S64_L001_R1_001_trim,gen3,gen3_Control,Control
3420843_NPK_EG_25_64_S65_L001_R1_001_trim,gen3,gen3_Control,Control
3420844_NPK_EG_25_65_S66_L001_R1_001_trim,gen3,gen3_Control,Control
3420845_NPK_EG_25_66_S67_L001_R1_001_trim,gen3,gen3_Control,Control
3420846_NPK_EG_25_67_S68_L001_R1_001_trim,gen3,gen3_Control,Control
3420847_NPK_EG_25_68_S69_L001_R1_001_trim,gen3,gen3_Control,Control
3420848_NPK_EG_25_69_S70_L001_R1_001_trim,gen3,gen3_Control,Control
3420849_NPK_EG_25_70_S71_L001_R1_001_trim,gen3,gen3_Control,Control
3420850_NPK_EG_25_71_S72_L001_R1_001_trim,gen3,gen3_Control,Control
3420851_NPK_EG_25_72_S73_L001_R1_001_trim,gen3,gen3_Control,Control
3420852_NPK_EG_25_73_S74_L001_R1_001_trim,gen3,gen3_Control,Control
3420853_NPK_EG_25_74_S75_L001_R1_001_trim,gen3,gen3_Control,Control
3420854_NPK_EG_25_75_S76_L001_R1_001_trim,gen3,gen3_Control,Control
3420855_NPK_EG_25_76_S77_L001_R1_001_trim,gen3,gen3_Control,Control
3420856_NPK_EG_25_77_S78_L001_R1_001_trim,gen3,gen3_Control,Control
3420859_NPK_EG_25_80_S81_L001_R1_001_trim,gen3,gen3_Control,Control
3420860_NPK_EG_25_81_S82_L001_R1_001_trim,gen3,gen3_Control,Control
3420861_NPK_EG_25_82_S83_L001_R1_001_trim,gen3,gen3_Control,Control
3420862_NPK_EG_25_83_S84_L001_R1_001_trim,gen3,gen3_Control,Control
3420863_NPK_EG_25_84_S85_L001_R1_001_trim,gen3,gen3_Control,Control
3420864_NPK_EG_25_85_S86_L001_R1_001_trim,gen3,gen3_Control,Control
3420865_NPK_EG_25_86_S87_L001_R1_001_trim,gen3,gen3_Control,Control
3420866_NPK_EG_25_87_S88_L001_R1_001_trim,gen3,gen3_Control,Control
3420867_NPK_EG_25_88_S89_L001_R1_001_trim,gen3,gen3_Control,Control
3420868_NPK_EG_25_89_S90_L001_R1_001_trim,gen3,gen3_Control,Control
3420869_NPK_EG_25_90_S91_L001_R1_001_trim,gen3,gen3_Control,Control
3420870_NPK_EG_25_91_S92_L001_R1_001_trim,gen3,gen3_Control,Control
3420871_NPK_EG_25_92_S93_L001_R1_001_trim,gen3,gen3_Control,Control
3420872_NPK_EG_25_93_S94_L001_R1_001_trim,gen3,gen3_Control,Control
3420875_NPK_EG_25_94_S97_L001_R1_001_trim,gen3,gen3_Control,Control
3420876_NPK_EG_25_95_S98_L001_R1_001_trim,gen3,gen3_Control,Control
3420877_NPK_EG_25_96_S99_L001_R1_001_trim,gen3,gen3_Control,Control
3420878_NPK_EG_25_97_S100_L001_R1_001_trim,gen3,gen3_Control,Control
3420879_NPK_EG_25_98_S101_L001_R1_001_trim,gen3,gen3_Control,Control
3420880_NPK_EG_25_99_S102_L001_R1_001_trim,gen3,gen3_Control,Control
3420881_NPK_EG_25_100_S103_L001_R1_001_trim,gen3,gen3_Control,Control
3420882_NPK_EG_25_101_S104_L001_R1_001_trim,gen3,gen3_Control,Control
3420884_NPK_EG_25_102_S106_L001_R1_001_trim,gen3,gen3_Control,Control
3420885_NPK_EG_25_103_S107_L001_R1_001_trim,gen3,gen3_Control,Control
3420886_NPK_EG_25_104_S108_L001_R1_001_trim,gen3,gen3_Control,Control
3420888_NPK_EG_25_106_S110_L001_R1_001_trim,gen3,gen3_Control,Control
3420889_NPK_EG_25_107_S111_L001_R1_001_trim,gen3,gen3_Control,Control
3420890_NPK_EG_25_108_S112_L001_R1_001_trim,gen3,gen3_Control,Control
3420891_NPK_EG_25_109_S113_L001_R1_001_trim,gen3,gen3_Control,Control
3420892_NPK_EG_25_110_S114_L001_R1_001_trim,gen3,gen3_Control,Control
3420893_NPK_EG_25_111_S115_L001_R1_001_trim,gen3,gen3_Control,Control
3420894_NPK_EG_25_112_S116_L001_R1_001_trim,gen3,gen3_Control,Control
3420895_NPK_EG_25_113_S117_L001_R1_001_trim,gen3,gen3_Control,Control
3420896_NPK_EG_25_114_S118_L001_R1_001_trim,gen3,gen3_Control,Control
3420897_NPK_EG_25_115_S119_L001_R1_001_trim,gen3,gen3_Control,Control
3420898_NPK_EG_25_116_S120_L001_R1_001_trim,gen3,gen3_Control,Control
3420899_NPK_EG_25_117_S121_L001_R1_001_trim,gen3,gen3_Control,Control
3420900_NPK_EG_25_118_S122_L001_R1_001_trim,gen3,gen3_Control,Control
3420901_NPK_EG_25_119_S123_L001_R1_001_trim,gen3,gen3_Control,Control
3420902_NPK_EG_25_120_S124_L001_R1_001_trim,gen3,gen3_Control,Control
3420903_NPK_EG_25_121_S125_L001_R1_001_trim,gen3,gen3_Control,Control
3420904_NPK_EG_25_122_S126_L001_R1_001_trim,gen3,gen3_Control,Control
3420905_NPK_EG_25_123_S127_L001_R1_001_trim,gen3,gen3_Control,Control
3420906_NPK_EG_25_124_S128_L001_R1_001_trim,gen3,gen3_Control,Control
3420907_NPK_EG_25_125_S129_L001_R1_001_trim,gen3,gen3_Control,Control
3420908_NPK_EG_25_126_S130_L001_R1_001_trim,gen3,gen3_Control,Control
3420909_NPK_EG_25_127_S131_L001_R1_001_trim,gen3,gen3_Control,Control
3420910_NPK_EG_25_128_S132_L001_R1_001_trim,gen3,gen3_Control,Control
3420911_NPK_EG_25_129_S133_L001_R1_001_trim,gen3,gen3_Control,Control
3420912_NPK_EG_25_130_S134_L001_R1_001_trim,gen3,gen3_Control,Control
3420913_NPK_EG_25_131_S135_L001_R1_001_trim,gen3,gen3_Control,Control
3420914_NPK_EG_25_132_S136_L001_R1_001_trim,gen3,gen3_Control,Control
3420915_NPK_EG_25_133_S137_L001_R1_001_trim,gen3,gen3_Control,Control
3420916_NPK_EG_25_134_S138_L001_R1_001_trim,gen3,gen3_Control,Control
3420917_NPK_EG_25_135_S139_L001_R1_001_trim,gen3,gen3_Control,Control
3420918_NPK_EG_25_136_S140_L001_R1_001_trim,gen3,gen3_Control,Control
3420919_NPK_EG_25_137_S141_L001_R1_001_trim,gen3,gen3_Control,Control
3420920_NPK_EG_25_138_S142_L001_R1_001_trim,gen3,gen3_Control,Control
3420921_NPK_EG_25_139_S143_L001_R1_001_trim,gen3,gen3_Control,Control
3420922_NPK_EG_25_140_S144_L001_R1_001_trim,gen3,gen3_Control,Control
3420923_NPK_EG_25_141_S145_L001_R1_001_trim,gen3,gen3_Control,Control
3420924_NPK_EG_25_142_S146_L001_R1_001_trim,gen3,gen3_Control,Control
3420925_NPK_EG_25_143_S147_L001_R1_001_trim,gen3,gen3_Control,Control
3420926_NPK_EG_25_144_S148_L001_R1_001_trim,gen3,gen3_Control,Control
3420927_NPK_EG_25_145_S149_L001_R1_001_trim,gen3,gen3_Control,Control
3420928_NPK_EG_25_146_S150_L001_R1_001_trim,gen3,gen3_Control,Control
3420929_NPK_EG_25_147_S151_L001_R1_001_trim,gen3,gen3_Control,Control
3420930_NPK_EG_25_148_S152_L001_R1_001_trim,gen3,gen3_Control,Control
3420931_NPK_EG_25_149_S153_L001_R1_001_trim,gen3,gen3_Control,Control
3420932_NPK_EG_25_150_S154_L001_R1_001_trim,gen3,gen3_Control,Control
3420933_NPK_EG_25_151_S155_L001_R1_001_trim,gen3,gen3_Control,Control
3420934_NPK_EG_25_152_S156_L001_R1_001_trim,gen3,gen3_Control,Control
3420935_NPK_EG_25_153_S157_L001_R1_001_trim,gen3,gen3_Control,Control
3420936_NPK_EG_25_154_S158_L001_R1_001_trim,gen3,gen3_Control,Control
3420937_NPK_EG_25_155_S159_L001_R1_001_trim,gen3,gen3_Control,Control
3420938_NPK_EG_25_156_S160_L001_R1_001_trim,gen3,gen3_Control,Control
3420939_NPK_EG_25_157_S161_L001_R1_001_trim,gen3,gen3_Control,Control
3420940_NPK_EG_25_158_S162_L001_R1_001_trim,gen3,gen3_Control,Control
3420941_NPK_EG_25_159_S163_L001_R1_001_trim,gen3,gen3_Control,Control
3420942_NPK_EG_25_160_S164_L001_R1_001_trim,gen3,gen3_Control,Control
3420943_NPK_EG_25_161_S165_L001_R1_001_trim,gen3,gen3_Control,Control
3420944_NPK_EG_25_162_S166_L001_R1_001_trim,gen3,gen3_Control,Control
3420945_NPK_EG_25_163_S167_L001_R1_001_trim,gen3,gen3_Control,Control
3420946_NPK_EG_25_164_S168_L001_R1_001_trim,gen3,gen3_Control,Control
3420951_NPK_EG_25_169_S173_L001_R1_001_trim,gen3,gen3_Control,Control
3420952_NPK_EG_25_170_S174_L001_R1_001_trim,gen3,gen3_Control,Control
3420954_NPK_EG_25_172_S176_L001_R1_001_trim,gen3,gen3_Control,Control
3420955_NPK_EG_25_173_S177_L001_R1_001_trim,gen3,gen3_Control,Control
3420956_NPK_EG_25_174_S178_L001_R1_001_trim,gen3,gen3_Control,Control
3420957_NPK_EG_25_175_S179_L001_R1_001_trim,gen3,gen3_Control,Control
3420958_NPK_EG_25_176_S180_L001_R1_001_trim,gen3,gen3_Control,Control
3420959_NPK_EG_25_177_S181_L001_R1_001_trim,gen3,gen3_Control,Control
3420960_NPK_EG_25_178_S182_L001_R1_001_trim,gen3,gen3_Control,Control
3420961_NPK_EG_25_179_S183_L001_R1_001_trim,gen3,gen3_Control,Control
3420962_NPK_EG_25_180_S184_L001_R1_001_trim,gen3,gen3_Control,Control
3420963_NPK_EG_25_181_S185_L001_R1_001_trim,gen3,gen3_Control,Control
3420964_NPK_EG_25_182_S186_L001_R1_001_trim,gen3,gen3_Control,Control
3420965_NPK_EG_25_183_S187_L001_R1_001_trim,gen3,gen3_Control,Control
3420966_NPK_EG_25_184_S188_L001_R1_001_trim,gen3,gen3_Control,Control
3420967_NPK_EG_25_185_S189_L001_R1_001_trim,gen3,gen3_Control,Control
3420968_NPK_EG_25_186_S190_L001_R1_001_trim,gen3,gen3_Control,Control
3420971_NPK_EG_25_187_S193_L001_R1_001_trim,gen3,gen3_Control,Control
3420972_NPK_EG_25_188_S194_L001_R1_001_trim,gen3,gen3_Control,Control
3420973_NPK_EG_25_189_S195_L001_R1_001_trim,gen3,gen3_Control,Control
3420974_NPK_EG_25_190_S196_L001_R1_001_trim,gen3,gen3_Control,Control
3420975_NPK_EG_25_191_S197_L001_R1_001_trim,gen3,gen3_Control,Control
3420976_NPK_EG_25_192_S198_L001_R1_001_trim,gen3,gen3_Control,Control
3420977_NPK_EG_25_193_S199_L001_R1_001_trim,gen3,gen3_Control,Control
3420978_NPK_EG_25_194_S200_L001_R1_001_trim,gen3,gen3_Control,Control
3420979_NPK_EG_25_195_S201_L001_R1_001_trim,gen3,gen3_Control,Control
3420980_NPK_EG_25_196_S202_L001_R1_001_trim,gen3,gen3_Control,Control
3420981_NPK_EG_25_197_S203_L001_R1_001_trim,gen3,gen3_Control,Control
3420982_NPK_EG_25_198_S204_L001_R1_001_trim,gen3,gen3_Control,Control
3420983_NPK_EG_25_199_S205_L001_R1_001_trim,gen3,gen3_Control,Control
3420984_NPK_EG_25_200_S206_L001_R1_001_trim,gen3,gen3_Control,Control
3420985_NPK_EG_25_201_S207_L001_R1_001_trim,gen3,gen3_Control,Control
3420986_NPK_EG_25_202_S208_L001_R1_001_trim,gen3,gen3_Control,Control
3420988_NPK_EG_25_203_S210_L001_R1_001_trim,gen3,gen3_Control,Control
3420989_NPK_EG_25_204_S211_L001_R1_001_trim,gen3,gen3_Control,Control
3420990_NPK_EG_25_205_S212_L001_R1_001_trim,gen3,gen3_Control,Control
3420991_NPK_EG_25_206_S213_L001_R1_001_trim,gen3,gen3_Control,Control
3420992_NPK_EG_25_207_S214_L001_R1_001_trim,gen3,gen3_Control,Control
3420993_NPK_EG_25_208_S215_L001_R1_001_trim,gen3,gen3_Control,Control
3420994_NPK_EG_25_209_S216_L001_R1_001_trim,gen3,gen3_Control,Control
3420995_NPK_EG_25_210_S217_L001_R1_001_trim,gen3,gen3_Control,Control
3420996_NPK_EG_25_211_S218_L001_R1_001_trim,gen3,gen3_Control,Control
3420997_NPK_EG_25_212_S219_L001_R1_001_trim,gen3,gen3_Control,Control
3420998_NPK_EG_25_213_S220_L001_R1_001_trim,gen3,gen3_Control,Control
3420999_NPK_EG_25_214_S221_L001_R1_001_trim,gen3,gen3_Control,Control
3421000_NPK_EG_25_215_S222_L001_R1_001_trim,gen3,gen3_Control,Control
3421001_NPK_EG_25_216_S223_L001_R1_001_trim,gen3,gen3_Control,Control
3421002_NPK_EG_25_217_S224_L001_R1_001_trim,gen3,gen3_Control,Control
3421003_NPK_EG_25_218_S225_L001_R1_001_trim,gen3,gen3_Control,Control
3421004_NPK_EG_25_219_S226_L001_R1_001_trim,gen3,gen3_Control,Control
3421005_NPK_EG_25_220_S227_L001_R1_001_trim,gen3,gen3_Control,Control
3421006_NPK_EG_25_221_S228_L001_R1_001_trim,gen3,gen3_Control,Control
3421007_NPK_EG_25_222_S229_L001_R1_001_trim,gen3,gen3_Control,Control
3421008_NPK_EG_25_223_S230_L001_R1_001_trim,gen3,gen3_Control,Control
3421009_NPK_EG_25_224_S231_L001_R1_001_trim,gen3,gen3_Control,Control
3421010_NPK_EG_25_225_S232_L001_R1_001_trim,gen3,gen3_Control,Control
3421011_NPK_EG_25_226_S233_L001_R1_001_trim,gen3,gen3_Control,Control
3421012_NPK_EG_25_227_S234_L001_R1_001_trim,gen3,gen3_Control,Control
3421013_NPK_EG_25_228_S235_L001_R1_001_trim,gen3,gen3_Control,Control
3421014_NPK_EG_25_229_S236_L001_R1_001_trim,gen3,gen3_Control,Control
3421015_NPK_EG_25_230_S237_L001_R1_001_trim,gen3,gen3_Control,Control
3421016_NPK_EG_25_231_S238_L001_R1_001_trim,gen3,gen3_Control,Control
3421017_NPK_EG_25_232_S239_L001_R1_001_trim,gen3,gen3_Control,Control
3421018_NPK_EG_25_233_S240_L001_R1_001_trim,gen3,gen3_Control,Control
3421019_NPK_EG_25_234_S241_L001_R1_001_trim,gen3,gen3_Control,Control
3421020_NPK_EG_25_235_S242_L001_R1_001_trim,gen3,gen3_Control,Control
3421021_NPK_EG_25_236_S243_L001_R1_001_trim,gen3,gen3_Control,Control
3421022_NPK_EG_25_237_S244_L001_R1_001_trim,gen3,gen3_Control,Control
3421023_NPK_EG_25_238_S245_L001_R1_001_trim,gen3,gen3_Control,Control
3421024_NPK_EG_25_239_S246_L001_R1_001_trim,gen3,gen3_Control,Control
3421025_NPK_EG_25_240_S247_L001_R1_001_trim,gen3,gen3_Control,Control
3421026_NPK_EG_25_241_S248_L001_R1_001_trim,gen3,gen3_Control,Control
3421027_NPK_EG_25_242_S249_L001_R1_001_trim,gen3,gen3_Control,Control
3421028_NPK_EG_25_243_S250_L001_R1_001_trim,gen3,gen3_Control,Control
3421029_NPK_EG_25_244_S251_L001_R1_001_trim,gen3,gen3_Control,Control
3421030_NPK_EG_25_245_S252_L001_R1_001_trim,gen3,gen3_Control,Control
3421031_NPK_EG_25_246_S253_L001_R1_001_trim,gen3,gen3_Control,Control
3421032_NPK_EG_25_247_S254_L001_R1_001_trim,gen3,gen3_Control,Control
3421033_NPK_EG_25_248_S255_L001_R1_001_trim,gen3,gen3_Control,Control
3421034_NPK_EG_25_249_S256_L001_R1_001_trim,gen3,gen3_Control,Control
3421035_NPK_EG_25_250_S257_L001_R1_001_trim,gen3,gen3_Control,Control
3073447_NF_22_B_25_S547_L002_R1_001,popVar,popVar_ND,ND
3073455_NF_22_B_84_S548_L002_R1_001,popVar,popVar_ND,ND
3073463_NF_22_B_96_S549_L002_R1_001,popVar,popVar_ND,ND
3073471_NF_22_B_72_S550_L002_R1_001,popVar,popVar_ND,ND
3073479_NF_22_B_101_S551_L002_R1_001,popVar,popVar_ND,ND
3073487_NF_22_B_168_S552_L002_R1_001,popVar,popVar_ND,ND
3078298_NF_22_B_1_S1_L001_R1_001,popVar,popVar_ND,ND
3078299_NF_22_B_13_S13_L001_R1_001,popVar,popVar_ND,ND
3078301_NF_22_B_49_S36_L001_R1_001,popVar,popVar_ND,ND
3078302_NF_22_B_37_S48_L001_R1_001,popVar,popVar_ND,ND
3078303_NF_22_A_61_S60_L001_R1_001,popVar,popVar_ND,ND
3078304_NF_22_A_73_S71_L001_R1_001,popVar,popVar_ND,ND
3078305_NF_22_A_85_S82_L001_R1_001,popVar,popVar_ND,ND
3078306_NF_22_B_2_S2_L001_R1_001,popVar,popVar_ND,ND
3078307_NF_22_B_14_S14_L001_R1_001,popVar,popVar_ND,ND
3078308_NF_22_B_26_S25_L001_R1_001,popVar,popVar_ND,ND
3078309_NF_22_B_50_S37_L001_R1_001,popVar,popVar_ND,ND
3078310_NF_22_B_38_S49_L001_R1_001,popVar,popVar_ND,ND
3078311_NF_22_B_62_S61_L001_R1_001,popVar,popVar_ND,ND
3078312_NF_22_B_74_S72_L001_R1_001,popVar,popVar_ND,ND
3078313_NF_22_B_86_S83_L001_R1_001,popVar,popVar_ND,ND
3078314_NF_22_B_3_S3_L001_R1_001,popVar,popVar_ND,ND
3078315_NF_22_B_15_S15_L001_R1_001,popVar,popVar_ND,ND
3078316_NF_22_B_27_S26_L001_R1_001,popVar,popVar_ND,ND
3078317_NF_22_B_51_S38_L001_R1_001,popVar,popVar_ND,ND
3078318_NF_22_B_39_S50_L001_R1_001,popVar,popVar_ND,ND
3078319_NF_22_B_63_S62_L001_R1_001,popVar,popVar_ND,ND
3078320_NF_22_B_75_S73_L001_R1_001,popVar,popVar_ND,ND
3078321_NF_22_B_87_S84_L001_R1_001,popVar,popVar_ND,ND
3078322_NF_22_B_4_S4_L001_R1_001,popVar,popVar_ND,ND
3078323_NF_22_B_16_S16_L001_R1_001,popVar,popVar_ND,ND
3078324_NF_22_B_28_S27_L001_R1_001,popVar,popVar_ND,ND
3078325_NF_22_B_52_S39_L001_R1_001,popVar,popVar_ND,ND
3078326_NF_22_B_40_S51_L001_R1_001,popVar,popVar_ND,ND
3078327_NF_22_B_64_S63_L001_R1_001,popVar,popVar_ND,ND
3078328_NF_22_B_76_S74_L001_R1_001,popVar,popVar_ND,ND
3078329_NF_22_B_88_S85_L001_R1_001,popVar,popVar_ND,ND
3078330_NF_22_B_5_S5_L001_R1_001,popVar,popVar_ND,ND
3078331_NF_22_B_17_S17_L001_R1_001,popVar,popVar_ND,ND
3078332_NF_22_B_29_S28_L001_R1_001,popVar,popVar_ND,ND
3078333_NF_22_B_53_S40_L001_R1_001,popVar,popVar_ND,ND
3078334_NF_22_B_41_S52_L001_R1_001,popVar,popVar_ND,ND
3078335_NF_22_B_65_S64_L001_R1_001,popVar,popVar_ND,ND
3078336_NF_22_B_77_S75_L001_R1_001,popVar,popVar_ND,ND
3078337_NF_22_B_89_S86_L001_R1_001,popVar,popVar_ND,ND
3078338_NF_22_B_6_S6_L001_R1_001,popVar,popVar_ND,ND
3078339_NF_22_B_18_S18_L001_R1_001,popVar,popVar_ND,ND
3078340_NF_22_B_30_S29_L001_R1_001,popVar,popVar_ND,ND
3078341_NF_22_B_54_S41_L001_R1_001,popVar,popVar_ND,ND
3078342_NF_22_B_42_S53_L001_R1_001,popVar,popVar_ND,ND
3078343_NF_22_B_66_S65_L001_R1_001,popVar,popVar_ND,ND
3078344_NF_22_B_78_S76_L001_R1_001,popVar,popVar_ND,ND
3078345_NF_22_B_90_S87_L001_R1_001,popVar,popVar_ND,ND
3078346_NF_22_B_7_S7_L001_R1_001,popVar,popVar_ND,ND
3078347_NF_22_B_19_S19_L001_R1_001,popVar,popVar_ND,ND
3078348_NF_22_B_31_S30_L001_R1_001,popVar,popVar_ND,ND
3078349_NF_22_B_55_S42_L001_R1_001,popVar,popVar_ND,ND
3078350_NF_22_B_43_S54_L001_R1_001,popVar,popVar_ND,ND
3078351_NF_22_B_67_S66_L001_R1_001,popVar,popVar_ND,ND
3078352_NF_22_B_79_S77_L001_R1_001,popVar,popVar_ND,ND
3078353_NF_22_B_91_S88_L001_R1_001,popVar,popVar_ND,ND
3078354_NF_22_B_8_S8_L001_R1_001,popVar,popVar_ND,ND
3078355_NF_22_B_20_S20_L001_R1_001,popVar,popVar_ND,ND
3078356_NF_22_B_32_S31_L001_R1_001,popVar,popVar_ND,ND
3078357_NF_22_B_56_S43_L001_R1_001,popVar,popVar_ND,ND
3078358_NF_22_B_44_S55_L001_R1_001,popVar,popVar_ND,ND
3078359_NF_22_B_68_S67_L001_R1_001,popVar,popVar_ND,ND
3078360_NF_22_B_80_S78_L001_R1_001,popVar,popVar_ND,ND
3078361_NF_22_B_92_S89_L001_R1_001,popVar,popVar_ND,ND
3078362_NF_22_B_9_S9_L001_R1_001,popVar,popVar_ND,ND
3078363_NF_22_B_21_S21_L001_R1_001,popVar,popVar_ND,ND
3078364_NF_22_B_33_S32_L001_R1_001,popVar,popVar_ND,ND
3078365_NF_22_B_57_S44_L001_R1_001,popVar,popVar_ND,ND
3078366_NF_22_B_45_S56_L001_R1_001,popVar,popVar_ND,ND
3078367_NF_22_B_69_S68_L001_R1_001,popVar,popVar_ND,ND
3078368_NF_22_B_81_S79_L001_R1_001,popVar,popVar_ND,ND
3078369_NF_22_A_93_S90_L001_R1_001,popVar,popVar_ND,ND
3078370_NF_22_B_10_S10_L001_R1_001,popVar,popVar_ND,ND
3078371_NF_22_B_22_S22_L001_R1_001,popVar,popVar_ND,ND
3078372_NF_22_B_34_S33_L001_R1_001,popVar,popVar_ND,ND
3078373_NF_22_B_58_S45_L001_R1_001,popVar,popVar_ND,ND
3078374_NF_22_B_46_S57_L001_R1_001,popVar,popVar_ND,ND
3078375_NF_22_B_70_S69_L001_R1_001,popVar,popVar_ND,ND
3078376_NF_22_B_82_S80_L001_R1_001,popVar,popVar_ND,ND
3078377_NF_22_B_94_S91_L001_R1_001,popVar,popVar_ND,ND
3078378_NF_22_B_11_S11_L001_R1_001,popVar,popVar_ND,ND
3078379_NF_22_B_23_S23_L001_R1_001,popVar,popVar_ND,ND
3078380_NF_22_B_35_S34_L001_R1_001,popVar,popVar_ND,ND
3078381_NF_22_B_59_S46_L001_R1_001,popVar,popVar_ND,ND
3078382_NF_22_B_47_S58_L001_R1_001,popVar,popVar_ND,ND
3078383_NF_22_B_71_S70_L001_R1_001,popVar,popVar_ND,ND
3078384_NF_22_B_83_S81_L001_R1_001,popVar,popVar_ND,ND
3078385_NF_22_B_95_S92_L001_R1_001,popVar,popVar_ND,ND
3078386_NF_22_B_12_S12_L001_R1_001,popVar,popVar_ND,ND
3078387_NF_22_B_24_S24_L001_R1_001,popVar,popVar_ND,ND
3078388_NF_22_B_36_S35_L001_R1_001,popVar,popVar_ND,ND
3078389_NF_22_B_60_S47_L001_R1_001,popVar,popVar_ND,ND
3078390_NF_22_B_48_S59_L001_R1_001,popVar,popVar_ND,ND
3078394_NF_22_B_97_S93_L001_R1_001,popVar,popVar_ND,ND
3078395_NF_22_B_109_S104_L001_R1_001,popVar,popVar_ND,ND
3078396_NF_22_B_121_S116_L001_R1_001,popVar,popVar_ND,ND
3078397_NF_22_B_133_S128_L001_R1_001,popVar,popVar_ND,ND
3078398_NF_22_A_145_S140_L001_R1_001,popVar,popVar_ND,ND
3078399_NF_22_B_157_S152_L001_R1_001,popVar,popVar_ND,ND
3078400_NF_22_B_169_S163_L001_R1_001,popVar,popVar_ND,ND
3078401_NF_22_B_181_S174_L001_R1_001,popVar,popVar_ND,ND
3078402_NF_22_B_98_S94_L001_R1_001,popVar,popVar_ND,ND
3078403_NF_22_B_110_S105_L001_R1_001,popVar,popVar_ND,ND
3078404_NF_22_B_122_S117_L001_R1_001,popVar,popVar_ND,ND
3078405_NF_22_B_134_S129_L001_R1_001,popVar,popVar_ND,ND
3078406_NF_22_B_146_S141_L001_R1_001,popVar,popVar_ND,ND
3078407_NF_22_B_158_S153_L001_R1_001,popVar,popVar_ND,ND
3078408_NF_22_B_170_S164_L001_R1_001,popVar,popVar_ND,ND
3078409_NF_22_B_182_S175_L001_R1_001,popVar,popVar_ND,ND
3078410_NF_22_B_99_S95_L001_R1_001,popVar,popVar_ND,ND
3078411_NF_22_B_111_S106_L001_R1_001,popVar,popVar_ND,ND
3078412_NF_22_B_123_S118_L001_R1_001,popVar,popVar_ND,ND
3078413_NF_22_B_135_S130_L001_R1_001,popVar,popVar_ND,ND
3078414_NF_22_B_147_S142_L001_R1_001,popVar,popVar_ND,ND
3078415_NF_22_A_159_S154_L001_R1_001,popVar,popVar_ND,ND
3078416_NF_22_B_171_S165_L001_R1_001,popVar,popVar_ND,ND
3078417_NF_22_B_183_S176_L001_R1_001,popVar,popVar_ND,ND
3078418_NF_22_B_100_S96_L001_R1_001,popVar,popVar_ND,ND
3078419_NF_22_B_112_S107_L001_R1_001,popVar,popVar_ND,ND
3078420_NF_22_B_124_S119_L001_R1_001,popVar,popVar_ND,ND
3078421_NF_22_B_136_S131_L001_R1_001,popVar,popVar_ND,ND
3078422_NF_22_B_148_S143_L001_R1_001,popVar,popVar_ND,ND
3078423_NF_22_B_160_S155_L001_R1_001,popVar,popVar_ND,ND
3078424_NF_22_B_172_S166_L001_R1_001,popVar,popVar_ND,ND
3078425_NF_22_B_184_S177_L001_R1_001,popVar,popVar_ND,ND
3078427_NF_22_A_113_S108_L001_R1_001,popVar,popVar_ND,ND
3078428_NF_22_B_125_S120_L001_R1_001,popVar,popVar_ND,ND
3078429_NF_22_A_137_S132_L001_R1_001,popVar,popVar_ND,ND
3078430_NF_22_B_149_S144_L001_R1_001,popVar,popVar_ND,ND
3078431_NF_22_B_161_S156_L001_R1_001,popVar,popVar_ND,ND
3078432_NF_22_B_173_S167_L001_R1_001,popVar,popVar_ND,ND
3078433_NF_22_B_185_S178_L001_R1_001,popVar,popVar_ND,ND
3078434_NF_22_B_102_S97_L001_R1_001,popVar,popVar_ND,ND
3078435_NF_22_B_114_S109_L001_R1_001,popVar,popVar_ND,ND
3078436_NF_22_B_126_S121_L001_R1_001,popVar,popVar_ND,ND
3078437_NF_22_B_138_S133_L001_R1_001,popVar,popVar_ND,ND
3078438_NF_22_B_150_S145_L001_R1_001,popVar,popVar_ND,ND
3078439_NF_22_B_162_S157_L001_R1_001,popVar,popVar_ND,ND
3078440_NF_22_B_174_S168_L001_R1_001,popVar,popVar_ND,ND
3078441_NF_22_B_186_S179_L001_R1_001,popVar,popVar_ND,ND
3078442_NF_22_B_103_S98_L001_R1_001,popVar,popVar_ND,ND
3078443_NF_22_B_115_S110_L001_R1_001,popVar,popVar_ND,ND
3078444_NF_22_B_127_S122_L001_R1_001,popVar,popVar_ND,ND
3078445_NF_22_A_139_S134_L001_R1_001,popVar,popVar_ND,ND
3078446_NF_22_B_151_S146_L001_R1_001,popVar,popVar_ND,ND
3078447_NF_22_B_163_S158_L001_R1_001,popVar,popVar_ND,ND
3078448_NF_22_B_175_S169_L001_R1_001,popVar,popVar_ND,ND
3078449_NF_22_B_187_S180_L001_R1_001,popVar,popVar_ND,ND
3078450_NF_22_B_104_S99_L001_R1_001,popVar,popVar_ND,ND
3078451_NF_22_B_116_S111_L001_R1_001,popVar,popVar_ND,ND
3078452_NF_22_B_128_S123_L001_R1_001,popVar,popVar_ND,ND
3078453_NF_22_B_140_S135_L001_R1_001,popVar,popVar_ND,ND
3078454_NF_22_B_152_S147_L001_R1_001,popVar,popVar_ND,ND
3078455_NF_22_B_164_S159_L001_R1_001,popVar,popVar_ND,ND
3078456_NF_22_B_176_S170_L001_R1_001,popVar,popVar_ND,ND
3078457_NF_22_B_188_S181_L001_R1_001,popVar,popVar_ND,ND
3078458_NF_22_B_105_S100_L001_R1_001,popVar,popVar_ND,ND
3078459_NF_22_B_117_S112_L001_R1_001,popVar,popVar_ND,ND
3078460_NF_22_B_129_S124_L001_R1_001,popVar,popVar_ND,ND
3078461_NF_22_B_141_S136_L001_R1_001,popVar,popVar_ND,ND
3078462_NF_22_B_153_S148_L001_R1_001,popVar,popVar_ND,ND
3078463_NF_22_B_165_S160_L001_R1_001,popVar,popVar_ND,ND
3078464_NF_22_A_177_S171_L001_R1_001,popVar,popVar_ND,ND
3078465_NF_22_B_189_S182_L001_R1_001,popVar,popVar_ND,ND
3078466_NF_22_B_106_S101_L001_R1_001,popVar,popVar_ND,ND
3078467_NF_22_B_118_S113_L001_R1_001,popVar,popVar_ND,ND
3078468_NF_22_B_130_S125_L001_R1_001,popVar,popVar_ND,ND
3078469_NF_22_B_142_S137_L001_R1_001,popVar,popVar_ND,ND
3078470_NF_22_B_154_S149_L001_R1_001,popVar,popVar_ND,ND
3078471_NF_22_B_166_S161_L001_R1_001,popVar,popVar_ND,ND
3078472_NF_22_B_178_S172_L001_R1_001,popVar,popVar_ND,ND
3078473_NF_22_B_190_S183_L001_R1_001,popVar,popVar_ND,ND
3078474_NF_22_B_107_S102_L001_R1_001,popVar,popVar_ND,ND
3078475_NF_22_B_119_S114_L001_R1_001,popVar,popVar_ND,ND
3078476_NF_22_B_131_S126_L001_R1_001,popVar,popVar_ND,ND
3078477_NF_22_B_143_S138_L001_R1_001,popVar,popVar_ND,ND
3078478_NF_22_B_155_S150_L001_R1_001,popVar,popVar_ND,ND
3078479_NF_22_B_167_S162_L001_R1_001,popVar,popVar_ND,ND
3078480_NF_22_B_179_S173_L001_R1_001,popVar,popVar_ND,ND
3078481_NF_22_B_191_S184_L001_R1_001,popVar,popVar_ND,ND
3078482_NF_22_B_108_S103_L001_R1_001,popVar,popVar_ND,ND
3078483_NF_22_B_120_S115_L001_R1_001,popVar,popVar_ND,ND
3078484_NF_22_B_132_S127_L001_R1_001,popVar,popVar_ND,ND
3078485_NF_22_B_144_S139_L001_R1_001,popVar,popVar_ND,ND
3078486_NF_22_B_156_S151_L001_R1_001,popVar,popVar_ND,ND
3078490_NF_22_A_193_S185_L001_R1_001,popVar,popVar_ND,ND
3078491_NF_22_B_207_S197_L001_R1_001,popVar,popVar_ND,ND
3078492_NF_22_B_219_S209_L001_R1_001,popVar,popVar_ND,ND
3078493_NF_22_B_231_S221_L001_R1_001,popVar,popVar_ND,ND
3078494_NF_22_B_243_S232_L001_R1_001,popVar,popVar_ND,ND
3078495_NF_22_B_255_S244_L001_R1_001,popVar,popVar_ND,ND
3078496_NF_22_B_267_S255_L001_R1_001,popVar,popVar_ND,ND
3078497_NF_22_B_279_S266_L001_R1_001,popVar,popVar_ND,ND
3078498_NF_22_B_194_S186_L001_R1_001,popVar,popVar_ND,ND
3078499_NF_22_B_208_S198_L001_R1_001,popVar,popVar_ND,ND
3078500_NF_22_B_220_S210_L001_R1_001,popVar,popVar_ND,ND
3078501_NF_22_B_232_S222_L001_R1_001,popVar,popVar_ND,ND
3078502_NF_22_B_244_S233_L001_R1_001,popVar,popVar_ND,ND
3078503_NF_22_B_256_S245_L001_R1_001,popVar,popVar_ND,ND
3078504_NF_22_B_268_S256_L001_R1_001,popVar,popVar_ND,ND
3078505_NF_22_B_280_S267_L001_R1_001,popVar,popVar_ND,ND
3078506_NF_22_A_196_S187_L001_R1_001,popVar,popVar_ND,ND
3078507_NF_22_B_209_S199_L001_R1_001,popVar,popVar_ND,ND
3078508_NF_22_B_221_S211_L001_R1_001,popVar,popVar_ND,ND
3078509_NF_22_B_233_S223_L001_R1_001,popVar,popVar_ND,ND
3078510_NF_22_B_245_S234_L001_R1_001,popVar,popVar_ND,ND
3078511_NF_22_B_257_S246_L001_R1_001,popVar,popVar_ND,ND
3078512_NF_22_B_269_S257_L001_R1_001,popVar,popVar_ND,ND
3078513_NF_22_B_281_S268_L001_R1_001,popVar,popVar_ND,ND
3078514_NF_22_A_197_S188_L001_R1_001,popVar,popVar_ND,ND
3078515_NF_22_B_210_S200_L001_R1_001,popVar,popVar_ND,ND
3078516_NF_22_B_222_S212_L001_R1_001,popVar,popVar_ND,ND
3078517_NF_22_B_234_S224_L001_R1_001,popVar,popVar_ND,ND
3078518_NF_22_B_246_S235_L001_R1_001,popVar,popVar_ND,ND
3078519_NF_22_B_258_S247_L001_R1_001,popVar,popVar_ND,ND
3078520_NF_22_B_270_S258_L001_R1_001,popVar,popVar_ND,ND
3078521_NF_22_B_282_S269_L001_R1_001,popVar,popVar_ND,ND
3078522_NF_22_B_198_S189_L001_R1_001,popVar,popVar_ND,ND
3078523_NF_22_B_211_S201_L001_R1_001,popVar,popVar_ND,ND
3078524_NF_22_B_223_S213_L001_R1_001,popVar,popVar_ND,ND
3078525_NF_22_B_235_S225_L001_R1_001,popVar,popVar_ND,ND
3078526_NF_22_B_247_S236_L001_R1_001,popVar,popVar_ND,ND
3078527_NF_22_B_259_S248_L001_R1_001,popVar,popVar_ND,ND
3078528_NF_22_B_271_S259_L001_R1_001,popVar,popVar_ND,ND
3078529_NF_22_B_283_S270_L001_R1_001,popVar,popVar_ND,ND
3078530_NF_22_B_199_S190_L001_R1_001,popVar,popVar_ND,ND
3078531_NF_22_B_212_S202_L001_R1_001,popVar,popVar_ND,ND
3078532_NF_22_B_224_S214_L001_R1_001,popVar,popVar_ND,ND
3078534_NF_22_B_248_S237_L001_R1_001,popVar,popVar_ND,ND
3078535_NF_22_B_260_S249_L001_R1_001,popVar,popVar_ND,ND
3078536_NF_22_B_272_S260_L001_R1_001,popVar,popVar_ND,ND
3078537_NF_22_B_284_S271_L001_R1_001,popVar,popVar_ND,ND
3078538_NF_22_A_200_S191_L001_R1_001,popVar,popVar_ND,ND
3078539_NF_22_B_213_S203_L001_R1_001,popVar,popVar_ND,ND
3078540_NF_22_B_225_S215_L001_R1_001,popVar,popVar_ND,ND
3078541_NF_22_B_237_S226_L001_R1_001,popVar,popVar_ND,ND
3078542_NF_22_B_249_S238_L001_R1_001,popVar,popVar_ND,ND
3078543_NF_22_B_261_S250_L001_R1_001,popVar,popVar_ND,ND
3078544_NF_22_B_273_S261_L001_R1_001,popVar,popVar_ND,ND
3078545_NF_22_B_285_S272_L001_R1_001,popVar,popVar_ND,ND
3078546_NF_22_A_202_S192_L001_R1_001,popVar,popVar_ND,ND
3078547_NF_22_B_214_S204_L001_R1_001,popVar,popVar_ND,ND
3078548_NF_22_B_226_S216_L001_R1_001,popVar,popVar_ND,ND
3078549_NF_22_B_238_S227_L001_R1_001,popVar,popVar_ND,ND
3078550_NF_22_B_250_S239_L001_R1_001,popVar,popVar_ND,ND
3078551_NF_22_B_262_S251_L001_R1_001,popVar,popVar_ND,ND
3078552_NF_22_B_274_S262_L001_R1_001,popVar,popVar_ND,ND
3078553_NF_22_B_286_S273_L001_R1_001,popVar,popVar_ND,ND
3078554_NF_22_B_203_S193_L001_R1_001,popVar,popVar_ND,ND
3078555_NF_22_B_215_S205_L001_R1_001,popVar,popVar_ND,ND
3078556_NF_22_B_227_S217_L001_R1_001,popVar,popVar_ND,ND
3078557_NF_22_B_239_S228_L001_R1_001,popVar,popVar_ND,ND
3078558_NF_22_B_251_S240_L001_R1_001,popVar,popVar_ND,ND
3078559_NF_22_B_263_S252_L001_R1_001,popVar,popVar_ND,ND
3078560_NF_22_B_275_S263_L001_R1_001,popVar,popVar_ND,ND
3078561_NF_22_B_287_S274_L001_R1_001,popVar,popVar_ND,ND
3078562_NF_22_B_204_S194_L001_R1_001,popVar,popVar_ND,ND
3078563_NF_22_B_216_S206_L001_R1_001,popVar,popVar_ND,ND
3078564_NF_22_B_228_S218_L001_R1_001,popVar,popVar_ND,ND
3078565_NF_22_A_240_S229_L001_R1_001,popVar,popVar_ND,ND
3078566_NF_22_B_252_S241_L001_R1_001,popVar,popVar_ND,ND
3078567_NF_22_B_264_S253_L001_R1_001,popVar,popVar_ND,ND
3078568_NF_22_B_276_S264_L001_R1_001,popVar,popVar_ND,ND
3078569_NF_22_B_288_S275_L001_R1_001,popVar,popVar_ND,ND
3078570_NF_22_B_205_S195_L001_R1_001,popVar,popVar_ND,ND
3078571_NF_22_B_217_S207_L001_R1_001,popVar,popVar_ND,ND
3078572_NF_22_B_229_S219_L001_R1_001,popVar,popVar_ND,ND
3078573_NF_22_B_241_S230_L001_R1_001,popVar,popVar_ND,ND
3078574_NF_22_B_253_S242_L001_R1_001,popVar,popVar_ND,ND
3078575_NF_22_B_265_S254_L001_R1_001,popVar,popVar_ND,ND
3078576_NF_22_B_277_S265_L001_R1_001,popVar,popVar_ND,ND
3078577_NF_22_B_278_S276_L001_R1_001,popVar,popVar_ND,ND
3078578_NF_22_B_206_S196_L001_R1_001,popVar,popVar_ND,ND
3078579_NF_22_B_218_S208_L001_R1_001,popVar,popVar_ND,ND
3078580_NF_22_B_230_S220_L001_R1_001,popVar,popVar_ND,ND
3078581_NF_22_B_242_S231_L001_R1_001,popVar,popVar_ND,ND
3078582_NF_22_B_254_S243_L001_R1_001,popVar,popVar_ND,ND
3073208_NPK_22_B_1_S277_L002_R1_001,popVar,popVar_Control,Control
3073209_NPK_22_B_13_S289_L002_R1_001,popVar,popVar_Control,Control
3073210_NPK_22_B_25_S300_L002_R1_001,popVar,popVar_Control,Control
3073211_NPK_22_B_37_S312_L002_R1_001,popVar,popVar_Control,Control
3073212_NPK_22_B_49_S324_L002_R1_001,popVar,popVar_Control,Control
3073213_NPK_22_B_61_S336_L002_R1_001,popVar,popVar_Control,Control
3073214_NPK_22_B_75_S347_L002_R1_001,popVar,popVar_Control,Control
3073215_NPK_22_B_87_S358_L002_R1_001,popVar,popVar_Control,Control
3073216_NPK_22_B_2_S278_L002_R1_001,popVar,popVar_Control,Control
3073217_NPK_22_A_14_S290_L002_R1_001,popVar,popVar_Control,Control
3073218_NPK_22_B_26_S301_L002_R1_001,popVar,popVar_Control,Control
3073219_NPK_22_B_38_S313_L002_R1_001,popVar,popVar_Control,Control
3073220_NPK_22_B_50_S325_L002_R1_001,popVar,popVar_Control,Control
3073221_NPK_22_B_62_S337_L002_R1_001,popVar,popVar_Control,Control
3073222_NPK_22_B_76_S348_L002_R1_001,popVar,popVar_Control,Control
3073223_NPK_22_B_88_S359_L002_R1_001,popVar,popVar_Control,Control
3073224_NPK_22_B_3_S279_L002_R1_001,popVar,popVar_Control,Control
3073225_NPK_22_B_15_S291_L002_R1_001,popVar,popVar_Control,Control
3073226_NPK_22_B_27_S302_L002_R1_001,popVar,popVar_Control,Control
3073227_NPK_22_B_39_S314_L002_R1_001,popVar,popVar_Control,Control
3073228_NPK_22_B_51_S326_L002_R1_001,popVar,popVar_Control,Control
3073229_NPK_22_B_63_S338_L002_R1_001,popVar,popVar_Control,Control
3073230_NPK_22_B_77_S349_L002_R1_001,popVar,popVar_Control,Control
3073231_NPK_22_B_89_S360_L002_R1_001,popVar,popVar_Control,Control
3073232_NPK_22_B_4_S280_L002_R1_001,popVar,popVar_Control,Control
3073233_NPK_22_B_16_S292_L002_R1_001,popVar,popVar_Control,Control
3073234_NPK_22_B_28_S303_L002_R1_001,popVar,popVar_Control,Control
3073235_NPK_22_B_40_S315_L002_R1_001,popVar,popVar_Control,Control
3073236_NPK_22_B_52_S327_L002_R1_001,popVar,popVar_Control,Control
3073237_NPK_22_B_64_S339_L002_R1_001,popVar,popVar_Control,Control
3073238_NPK_22_B_78_S350_L002_R1_001,popVar,popVar_Control,Control
3073239_NPK_22_B_90_S361_L002_R1_001,popVar,popVar_Control,Control
3073240_NPK_22_A_5_S281_L002_R1_001,popVar,popVar_Control,Control
3073241_NPK_22_B_17_S293_L002_R1_001,popVar,popVar_Control,Control
3073242_NPK_22_B_29_S304_L002_R1_001,popVar,popVar_Control,Control
3073243_NPK_22_B_41_S316_L002_R1_001,popVar,popVar_Control,Control
3073244_NPK_22_B_53_S328_L002_R1_001,popVar,popVar_Control,Control
3073245_NPK_22_B_65_S340_L002_R1_001,popVar,popVar_Control,Control
3073246_NPK_22_B_79_S351_L002_R1_001,popVar,popVar_Control,Control
3073247_NPK_22_B_91_S362_L002_R1_001,popVar,popVar_Control,Control
3073248_NPK_22_B_6_S282_L002_R1_001,popVar,popVar_Control,Control
3073249_NPK_22_B_18_S294_L002_R1_001,popVar,popVar_Control,Control
3073250_NPK_22_B_30_S305_L002_R1_001,popVar,popVar_Control,Control
3073251_NPK_22_B_42_S317_L002_R1_001,popVar,popVar_Control,Control
3073252_NPK_22_B_54_S329_L002_R1_001,popVar,popVar_Control,Control
3073253_NPK_22_B_66_S341_L002_R1_001,popVar,popVar_Control,Control
3073254_NPK_22_B_80_S352_L002_R1_001,popVar,popVar_Control,Control
3073255_NPK_22_B_92_S363_L002_R1_001,popVar,popVar_Control,Control
3073256_NPK_22_B_7_S283_L002_R1_001,popVar,popVar_Control,Control
3073257_NPK_22_B_19_S295_L002_R1_001,popVar,popVar_Control,Control
3073258_NPK_22_B_31_S306_L002_R1_001,popVar,popVar_Control,Control
3073259_NPK_22_B_43_S318_L002_R1_001,popVar,popVar_Control,Control
3073260_NPK_22_B_55_S330_L002_R1_001,popVar,popVar_Control,Control
3073261_NPK_22_B_67_S342_L002_R1_001,popVar,popVar_Control,Control
3073262_NPK_22_B_81_S353_L002_R1_001,popVar,popVar_Control,Control
3073263_NPK_22_B_93_S364_L002_R1_001,popVar,popVar_Control,Control
3073264_NPK_22_B_8_S284_L002_R1_001,popVar,popVar_Control,Control
3073265_NPK_22_B_20_S296_L002_R1_001,popVar,popVar_Control,Control
3073266_NPK_22_B_32_S307_L002_R1_001,popVar,popVar_Control,Control
3073267_NPK_22_B_44_S319_L002_R1_001,popVar,popVar_Control,Control
3073268_NPK_22_B_56_S331_L002_R1_001,popVar,popVar_Control,Control
3073269_NPK_22_B_70_S343_L002_R1_001,popVar,popVar_Control,Control
3073270_NPK_22_B_82_S354_L002_R1_001,popVar,popVar_Control,Control
3073271_NPK_22_B_94_S365_L002_R1_001,popVar,popVar_Control,Control
3073272_NPK_22_B_9_S285_L002_R1_001,popVar,popVar_Control,Control
3073273_NPK_22_B_21_S297_L002_R1_001,popVar,popVar_Control,Control
3073274_NPK_22_B_33_S308_L002_R1_001,popVar,popVar_Control,Control
3073275_NPK_22_B_45_S320_L002_R1_001,popVar,popVar_Control,Control
3073276_NPK_22_B_57_S332_L002_R1_001,popVar,popVar_Control,Control
3073277_NPK_22_B_71_S344_L002_R1_001,popVar,popVar_Control,Control
3073278_NPK_22_B_83_S355_L002_R1_001,popVar,popVar_Control,Control
3073279_NPK_22_B_95_S366_L002_R1_001,popVar,popVar_Control,Control
3073280_NPK_22_B_10_S286_L002_R1_001,popVar,popVar_Control,Control
3073281_NPK_22_B_22_S298_L002_R1_001,popVar,popVar_Control,Control
3073282_NPK_22_B_34_S309_L002_R1_001,popVar,popVar_Control,Control
3073283_NPK_22_B_46_S321_L002_R1_001,popVar,popVar_Control,Control
3073284_NPK_22_B_58_S333_L002_R1_001,popVar,popVar_Control,Control
3073285_NPK_22_B_72_S345_L002_R1_001,popVar,popVar_Control,Control
3073286_NPK_22_B_84_S356_L002_R1_001,popVar,popVar_Control,Control
3073287_NPK_22_B_96_S367_L002_R1_001,popVar,popVar_Control,Control
3073288_NPK_22_A_11_S287_L002_R1_001,popVar,popVar_Control,Control
3073290_NPK_22_B_35_S310_L002_R1_001,popVar,popVar_Control,Control
3073291_NPK_22_B_47_S322_L002_R1_001,popVar,popVar_Control,Control
3073292_NPK_22_B_59_S334_L002_R1_001,popVar,popVar_Control,Control
3073293_NPK_22_B_73_S346_L002_R1_001,popVar,popVar_Control,Control
3073294_NPK_22_B_85_S357_L002_R1_001,popVar,popVar_Control,Control
3073295_NPK_22_B_86_S368_L002_R1_001,popVar,popVar_Control,Control
3073296_NPK_22_B_12_S288_L002_R1_001,popVar,popVar_Control,Control
3073297_NPK_22_B_24_S299_L002_R1_001,popVar,popVar_Control,Control
3073298_NPK_22_B_36_S311_L002_R1_001,popVar,popVar_Control,Control
3073299_NPK_22_B_48_S323_L002_R1_001,popVar,popVar_Control,Control
3073300_NPK_22_B_60_S335_L002_R1_001,popVar,popVar_Control,Control
3073304_NPK_22_B_97_S369_L002_R1_001,popVar,popVar_Control,Control
3073305_NPK_22_B_112_S381_L002_R1_001,popVar,popVar_Control,Control
3073306_NPK_22_B_125_S393_L002_R1_001,popVar,popVar_Control,Control
3073307_NPK_22_B_137_S405_L002_R1_001,popVar,popVar_Control,Control
3073308_NPK_22_A_150_S417_L002_R1_001,popVar,popVar_Control,Control
3073309_NPK_22_A_162_S428_L002_R1_001,popVar,popVar_Control,Control
3073310_NPK_22_B_174_S439_L002_R1_001,popVar,popVar_Control,Control
3073311_NPK_22_B_186_S450_L002_R1_001,popVar,popVar_Control,Control
3073312_NPK_22_A_98_S370_L002_R1_001,popVar,popVar_Control,Control
3073313_NPK_22_B_113_S382_L002_R1_001,popVar,popVar_Control,Control
3073314_NPK_22_B_126_S394_L002_R1_001,popVar,popVar_Control,Control
3073315_NPK_22_A_138_S406_L002_R1_001,popVar,popVar_Control,Control
3073317_NPK_22_A_163_S429_L002_R1_001,popVar,popVar_Control,Control
3073318_NPK_22_B_175_S440_L002_R1_001,popVar,popVar_Control,Control
3073319_NPK_22_A_187_S451_L002_R1_001,popVar,popVar_Control,Control
3073320_NPK_22_B_99_S371_L002_R1_001,popVar,popVar_Control,Control
3073321_NPK_22_B_114_S383_L002_R1_001,popVar,popVar_Control,Control
3073322_NPK_22_B_127_S395_L002_R1_001,popVar,popVar_Control,Control
3073323_NPK_22_B_139_S407_L002_R1_001,popVar,popVar_Control,Control
3073324_NPK_22_B_152_S418_L002_R1_001,popVar,popVar_Control,Control
3073325_NPK_22_B_164_S430_L002_R1_001,popVar,popVar_Control,Control
3073326_NPK_22_B_176_S441_L002_R1_001,popVar,popVar_Control,Control
3073327_NPK_22_B_188_S452_L002_R1_001,popVar,popVar_Control,Control
3073328_NPK_22_B_101_S372_L002_R1_001,popVar,popVar_Control,Control
3073329_NPK_22_B_115_S384_L002_R1_001,popVar,popVar_Control,Control
3073330_NPK_22_B_128_S396_L002_R1_001,popVar,popVar_Control,Control
3073331_NPK_22_B_140_S408_L002_R1_001,popVar,popVar_Control,Control
3073332_NPK_22_B_153_S419_L002_R1_001,popVar,popVar_Control,Control
3073333_NPK_22_A_165_S431_L002_R1_001,popVar,popVar_Control,Control
3073334_NPK_22_B_177_S442_L002_R1_001,popVar,popVar_Control,Control
3073335_NPK_22_B_189_S453_L002_R1_001,popVar,popVar_Control,Control
3073336_NPK_22_B_102_S373_L002_R1_001,popVar,popVar_Control,Control
3073337_NPK_22_B_116_S385_L002_R1_001,popVar,popVar_Control,Control
3073338_NPK_22_B_129_S397_L002_R1_001,popVar,popVar_Control,Control
3073339_NPK_22_B_141_S409_L002_R1_001,popVar,popVar_Control,Control
3073340_NPK_22_B_154_S420_L002_R1_001,popVar,popVar_Control,Control
3073341_NPK_22_A_166_S432_L002_R1_001,popVar,popVar_Control,Control
3073342_NPK_22_B_178_S443_L002_R1_001,popVar,popVar_Control,Control
3073343_NPK_22_A_190_S454_L002_R1_001,popVar,popVar_Control,Control
3073344_NPK_22_B_105_S374_L002_R1_001,popVar,popVar_Control,Control
3073345_NPK_22_B_117_S386_L002_R1_001,popVar,popVar_Control,Control
3073346_NPK_22_B_130_S398_L002_R1_001,popVar,popVar_Control,Control
3073347_NPK_22_B_142_S410_L002_R1_001,popVar,popVar_Control,Control
3073348_NPK_22_B_155_S421_L002_R1_001,popVar,popVar_Control,Control
3073349_NPK_22_B_167_S433_L002_R1_001,popVar,popVar_Control,Control
3073350_NPK_22_B_179_S444_L002_R1_001,popVar,popVar_Control,Control
3073351_NPK_22_B_191_S455_L002_R1_001,popVar,popVar_Control,Control
3073352_NPK_22_B_106_S375_L002_R1_001,popVar,popVar_Control,Control
3073353_NPK_22_B_118_S387_L002_R1_001,popVar,popVar_Control,Control
3073354_NPK_22_B_131_S399_L002_R1_001,popVar,popVar_Control,Control
3073355_NPK_22_B_143_S411_L002_R1_001,popVar,popVar_Control,Control
3073356_NPK_22_B_156_S422_L002_R1_001,popVar,popVar_Control,Control
3073357_NPK_22_B_168_S434_L002_R1_001,popVar,popVar_Control,Control
3073358_NPK_22_B_180_S445_L002_R1_001,popVar,popVar_Control,Control
3073359_NPK_22_B_192_S456_L002_R1_001,popVar,popVar_Control,Control
3073360_NPK_22_B_107_S376_L002_R1_001,popVar,popVar_Control,Control
3073361_NPK_22_B_119_S388_L002_R1_001,popVar,popVar_Control,Control
3073362_NPK_22_B_132_S400_L002_R1_001,popVar,popVar_Control,Control
3073363_NPK_22_B_144_S412_L002_R1_001,popVar,popVar_Control,Control
3073364_NPK_22_B_157_S423_L002_R1_001,popVar,popVar_Control,Control
3073365_NPK_22_A_169_S435_L002_R1_001,popVar,popVar_Control,Control
3073366_NPK_22_B_181_S446_L002_R1_001,popVar,popVar_Control,Control
3073367_NPK_22_B_151_S457_L002_R1_001,popVar,popVar_Control,Control
3073368_NPK_22_A_108_S377_L002_R1_001,popVar,popVar_Control,Control
3073369_NPK_22_B_121_S389_L002_R1_001,popVar,popVar_Control,Control
3073370_NPK_22_B_133_S401_L002_R1_001,popVar,popVar_Control,Control
3073371_NPK_22_B_145_S413_L002_R1_001,popVar,popVar_Control,Control
3073372_NPK_22_B_158_S424_L002_R1_001,popVar,popVar_Control,Control
3073373_NPK_22_B_170_S436_L002_R1_001,popVar,popVar_Control,Control
3073374_NPK_22_B_182_S447_L002_R1_001,popVar,popVar_Control,Control
3073375_NPK_22_A_173_S458_L002_R1_001,popVar,popVar_Control,Control
3073376_NPK_22_B_109_S378_L002_R1_001,popVar,popVar_Control,Control
3073377_NPK_22_B_122_S390_L002_R1_001,popVar,popVar_Control,Control
3073378_NPK_22_A_134_S402_L002_R1_001,popVar,popVar_Control,Control
3073379_NPK_22_B_146_S414_L002_R1_001,popVar,popVar_Control,Control
3073380_NPK_22_B_159_S425_L002_R1_001,popVar,popVar_Control,Control
3073381_NPK_22_B_171_S437_L002_R1_001,popVar,popVar_Control,Control
3073382_NPK_22_B_183_S448_L002_R1_001,popVar,popVar_Control,Control
3073383_NPK_22_B_185_S459_L002_R1_001,popVar,popVar_Control,Control
3073384_NPK_22_B_110_S379_L002_R1_001,popVar,popVar_Control,Control
3073385_NPK_22_B_123_S391_L002_R1_001,popVar,popVar_Control,Control
3073386_NPK_22_B_135_S403_L002_R1_001,popVar,popVar_Control,Control
3073387_NPK_22_A_147_S415_L002_R1_001,popVar,popVar_Control,Control
3073388_NPK_22_B_160_S426_L002_R1_001,popVar,popVar_Control,Control
3073389_NPK_22_B_172_S438_L002_R1_001,popVar,popVar_Control,Control
3073390_NPK_22_B_184_S449_L002_R1_001,popVar,popVar_Control,Control
3073391_NPK_22_B_74_S460_L002_R1_001,popVar,popVar_Control,Control
3073392_NPK_22_B_111_S380_L002_R1_001,popVar,popVar_Control,Control
3073393_NPK_22_B_124_S392_L002_R1_001,popVar,popVar_Control,Control
3073394_NPK_22_B_136_S404_L002_R1_001,popVar,popVar_Control,Control
3073395_NPK_22_B_149_S416_L002_R1_001,popVar,popVar_Control,Control
3073396_NPK_22_B_161_S427_L002_R1_001,popVar,popVar_Control,Control
3073400_NPK_22_B_193_S461_L002_R1_001,popVar,popVar_Control,Control
3073401_NPK_22_B_205_S473_L002_R1_001,popVar,popVar_Control,Control
3073402_NPK_22_B_217_S485_L002_R1_001,popVar,popVar_Control,Control
3073403_NPK_22_B_229_S497_L002_R1_001,popVar,popVar_Control,Control
3073404_NPK_22_B_243_S509_L002_R1_001,popVar,popVar_Control,Control
3073405_NPK_22_B_256_S521_L002_R1_001,popVar,popVar_Control,Control
3073406_NPK_22_B_269_S531_L002_R1_001,popVar,popVar_Control,Control
3073407_NPK_22_B_284_S542_L002_R1_001,popVar,popVar_Control,Control
3073408_NPK_22_B_194_S462_L002_R1_001,popVar,popVar_Control,Control
3073409_NPK_22_B_206_S474_L002_R1_001,popVar,popVar_Control,Control
3073410_NPK_22_A_218_S486_L002_R1_001,popVar,popVar_Control,Control
3073411_NPK_22_B_232_S498_L002_R1_001,popVar,popVar_Control,Control
3073412_NPK_22_B_244_S510_L002_R1_001,popVar,popVar_Control,Control
3073413_NPK_22_B_257_S522_L002_R1_001,popVar,popVar_Control,Control
3073414_NPK_22_B_270_S532_L002_R1_001,popVar,popVar_Control,Control
3073415_NPK_22_B_285_S543_L002_R1_001,popVar,popVar_Control,Control
3073416_NPK_22_B_195_S463_L002_R1_001,popVar,popVar_Control,Control
3073417_NPK_22_B_207_S475_L002_R1_001,popVar,popVar_Control,Control
3073418_NPK_22_B_219_S487_L002_R1_001,popVar,popVar_Control,Control
3073419_NPK_22_B_233_S499_L002_R1_001,popVar,popVar_Control,Control
3073420_NPK_22_B_245_S511_L002_R1_001,popVar,popVar_Control,Control
3073421_NPK_22_B_258_S523_L002_R1_001,popVar,popVar_Control,Control
3073422_NPK_22_B_271_S533_L002_R1_001,popVar,popVar_Control,Control
3073423_NPK_22_B_286_S544_L002_R1_001,popVar,popVar_Control,Control
3073424_NPK_22_B_196_S464_L002_R1_001,popVar,popVar_Control,Control
3073425_NPK_22_B_208_S476_L002_R1_001,popVar,popVar_Control,Control
3073426_NPK_22_A_220_S488_L002_R1_001,popVar,popVar_Control,Control
3073427_NPK_22_B_234_S500_L002_R1_001,popVar,popVar_Control,Control
3073428_NPK_22_B_247_S512_L002_R1_001,popVar,popVar_Control,Control
3073429_NPK_22_B_259_S524_L002_R1_001,popVar,popVar_Control,Control
3073430_NPK_22_B_272_S534_L002_R1_001,popVar,popVar_Control,Control
3073431_NPK_22_B_287_S545_L002_R1_001,popVar,popVar_Control,Control
3073432_NPK_22_B_197_S465_L002_R1_001,popVar,popVar_Control,Control
3073433_NPK_22_A_209_S477_L002_R1_001,popVar,popVar_Control,Control
3073434_NPK_22_B_221_S489_L002_R1_001,popVar,popVar_Control,Control
3073435_NPK_22_B_235_S501_L002_R1_001,popVar,popVar_Control,Control
3073436_NPK_22_B_248_S513_L002_R1_001,popVar,popVar_Control,Control
3073437_NPK_22_B_260_S525_L002_R1_001,popVar,popVar_Control,Control
3073438_NPK_22_B_273_S535_L002_R1_001,popVar,popVar_Control,Control
3073439_NPK_22_B_288_S546_L002_R1_001,popVar,popVar_Control,Control
3073440_NPK_22_B_198_S466_L002_R1_001,popVar,popVar_Control,Control
3073441_NPK_22_B_210_S478_L002_R1_001,popVar,popVar_Control,Control
3073442_NPK_22_B_222_S490_L002_R1_001,popVar,popVar_Control,Control
3073443_NPK_22_B_236_S502_L002_R1_001,popVar,popVar_Control,Control
3073444_NPK_22_B_249_S514_L002_R1_001,popVar,popVar_Control,Control
3073446_NPK_22_B_274_S536_L002_R1_001,popVar,popVar_Control,Control
3073448_NPK_22_B_199_S467_L002_R1_001,popVar,popVar_Control,Control
3073449_NPK_22_B_211_S479_L002_R1_001,popVar,popVar_Control,Control
3073450_NPK_22_B_223_S491_L002_R1_001,popVar,popVar_Control,Control
3073451_NPK_22_B_237_S503_L002_R1_001,popVar,popVar_Control,Control
3073452_NPK_22_B_250_S515_L002_R1_001,popVar,popVar_Control,Control
3073453_NPK_22_B_262_S526_L002_R1_001,popVar,popVar_Control,Control
3073454_NPK_22_B_275_S537_L002_R1_001,popVar,popVar_Control,Control
3073456_NPK_22_B_200_S468_L002_R1_001,popVar,popVar_Control,Control
3073457_NPK_22_B_212_S480_L002_R1_001,popVar,popVar_Control,Control
3073458_NPK_22_B_224_S492_L002_R1_001,popVar,popVar_Control,Control
3073459_NPK_22_B_238_S504_L002_R1_001,popVar,popVar_Control,Control
3073460_NPK_22_B_251_S516_L002_R1_001,popVar,popVar_Control,Control
3073461_NPK_22_B_264_S527_L002_R1_001,popVar,popVar_Control,Control
3073462_NPK_22_B_278_S538_L002_R1_001,popVar,popVar_Control,Control
3073464_NPK_22_B_201_S469_L002_R1_001,popVar,popVar_Control,Control
3073465_NPK_22_A_213_S481_L002_R1_001,popVar,popVar_Control,Control
3073466_NPK_22_B_225_S493_L002_R1_001,popVar,popVar_Control,Control
3073467_NPK_22_B_239_S505_L002_R1_001,popVar,popVar_Control,Control
3073468_NPK_22_B_252_S517_L002_R1_001,popVar,popVar_Control,Control
3073469_NPK_22_B_265_S528_L002_R1_001,popVar,popVar_Control,Control
3073470_NPK_22_B_279_S539_L002_R1_001,popVar,popVar_Control,Control
3073472_NPK_22_A_202_S470_L002_R1_001,popVar,popVar_Control,Control
3073473_NPK_22_B_214_S482_L002_R1_001,popVar,popVar_Control,Control
3073474_NPK_22_B_226_S494_L002_R1_001,popVar,popVar_Control,Control
3073475_NPK_22_B_240_S506_L002_R1_001,popVar,popVar_Control,Control
3073476_NPK_22_B_253_S518_L002_R1_001,popVar,popVar_Control,Control
3073477_NPK_22_B_266_S529_L002_R1_001,popVar,popVar_Control,Control
3073478_NPK_22_B_280_S540_L002_R1_001,popVar,popVar_Control,Control
3073480_NPK_22_B_203_S471_L002_R1_001,popVar,popVar_Control,Control
3073481_NPK_22_B_215_S483_L002_R1_001,popVar,popVar_Control,Control
3073482_NPK_22_B_227_S495_L002_R1_001,popVar,popVar_Control,Control
3073483_NPK_22_B_241_S507_L002_R1_001,popVar,popVar_Control,Control
3073484_NPK_22_B_254_S519_L002_R1_001,popVar,popVar_Control,Control
3073485_NPK_22_B_267_S530_L002_R1_001,popVar,popVar_Control,Control
3073486_NPK_22_B_281_S541_L002_R1_001,popVar,popVar_Control,Control
3073488_NPK_22_B_204_S472_L002_R1_001,popVar,popVar_Control,Control
3073489_NPK_22_B_216_S484_L002_R1_001,popVar,popVar_Control,Control
3073490_NPK_22_B_228_S496_L002_R1_001,popVar,popVar_Control,Control
3073492_NPK_22_B_255_S520_L002_R1_001,popVar,popVar_Control,Control
